0 (1024) read 0x20000
1 (1024) read 0x20400
2 (1024) read 0x20800
3 (1024) read 0x20C00
4 (1024) read 0x40000
5 (1024) read 0x40400
6 (1024) read 0x40800
7 (1024) read 0x40C00
8 (1024) read 0x60000
9 (1024) read 0x60400
10 (1024) read 0x60800
11 (1024) read 0x60C00
12 (1024) read 0x80000
13 (1024) read 0x80400
14 (1024) read 0x80800
15 (1024) read 0x80C00
16 (1024) read 0x21000
17 (1024) read 0x21400
18 (1024) read 0x21800
19 (1024) read 0x21C00
20 (1024) read 0x41000
21 (1024) read 0x41400
22 (1024) read 0x41800
23 (1024) read 0x41C00
24 (1024) read 0x61000
25 (1024) read 0x61400
26 (1024) read 0x61800
27 (1024) read 0x61C00
28 (1024) read 0x81000
29 (1024) read 0x81400
30 (1024) read 0x81800
31 (1024) read 0x81C00
32 (1024) read 0x22000
33 (1024) read 0x22400
34 (1024) read 0x22800
35 (1024) read 0x22C00
36 (1024) read 0x42000
37 (1024) read 0x42400
38 (1024) read 0x42800
39 (1024) read 0x42C00
40 (1024) read 0x62000
41 (1024) read 0x62400
42 (1024) read 0x62800
43 (1024) read 0x62C00
44 (1024) read 0x82000
45 (1024) read 0x82400
46 (1024) read 0x82800
47 (1024) read 0x82C00
48 (1024) read 0x23000
49 (1024) read 0x23400
50 (1024) read 0x23800
51 (1024) read 0x23C00
52 (1024) read 0x43000
53 (1024) read 0x43400
54 (1024) read 0x43800
55 (1024) read 0x43C00
56 (1024) read 0x63000
57 (1024) read 0x63400
58 (1024) read 0x63800
59 (1024) read 0x63C00
60 (1024) read 0x83000
61 (1024) read 0x83400
62 (1024) read 0x83800
63 (1024) read 0x83C00
64 (1024) read 0x24000
65 (1024) read 0x24400
66 (1024) read 0x24800
67 (1024) read 0x24C00
68 (1024) read 0x44000
69 (1024) read 0x44400
70 (1024) read 0x44800
71 (1024) read 0x44C00
72 (1024) read 0x64000
73 (1024) read 0x64400
74 (1024) read 0x64800
75 (1024) read 0x64C00
76 (1024) read 0x84000
77 (1024) read 0x84400
78 (1024) read 0x84800
79 (1024) read 0x84C00
80 (1024) read 0x25000
81 (1024) read 0x25400
82 (1024) read 0x25800
83 (1024) read 0x25C00
84 (1024) read 0x45000
85 (1024) read 0x45400
86 (1024) read 0x45800
87 (1024) read 0x45C00
88 (1024) read 0x65000
89 (1024) read 0x65400
90 (1024) read 0x65800
91 (1024) read 0x65C00
92 (1024) read 0x85000
93 (1024) read 0x85400
94 (1024) read 0x85800
95 (1024) read 0x85C00
96 (1024) read 0x26000
97 (1024) read 0x26400
98 (1024) read 0x26800
99 (1024) read 0x26C00
100 (1024) read 0x46000
101 (1024) read 0x46400
102 (1024) read 0x46800
103 (1024) read 0x46C00
104 (1024) read 0x66000
105 (1024) read 0x66400
106 (1024) read 0x66800
107 (1024) read 0x66C00
108 (1024) read 0x86000
109 (1024) read 0x86400
110 (1024) read 0x86800
111 (1024) read 0x86C00
112 (1024) read 0x27000
113 (1024) read 0x27400
114 (1024) read 0x27800
115 (1024) read 0x27C00
116 (1024) read 0x47000
117 (1024) read 0x47400
118 (1024) read 0x47800
119 (1024) read 0x47C00
120 (1024) read 0x67000
121 (1024) read 0x67400
122 (1024) read 0x67800
123 (1024) read 0x67C00
124 (1024) read 0x87000
125 (1024) read 0x87400
126 (1024) read 0x87800
127 (1024) read 0x87C00
128 (1024) read 0x28000
129 (1024) read 0x28400
130 (1024) read 0x28800
131 (1024) read 0x28C00
132 (1024) read 0x48000
133 (1024) read 0x48400
134 (1024) read 0x48800
135 (1024) read 0x48C00
136 (1024) read 0x68000
137 (1024) read 0x68400
138 (1024) read 0x68800
139 (1024) read 0x68C00
140 (1024) read 0x88000
141 (1024) read 0x88400
142 (1024) read 0x88800
143 (1024) read 0x88C00
144 (1024) read 0x29000
145 (1024) read 0x29400
146 (1024) read 0x29800
147 (1024) read 0x29C00
148 (1024) read 0x49000
149 (1024) read 0x49400
150 (1024) read 0x49800
151 (1024) read 0x49C00
152 (1024) read 0x69000
153 (1024) read 0x69400
154 (1024) read 0x69800
155 (1024) read 0x69C00
156 (1024) read 0x89000
157 (1024) read 0x89400
158 (1024) read 0x89800
159 (1024) read 0x89C00
160 (1024) read 0x2A000
161 (1024) read 0x2A400
162 (1024) read 0x2A800
163 (1024) read 0x2AC00
164 (1024) read 0x4A000
165 (1024) read 0x4A400
166 (1024) read 0x4A800
167 (1024) read 0x4AC00
168 (1024) read 0x6A000
169 (1024) read 0x6A400
170 (1024) read 0x6A800
171 (1024) read 0x6AC00
172 (1024) read 0x8A000
173 (1024) read 0x8A400
174 (1024) read 0x8A800
175 (1024) read 0x8AC00
176 (1024) read 0x2B000
177 (1024) read 0x2B400
178 (1024) read 0x2B800
179 (1024) read 0x2BC00
180 (1024) read 0x4B000
181 (1024) read 0x4B400
182 (1024) read 0x4B800
183 (1024) read 0x4BC00
184 (1024) read 0x6B000
185 (1024) read 0x6B400
186 (1024) read 0x6B800
187 (1024) read 0x6BC00
188 (1024) read 0x8B000
189 (1024) read 0x8B400
190 (1024) read 0x8B800
191 (1024) read 0x8BC00
192 (1024) read 0x2C000
193 (1024) read 0x2C400
194 (1024) read 0x2C800
195 (1024) read 0x2CC00
196 (1024) read 0x4C000
197 (1024) read 0x4C400
198 (1024) read 0x4C800
199 (1024) read 0x4CC00
200 (1024) read 0x6C000
201 (1024) read 0x6C400
202 (1024) read 0x6C800
203 (1024) read 0x6CC00
204 (1024) read 0x8C000
205 (1024) read 0x8C400
206 (1024) read 0x8C800
207 (1024) read 0x8CC00
208 (1024) read 0x2D000
209 (1024) read 0x2D400
210 (1024) read 0x2D800
211 (1024) read 0x2DC00
212 (1024) read 0x4D000
213 (1024) read 0x4D400
214 (1024) read 0x4D800
215 (1024) read 0x4DC00
216 (1024) read 0x6D000
217 (1024) read 0x6D400
218 (1024) read 0x6D800
219 (1024) read 0x6DC00
220 (1024) read 0x8D000
221 (1024) read 0x8D400
222 (1024) read 0x8D800
223 (1024) read 0x8DC00
224 (1024) read 0x2E000
225 (1024) read 0x2E400
226 (1024) read 0x2E800
227 (1024) read 0x2EC00
228 (1024) read 0x4E000
229 (1024) read 0x4E400
230 (1024) read 0x4E800
231 (1024) read 0x4EC00
232 (1024) read 0x6E000
233 (1024) read 0x6E400
234 (1024) read 0x6E800
235 (1024) read 0x6EC00
236 (1024) read 0x8E000
237 (1024) read 0x8E400
238 (1024) read 0x8E800
239 (1024) read 0x8EC00
240 (1024) read 0x2F000
241 (1024) read 0x2F400
242 (1024) read 0x2F800
243 (1024) read 0x2FC00
244 (1024) read 0x4F000
245 (1024) read 0x4F400
246 (1024) read 0x4F800
247 (1024) read 0x4FC00
248 (1024) read 0x6F000
249 (1024) read 0x6F400
250 (1024) read 0x6F800
251 (1024) read 0x6FC00
252 (1024) read 0x8F000
253 (1024) read 0x8F400
254 (1024) read 0x8F800
255 (1024) read 0x8FC00
256 (1024) read 0x30000
257 (1024) read 0x30400
258 (1024) read 0x30800
259 (1024) read 0x30C00
260 (1024) read 0x50000
261 (1024) read 0x50400
262 (1024) read 0x50800
263 (1024) read 0x50C00
264 (1024) read 0x70000
265 (1024) read 0x70400
266 (1024) read 0x70800
267 (1024) read 0x70C00
268 (1024) read 0x90000
269 (1024) read 0x90400
270 (1024) read 0x90800
271 (1024) read 0x90C00
272 (1024) read 0x31000
273 (1024) read 0x31400
274 (1024) read 0x31800
275 (1024) read 0x31C00
276 (1024) read 0x51000
277 (1024) read 0x51400
278 (1024) read 0x51800
279 (1024) read 0x51C00
280 (1024) read 0x71000
281 (1024) read 0x71400
282 (1024) read 0x71800
283 (1024) read 0x71C00
284 (1024) read 0x91000
285 (1024) read 0x91400
286 (1024) read 0x91800
287 (1024) read 0x91C00
288 (1024) read 0x32000
289 (1024) read 0x32400
290 (1024) read 0x32800
291 (1024) read 0x32C00
292 (1024) read 0x52000
293 (1024) read 0x52400
294 (1024) read 0x52800
295 (1024) read 0x52C00
296 (1024) read 0x72000
297 (1024) read 0x72400
298 (1024) read 0x72800
299 (1024) read 0x72C00
300 (1024) read 0x92000
301 (1024) read 0x92400
302 (1024) read 0x92800
303 (1024) read 0x92C00
304 (1024) read 0x33000
305 (1024) read 0x33400
306 (1024) read 0x33800
307 (1024) read 0x33C00
308 (1024) read 0x53000
309 (1024) read 0x53400
310 (1024) read 0x53800
311 (1024) read 0x53C00
312 (1024) read 0x73000
313 (1024) read 0x73400
314 (1024) read 0x73800
315 (1024) read 0x73C00
316 (1024) read 0x93000
317 (1024) read 0x93400
318 (1024) read 0x93800
319 (1024) read 0x93C00
320 (1024) read 0x34000
321 (1024) read 0x34400
322 (1024) read 0x34800
323 (1024) read 0x34C00
324 (1024) read 0x54000
325 (1024) read 0x54400
326 (1024) read 0x54800
327 (1024) read 0x54C00
328 (1024) read 0x74000
329 (1024) read 0x74400
330 (1024) read 0x74800
331 (1024) read 0x74C00
332 (1024) read 0x94000
333 (1024) read 0x94400
334 (1024) read 0x94800
335 (1024) read 0x94C00
336 (1024) read 0x35000
337 (1024) read 0x35400
338 (1024) read 0x35800
339 (1024) read 0x35C00
340 (1024) read 0x55000
341 (1024) read 0x55400
342 (1024) read 0x55800
343 (1024) read 0x55C00
344 (1024) read 0x75000
345 (1024) read 0x75400
346 (1024) read 0x75800
347 (1024) read 0x75C00
348 (1024) read 0x95000
349 (1024) read 0x95400
350 (1024) read 0x95800
351 (1024) read 0x95C00
352 (1024) read 0x36000
353 (1024) read 0x36400
354 (1024) read 0x36800
355 (1024) read 0x36C00
356 (1024) read 0x56000
357 (1024) read 0x56400
358 (1024) read 0x56800
359 (1024) read 0x56C00
360 (1024) read 0x76000
361 (1024) read 0x76400
362 (1024) read 0x76800
363 (1024) read 0x76C00
364 (1024) read 0x96000
365 (1024) read 0x96400
366 (1024) read 0x96800
367 (1024) read 0x96C00
368 (1024) read 0x37000
369 (1024) read 0x37400
370 (1024) read 0x37800
371 (1024) read 0x37C00
372 (1024) read 0x57000
373 (1024) read 0x57400
374 (1024) read 0x57800
375 (1024) read 0x57C00
376 (1024) read 0x77000
377 (1024) read 0x77400
378 (1024) read 0x77800
379 (1024) read 0x77C00
380 (1024) read 0x97000
381 (1024) read 0x97400
382 (1024) read 0x97800
383 (1024) read 0x97C00
384 (1024) read 0x38000
385 (1024) read 0x38400
386 (1024) read 0x38800
387 (1024) read 0x38C00
388 (1024) read 0x58000
389 (1024) read 0x58400
390 (1024) read 0x58800
391 (1024) read 0x58C00
392 (1024) read 0x78000
393 (1024) read 0x78400
394 (1024) read 0x78800
395 (1024) read 0x78C00
396 (1024) read 0x98000
397 (1024) read 0x98400
398 (1024) read 0x98800
399 (1024) read 0x98C00
400 (1024) read 0x39000
401 (1024) read 0x39400
402 (1024) read 0x39800
403 (1024) read 0x39C00
404 (1024) read 0x59000
405 (1024) read 0x59400
406 (1024) read 0x59800
407 (1024) read 0x59C00
408 (1024) read 0x79000
409 (1024) read 0x79400
410 (1024) read 0x79800
411 (1024) read 0x79C00
412 (1024) read 0x99000
413 (1024) read 0x99400
414 (1024) read 0x99800
415 (1024) read 0x99C00
416 (1024) read 0x3A000
417 (1024) read 0x3A400
418 (1024) read 0x3A800
419 (1024) read 0x3AC00
420 (1024) read 0x5A000
421 (1024) read 0x5A400
422 (1024) read 0x5A800
423 (1024) read 0x5AC00
424 (1024) read 0x7A000
425 (1024) read 0x7A400
426 (1024) read 0x7A800
427 (1024) read 0x7AC00
428 (1024) read 0x9A000
429 (1024) read 0x9A400
430 (1024) read 0x9A800
431 (1024) read 0x9AC00
432 (1024) read 0x3B000
433 (1024) read 0x3B400
434 (1024) read 0x3B800
435 (1024) read 0x3BC00
436 (1024) read 0x5B000
437 (1024) read 0x5B400
438 (1024) read 0x5B800
439 (1024) read 0x5BC00
440 (1024) read 0x7B000
441 (1024) read 0x7B400
442 (1024) read 0x7B800
443 (1024) read 0x7BC00
444 (1024) read 0x9B000
445 (1024) read 0x9B400
446 (1024) read 0x9B800
447 (1024) read 0x9BC00
448 (1024) read 0x3C000
449 (1024) read 0x3C400
450 (1024) read 0x3C800
451 (1024) read 0x3CC00
452 (1024) read 0x5C000
453 (1024) read 0x5C400
454 (1024) read 0x5C800
455 (1024) read 0x5CC00
456 (1024) read 0x7C000
457 (1024) read 0x7C400
458 (1024) read 0x7C800
459 (1024) read 0x7CC00
460 (1024) read 0x9C000
461 (1024) read 0x9C400
462 (1024) read 0x9C800
463 (1024) read 0x9CC00
464 (1024) read 0x3D000
465 (1024) read 0x3D400
466 (1024) read 0x3D800
467 (1024) read 0x3DC00
468 (1024) read 0x5D000
469 (1024) read 0x5D400
470 (1024) read 0x5D800
471 (1024) read 0x5DC00
472 (1024) read 0x7D000
473 (1024) read 0x7D400
474 (1024) read 0x7D800
475 (1024) read 0x7DC00
476 (1024) read 0x9D000
477 (1024) read 0x9D400
478 (1024) read 0x9D800
479 (1024) read 0x9DC00
480 (1024) read 0x3E000
481 (1024) read 0x3E400
482 (1024) read 0x3E800
483 (1024) read 0x3EC00
484 (1024) read 0x5E000
485 (1024) read 0x5E400
486 (1024) read 0x5E800
487 (1024) read 0x5EC00
488 (1024) read 0x7E000
489 (1024) read 0x7E400
490 (1024) read 0x7E800
491 (1024) read 0x7EC00
492 (1024) read 0x9E000
493 (1024) read 0x9E400
494 (1024) read 0x9E800
495 (1024) read 0x9EC00
496 (1024) read 0x3F000
497 (1024) read 0x3F400
498 (1024) read 0x3F800
499 (1024) read 0x3FC00
500 (1024) read 0x5F000
501 (1024) read 0x5F400
502 (1024) read 0x5F800
503 (1024) read 0x5FC00
504 (1024) read 0x7F000
505 (1024) read 0x7F400
506 (1024) read 0x7F800
507 (1024) read 0x7FC00
508 (1024) read 0x9F000
509 (1024) read 0x9F400
510 (1024) read 0x9F800
511 (1024) read 0x9FC00
512 (1024) read 0x40000
513 (1024) read 0x40400
514 (1024) read 0x40800
515 (1024) read 0x40C00
516 (1024) read 0x60000
517 (1024) read 0x60400
518 (1024) read 0x60800
519 (1024) read 0x60C00
520 (1024) read 0x80000
521 (1024) read 0x80400
522 (1024) read 0x80800
523 (1024) read 0x80C00
524 (1024) read 0xA0000
525 (1024) read 0xA0400
526 (1024) read 0xA0800
527 (1024) read 0xA0C00
528 (1024) read 0x41000
529 (1024) read 0x41400
530 (1024) read 0x41800
531 (1024) read 0x41C00
532 (1024) read 0x61000
533 (1024) read 0x61400
534 (1024) read 0x61800
535 (1024) read 0x61C00
536 (1024) read 0x81000
537 (1024) read 0x81400
538 (1024) read 0x81800
539 (1024) read 0x81C00
540 (1024) read 0xA1000
541 (1024) read 0xA1400
542 (1024) read 0xA1800
543 (1024) read 0xA1C00
544 (1024) read 0x42000
545 (1024) read 0x42400
546 (1024) read 0x42800
547 (1024) read 0x42C00
548 (1024) read 0x62000
549 (1024) read 0x62400
550 (1024) read 0x62800
551 (1024) read 0x62C00
552 (1024) read 0x82000
553 (1024) read 0x82400
554 (1024) read 0x82800
555 (1024) read 0x82C00
556 (1024) read 0xA2000
557 (1024) read 0xA2400
558 (1024) read 0xA2800
559 (1024) read 0xA2C00
560 (1024) read 0x43000
561 (1024) read 0x43400
562 (1024) read 0x43800
563 (1024) read 0x43C00
564 (1024) read 0x63000
565 (1024) read 0x63400
566 (1024) read 0x63800
567 (1024) read 0x63C00
568 (1024) read 0x83000
569 (1024) read 0x83400
570 (1024) read 0x83800
571 (1024) read 0x83C00
572 (1024) read 0xA3000
573 (1024) read 0xA3400
574 (1024) read 0xA3800
575 (1024) read 0xA3C00
576 (1024) read 0x44000
577 (1024) read 0x44400
578 (1024) read 0x44800
579 (1024) read 0x44C00
580 (1024) read 0x64000
581 (1024) read 0x64400
582 (1024) read 0x64800
583 (1024) read 0x64C00
584 (1024) read 0x84000
585 (1024) read 0x84400
586 (1024) read 0x84800
587 (1024) read 0x84C00
588 (1024) read 0xA4000
589 (1024) read 0xA4400
590 (1024) read 0xA4800
591 (1024) read 0xA4C00
592 (1024) read 0x45000
593 (1024) read 0x45400
594 (1024) read 0x45800
595 (1024) read 0x45C00
596 (1024) read 0x65000
597 (1024) read 0x65400
598 (1024) read 0x65800
599 (1024) read 0x65C00
600 (1024) read 0x85000
601 (1024) read 0x85400
602 (1024) read 0x85800
603 (1024) read 0x85C00
604 (1024) read 0xA5000
605 (1024) read 0xA5400
606 (1024) read 0xA5800
607 (1024) read 0xA5C00
608 (1024) read 0x46000
609 (1024) read 0x46400
610 (1024) read 0x46800
611 (1024) read 0x46C00
612 (1024) read 0x66000
613 (1024) read 0x66400
614 (1024) read 0x66800
615 (1024) read 0x66C00
616 (1024) read 0x86000
617 (1024) read 0x86400
618 (1024) read 0x86800
619 (1024) read 0x86C00
620 (1024) read 0xA6000
621 (1024) read 0xA6400
622 (1024) read 0xA6800
623 (1024) read 0xA6C00
624 (1024) read 0x47000
625 (1024) read 0x47400
626 (1024) read 0x47800
627 (1024) read 0x47C00
628 (1024) read 0x67000
629 (1024) read 0x67400
630 (1024) read 0x67800
631 (1024) read 0x67C00
632 (1024) read 0x87000
633 (1024) read 0x87400
634 (1024) read 0x87800
635 (1024) read 0x87C00
636 (1024) read 0xA7000
637 (1024) read 0xA7400
638 (1024) read 0xA7800
639 (1024) read 0xA7C00
640 (1024) read 0x48000
641 (1024) read 0x48400
642 (1024) read 0x48800
643 (1024) read 0x48C00
644 (1024) read 0x68000
645 (1024) read 0x68400
646 (1024) read 0x68800
647 (1024) read 0x68C00
648 (1024) read 0x88000
649 (1024) read 0x88400
650 (1024) read 0x88800
651 (1024) read 0x88C00
652 (1024) read 0xA8000
653 (1024) read 0xA8400
654 (1024) read 0xA8800
655 (1024) read 0xA8C00
656 (1024) read 0x49000
657 (1024) read 0x49400
658 (1024) read 0x49800
659 (1024) read 0x49C00
660 (1024) read 0x69000
661 (1024) read 0x69400
662 (1024) read 0x69800
663 (1024) read 0x69C00
664 (1024) read 0x89000
665 (1024) read 0x89400
666 (1024) read 0x89800
667 (1024) read 0x89C00
668 (1024) read 0xA9000
669 (1024) read 0xA9400
670 (1024) read 0xA9800
671 (1024) read 0xA9C00
672 (1024) read 0x4A000
673 (1024) read 0x4A400
674 (1024) read 0x4A800
675 (1024) read 0x4AC00
676 (1024) read 0x6A000
677 (1024) read 0x6A400
678 (1024) read 0x6A800
679 (1024) read 0x6AC00
680 (1024) read 0x8A000
681 (1024) read 0x8A400
682 (1024) read 0x8A800
683 (1024) read 0x8AC00
684 (1024) read 0xAA000
685 (1024) read 0xAA400
686 (1024) read 0xAA800
687 (1024) read 0xAAC00
688 (1024) read 0x4B000
689 (1024) read 0x4B400
690 (1024) read 0x4B800
691 (1024) read 0x4BC00
692 (1024) read 0x6B000
693 (1024) read 0x6B400
694 (1024) read 0x6B800
695 (1024) read 0x6BC00
696 (1024) read 0x8B000
697 (1024) read 0x8B400
698 (1024) read 0x8B800
699 (1024) read 0x8BC00
700 (1024) read 0xAB000
701 (1024) read 0xAB400
702 (1024) read 0xAB800
703 (1024) read 0xABC00
704 (1024) read 0x4C000
705 (1024) read 0x4C400
706 (1024) read 0x4C800
707 (1024) read 0x4CC00
708 (1024) read 0x6C000
709 (1024) read 0x6C400
710 (1024) read 0x6C800
711 (1024) read 0x6CC00
712 (1024) read 0x8C000
713 (1024) read 0x8C400
714 (1024) read 0x8C800
715 (1024) read 0x8CC00
716 (1024) read 0xAC000
717 (1024) read 0xAC400
718 (1024) read 0xAC800
719 (1024) read 0xACC00
720 (1024) read 0x4D000
721 (1024) read 0x4D400
722 (1024) read 0x4D800
723 (1024) read 0x4DC00
724 (1024) read 0x6D000
725 (1024) read 0x6D400
726 (1024) read 0x6D800
727 (1024) read 0x6DC00
728 (1024) read 0x8D000
729 (1024) read 0x8D400
730 (1024) read 0x8D800
731 (1024) read 0x8DC00
732 (1024) read 0xAD000
733 (1024) read 0xAD400
734 (1024) read 0xAD800
735 (1024) read 0xADC00
736 (1024) read 0x4E000
737 (1024) read 0x4E400
738 (1024) read 0x4E800
739 (1024) read 0x4EC00
740 (1024) read 0x6E000
741 (1024) read 0x6E400
742 (1024) read 0x6E800
743 (1024) read 0x6EC00
744 (1024) read 0x8E000
745 (1024) read 0x8E400
746 (1024) read 0x8E800
747 (1024) read 0x8EC00
748 (1024) read 0xAE000
749 (1024) read 0xAE400
750 (1024) read 0xAE800
751 (1024) read 0xAEC00
752 (1024) read 0x4F000
753 (1024) read 0x4F400
754 (1024) read 0x4F800
755 (1024) read 0x4FC00
756 (1024) read 0x6F000
757 (1024) read 0x6F400
758 (1024) read 0x6F800
759 (1024) read 0x6FC00
760 (1024) read 0x8F000
761 (1024) read 0x8F400
762 (1024) read 0x8F800
763 (1024) read 0x8FC00
764 (1024) read 0xAF000
765 (1024) read 0xAF400
766 (1024) read 0xAF800
767 (1024) read 0xAFC00
768 (1024) read 0x50000
769 (1024) read 0x50400
770 (1024) read 0x50800
771 (1024) read 0x50C00
772 (1024) read 0x70000
773 (1024) read 0x70400
774 (1024) read 0x70800
775 (1024) read 0x70C00
776 (1024) read 0x90000
777 (1024) read 0x90400
778 (1024) read 0x90800
779 (1024) read 0x90C00
780 (1024) read 0xB0000
781 (1024) read 0xB0400
782 (1024) read 0xB0800
783 (1024) read 0xB0C00
784 (1024) read 0x51000
785 (1024) read 0x51400
786 (1024) read 0x51800
787 (1024) read 0x51C00
788 (1024) read 0x71000
789 (1024) read 0x71400
790 (1024) read 0x71800
791 (1024) read 0x71C00
792 (1024) read 0x91000
793 (1024) read 0x91400
794 (1024) read 0x91800
795 (1024) read 0x91C00
796 (1024) read 0xB1000
797 (1024) read 0xB1400
798 (1024) read 0xB1800
799 (1024) read 0xB1C00
800 (1024) read 0x52000
801 (1024) read 0x52400
802 (1024) read 0x52800
803 (1024) read 0x52C00
804 (1024) read 0x72000
805 (1024) read 0x72400
806 (1024) read 0x72800
807 (1024) read 0x72C00
808 (1024) read 0x92000
809 (1024) read 0x92400
810 (1024) read 0x92800
811 (1024) read 0x92C00
812 (1024) read 0xB2000
813 (1024) read 0xB2400
814 (1024) read 0xB2800
815 (1024) read 0xB2C00
816 (1024) read 0x53000
817 (1024) read 0x53400
818 (1024) read 0x53800
819 (1024) read 0x53C00
820 (1024) read 0x73000
821 (1024) read 0x73400
822 (1024) read 0x73800
823 (1024) read 0x73C00
824 (1024) read 0x93000
825 (1024) read 0x93400
826 (1024) read 0x93800
827 (1024) read 0x93C00
828 (1024) read 0xB3000
829 (1024) read 0xB3400
830 (1024) read 0xB3800
831 (1024) read 0xB3C00
832 (1024) read 0x54000
833 (1024) read 0x54400
834 (1024) read 0x54800
835 (1024) read 0x54C00
836 (1024) read 0x74000
837 (1024) read 0x74400
838 (1024) read 0x74800
839 (1024) read 0x74C00
840 (1024) read 0x94000
841 (1024) read 0x94400
842 (1024) read 0x94800
843 (1024) read 0x94C00
844 (1024) read 0xB4000
845 (1024) read 0xB4400
846 (1024) read 0xB4800
847 (1024) read 0xB4C00
848 (1024) read 0x55000
849 (1024) read 0x55400
850 (1024) read 0x55800
851 (1024) read 0x55C00
852 (1024) read 0x75000
853 (1024) read 0x75400
854 (1024) read 0x75800
855 (1024) read 0x75C00
856 (1024) read 0x95000
857 (1024) read 0x95400
858 (1024) read 0x95800
859 (1024) read 0x95C00
860 (1024) read 0xB5000
861 (1024) read 0xB5400
862 (1024) read 0xB5800
863 (1024) read 0xB5C00
864 (1024) read 0x56000
865 (1024) read 0x56400
866 (1024) read 0x56800
867 (1024) read 0x56C00
868 (1024) read 0x76000
869 (1024) read 0x76400
870 (1024) read 0x76800
871 (1024) read 0x76C00
872 (1024) read 0x96000
873 (1024) read 0x96400
874 (1024) read 0x96800
875 (1024) read 0x96C00
876 (1024) read 0xB6000
877 (1024) read 0xB6400
878 (1024) read 0xB6800
879 (1024) read 0xB6C00
880 (1024) read 0x57000
881 (1024) read 0x57400
882 (1024) read 0x57800
883 (1024) read 0x57C00
884 (1024) read 0x77000
885 (1024) read 0x77400
886 (1024) read 0x77800
887 (1024) read 0x77C00
888 (1024) read 0x97000
889 (1024) read 0x97400
890 (1024) read 0x97800
891 (1024) read 0x97C00
892 (1024) read 0xB7000
893 (1024) read 0xB7400
894 (1024) read 0xB7800
895 (1024) read 0xB7C00
896 (1024) read 0x58000
897 (1024) read 0x58400
898 (1024) read 0x58800
899 (1024) read 0x58C00
900 (1024) read 0x78000
901 (1024) read 0x78400
902 (1024) read 0x78800
903 (1024) read 0x78C00
904 (1024) read 0x98000
905 (1024) read 0x98400
906 (1024) read 0x98800
907 (1024) read 0x98C00
908 (1024) read 0xB8000
909 (1024) read 0xB8400
910 (1024) read 0xB8800
911 (1024) read 0xB8C00
912 (1024) read 0x59000
913 (1024) read 0x59400
914 (1024) read 0x59800
915 (1024) read 0x59C00
916 (1024) read 0x79000
917 (1024) read 0x79400
918 (1024) read 0x79800
919 (1024) read 0x79C00
920 (1024) read 0x99000
921 (1024) read 0x99400
922 (1024) read 0x99800
923 (1024) read 0x99C00
924 (1024) read 0xB9000
925 (1024) read 0xB9400
926 (1024) read 0xB9800
927 (1024) read 0xB9C00
928 (1024) read 0x5A000
929 (1024) read 0x5A400
930 (1024) read 0x5A800
931 (1024) read 0x5AC00
932 (1024) read 0x7A000
933 (1024) read 0x7A400
934 (1024) read 0x7A800
935 (1024) read 0x7AC00
936 (1024) read 0x9A000
937 (1024) read 0x9A400
938 (1024) read 0x9A800
939 (1024) read 0x9AC00
940 (1024) read 0xBA000
941 (1024) read 0xBA400
942 (1024) read 0xBA800
943 (1024) read 0xBAC00
944 (1024) read 0x5B000
945 (1024) read 0x5B400
946 (1024) read 0x5B800
947 (1024) read 0x5BC00
948 (1024) read 0x7B000
949 (1024) read 0x7B400
950 (1024) read 0x7B800
951 (1024) read 0x7BC00
952 (1024) read 0x9B000
953 (1024) read 0x9B400
954 (1024) read 0x9B800
955 (1024) read 0x9BC00
956 (1024) read 0xBB000
957 (1024) read 0xBB400
958 (1024) read 0xBB800
959 (1024) read 0xBBC00
960 (1024) read 0x5C000
961 (1024) read 0x5C400
962 (1024) read 0x5C800
963 (1024) read 0x5CC00
964 (1024) read 0x7C000
965 (1024) read 0x7C400
966 (1024) read 0x7C800
967 (1024) read 0x7CC00
968 (1024) read 0x9C000
969 (1024) read 0x9C400
970 (1024) read 0x9C800
971 (1024) read 0x9CC00
972 (1024) read 0xBC000
973 (1024) read 0xBC400
974 (1024) read 0xBC800
975 (1024) read 0xBCC00
976 (1024) read 0x5D000
977 (1024) read 0x5D400
978 (1024) read 0x5D800
979 (1024) read 0x5DC00
980 (1024) read 0x7D000
981 (1024) read 0x7D400
982 (1024) read 0x7D800
983 (1024) read 0x7DC00
984 (1024) read 0x9D000
985 (1024) read 0x9D400
986 (1024) read 0x9D800
987 (1024) read 0x9DC00
988 (1024) read 0xBD000
989 (1024) read 0xBD400
990 (1024) read 0xBD800
991 (1024) read 0xBDC00
992 (1024) read 0x5E000
993 (1024) read 0x5E400
994 (1024) read 0x5E800
995 (1024) read 0x5EC00
996 (1024) read 0x7E000
997 (1024) read 0x7E400
998 (1024) read 0x7E800
999 (1024) read 0x7EC00
1000 (1024) read 0x9E000
1001 (1024) read 0x9E400
1002 (1024) read 0x9E800
1003 (1024) read 0x9EC00
1004 (1024) read 0xBE000
1005 (1024) read 0xBE400
1006 (1024) read 0xBE800
1007 (1024) read 0xBEC00
1008 (1024) read 0x5F000
1009 (1024) read 0x5F400
1010 (1024) read 0x5F800
1011 (1024) read 0x5FC00
1012 (1024) read 0x7F000
1013 (1024) read 0x7F400
1014 (1024) read 0x7F800
1015 (1024) read 0x7FC00
1016 (1024) read 0x9F000
1017 (1024) read 0x9F400
1018 (1024) read 0x9F800
1019 (1024) read 0x9FC00
1020 (1024) read 0xBF000
1021 (1024) read 0xBF400
1022 (1024) read 0xBF800
1023 (1024) read 0xBFC00
1024 (1024) read 0x60000
1025 (1024) read 0x60400
1026 (1024) read 0x60800
1027 (1024) read 0x60C00
1028 (1024) read 0x80000
1029 (1024) read 0x80400
1030 (1024) read 0x80800
1031 (1024) read 0x80C00
1032 (1024) read 0xA0000
1033 (1024) read 0xA0400
1034 (1024) read 0xA0800
1035 (1024) read 0xA0C00
1036 (1024) read 0xC0000
1037 (1024) read 0xC0400
1038 (1024) read 0xC0800
1039 (1024) read 0xC0C00
1040 (1024) read 0x61000
1041 (1024) read 0x61400
1042 (1024) read 0x61800
1043 (1024) read 0x61C00
1044 (1024) read 0x81000
1045 (1024) read 0x81400
1046 (1024) read 0x81800
1047 (1024) read 0x81C00
1048 (1024) read 0xA1000
1049 (1024) read 0xA1400
1050 (1024) read 0xA1800
1051 (1024) read 0xA1C00
1052 (1024) read 0xC1000
1053 (1024) read 0xC1400
1054 (1024) read 0xC1800
1055 (1024) read 0xC1C00
1056 (1024) read 0x62000
1057 (1024) read 0x62400
1058 (1024) read 0x62800
1059 (1024) read 0x62C00
1060 (1024) read 0x82000
1061 (1024) read 0x82400
1062 (1024) read 0x82800
1063 (1024) read 0x82C00
1064 (1024) read 0xA2000
1065 (1024) read 0xA2400
1066 (1024) read 0xA2800
1067 (1024) read 0xA2C00
1068 (1024) read 0xC2000
1069 (1024) read 0xC2400
1070 (1024) read 0xC2800
1071 (1024) read 0xC2C00
1072 (1024) read 0x63000
1073 (1024) read 0x63400
1074 (1024) read 0x63800
1075 (1024) read 0x63C00
1076 (1024) read 0x83000
1077 (1024) read 0x83400
1078 (1024) read 0x83800
1079 (1024) read 0x83C00
1080 (1024) read 0xA3000
1081 (1024) read 0xA3400
1082 (1024) read 0xA3800
1083 (1024) read 0xA3C00
1084 (1024) read 0xC3000
1085 (1024) read 0xC3400
1086 (1024) read 0xC3800
1087 (1024) read 0xC3C00
1088 (1024) read 0x64000
1089 (1024) read 0x64400
1090 (1024) read 0x64800
1091 (1024) read 0x64C00
1092 (1024) read 0x84000
1093 (1024) read 0x84400
1094 (1024) read 0x84800
1095 (1024) read 0x84C00
1096 (1024) read 0xA4000
1097 (1024) read 0xA4400
1098 (1024) read 0xA4800
1099 (1024) read 0xA4C00
1100 (1024) read 0xC4000
1101 (1024) read 0xC4400
1102 (1024) read 0xC4800
1103 (1024) read 0xC4C00
1104 (1024) read 0x65000
1105 (1024) read 0x65400
1106 (1024) read 0x65800
1107 (1024) read 0x65C00
1108 (1024) read 0x85000
1109 (1024) read 0x85400
1110 (1024) read 0x85800
1111 (1024) read 0x85C00
1112 (1024) read 0xA5000
1113 (1024) read 0xA5400
1114 (1024) read 0xA5800
1115 (1024) read 0xA5C00
1116 (1024) read 0xC5000
1117 (1024) read 0xC5400
1118 (1024) read 0xC5800
1119 (1024) read 0xC5C00
1120 (1024) read 0x66000
1121 (1024) read 0x66400
1122 (1024) read 0x66800
1123 (1024) read 0x66C00
1124 (1024) read 0x86000
1125 (1024) read 0x86400
1126 (1024) read 0x86800
1127 (1024) read 0x86C00
1128 (1024) read 0xA6000
1129 (1024) read 0xA6400
1130 (1024) read 0xA6800
1131 (1024) read 0xA6C00
1132 (1024) read 0xC6000
1133 (1024) read 0xC6400
1134 (1024) read 0xC6800
1135 (1024) read 0xC6C00
1136 (1024) read 0x67000
1137 (1024) read 0x67400
1138 (1024) read 0x67800
1139 (1024) read 0x67C00
1140 (1024) read 0x87000
1141 (1024) read 0x87400
1142 (1024) read 0x87800
1143 (1024) read 0x87C00
1144 (1024) read 0xA7000
1145 (1024) read 0xA7400
1146 (1024) read 0xA7800
1147 (1024) read 0xA7C00
1148 (1024) read 0xC7000
1149 (1024) read 0xC7400
1150 (1024) read 0xC7800
1151 (1024) read 0xC7C00
1152 (1024) read 0x68000
1153 (1024) read 0x68400
1154 (1024) read 0x68800
1155 (1024) read 0x68C00
1156 (1024) read 0x88000
1157 (1024) read 0x88400
1158 (1024) read 0x88800
1159 (1024) read 0x88C00
1160 (1024) read 0xA8000
1161 (1024) read 0xA8400
1162 (1024) read 0xA8800
1163 (1024) read 0xA8C00
1164 (1024) read 0xC8000
1165 (1024) read 0xC8400
1166 (1024) read 0xC8800
1167 (1024) read 0xC8C00
1168 (1024) read 0x69000
1169 (1024) read 0x69400
1170 (1024) read 0x69800
1171 (1024) read 0x69C00
1172 (1024) read 0x89000
1173 (1024) read 0x89400
1174 (1024) read 0x89800
1175 (1024) read 0x89C00
1176 (1024) read 0xA9000
1177 (1024) read 0xA9400
1178 (1024) read 0xA9800
1179 (1024) read 0xA9C00
1180 (1024) read 0xC9000
1181 (1024) read 0xC9400
1182 (1024) read 0xC9800
1183 (1024) read 0xC9C00
1184 (1024) read 0x6A000
1185 (1024) read 0x6A400
1186 (1024) read 0x6A800
1187 (1024) read 0x6AC00
1188 (1024) read 0x8A000
1189 (1024) read 0x8A400
1190 (1024) read 0x8A800
1191 (1024) read 0x8AC00
1192 (1024) read 0xAA000
1193 (1024) read 0xAA400
1194 (1024) read 0xAA800
1195 (1024) read 0xAAC00
1196 (1024) read 0xCA000
1197 (1024) read 0xCA400
1198 (1024) read 0xCA800
1199 (1024) read 0xCAC00
1200 (1024) read 0x6B000
1201 (1024) read 0x6B400
1202 (1024) read 0x6B800
1203 (1024) read 0x6BC00
1204 (1024) read 0x8B000
1205 (1024) read 0x8B400
1206 (1024) read 0x8B800
1207 (1024) read 0x8BC00
1208 (1024) read 0xAB000
1209 (1024) read 0xAB400
1210 (1024) read 0xAB800
1211 (1024) read 0xABC00
1212 (1024) read 0xCB000
1213 (1024) read 0xCB400
1214 (1024) read 0xCB800
1215 (1024) read 0xCBC00
1216 (1024) read 0x6C000
1217 (1024) read 0x6C400
1218 (1024) read 0x6C800
1219 (1024) read 0x6CC00
1220 (1024) read 0x8C000
1221 (1024) read 0x8C400
1222 (1024) read 0x8C800
1223 (1024) read 0x8CC00
1224 (1024) read 0xAC000
1225 (1024) read 0xAC400
1226 (1024) read 0xAC800
1227 (1024) read 0xACC00
1228 (1024) read 0xCC000
1229 (1024) read 0xCC400
1230 (1024) read 0xCC800
1231 (1024) read 0xCCC00
1232 (1024) read 0x6D000
1233 (1024) read 0x6D400
1234 (1024) read 0x6D800
1235 (1024) read 0x6DC00
1236 (1024) read 0x8D000
1237 (1024) read 0x8D400
1238 (1024) read 0x8D800
1239 (1024) read 0x8DC00
1240 (1024) read 0xAD000
1241 (1024) read 0xAD400
1242 (1024) read 0xAD800
1243 (1024) read 0xADC00
1244 (1024) read 0xCD000
1245 (1024) read 0xCD400
1246 (1024) read 0xCD800
1247 (1024) read 0xCDC00
1248 (1024) read 0x6E000
1249 (1024) read 0x6E400
1250 (1024) read 0x6E800
1251 (1024) read 0x6EC00
1252 (1024) read 0x8E000
1253 (1024) read 0x8E400
1254 (1024) read 0x8E800
1255 (1024) read 0x8EC00
1256 (1024) read 0xAE000
1257 (1024) read 0xAE400
1258 (1024) read 0xAE800
1259 (1024) read 0xAEC00
1260 (1024) read 0xCE000
1261 (1024) read 0xCE400
1262 (1024) read 0xCE800
1263 (1024) read 0xCEC00
1264 (1024) read 0x6F000
1265 (1024) read 0x6F400
1266 (1024) read 0x6F800
1267 (1024) read 0x6FC00
1268 (1024) read 0x8F000
1269 (1024) read 0x8F400
1270 (1024) read 0x8F800
1271 (1024) read 0x8FC00
1272 (1024) read 0xAF000
1273 (1024) read 0xAF400
1274 (1024) read 0xAF800
1275 (1024) read 0xAFC00
1276 (1024) read 0xCF000
1277 (1024) read 0xCF400
1278 (1024) read 0xCF800
1279 (1024) read 0xCFC00
1280 (1024) read 0x70000
1281 (1024) read 0x70400
1282 (1024) read 0x70800
1283 (1024) read 0x70C00
1284 (1024) read 0x90000
1285 (1024) read 0x90400
1286 (1024) read 0x90800
1287 (1024) read 0x90C00
1288 (1024) read 0xB0000
1289 (1024) read 0xB0400
1290 (1024) read 0xB0800
1291 (1024) read 0xB0C00
1292 (1024) read 0xD0000
1293 (1024) read 0xD0400
1294 (1024) read 0xD0800
1295 (1024) read 0xD0C00
1296 (1024) read 0x71000
1297 (1024) read 0x71400
1298 (1024) read 0x71800
1299 (1024) read 0x71C00
1300 (1024) read 0x91000
1301 (1024) read 0x91400
1302 (1024) read 0x91800
1303 (1024) read 0x91C00
1304 (1024) read 0xB1000
1305 (1024) read 0xB1400
1306 (1024) read 0xB1800
1307 (1024) read 0xB1C00
1308 (1024) read 0xD1000
1309 (1024) read 0xD1400
1310 (1024) read 0xD1800
1311 (1024) read 0xD1C00
1312 (1024) read 0x72000
1313 (1024) read 0x72400
1314 (1024) read 0x72800
1315 (1024) read 0x72C00
1316 (1024) read 0x92000
1317 (1024) read 0x92400
1318 (1024) read 0x92800
1319 (1024) read 0x92C00
1320 (1024) read 0xB2000
1321 (1024) read 0xB2400
1322 (1024) read 0xB2800
1323 (1024) read 0xB2C00
1324 (1024) read 0xD2000
1325 (1024) read 0xD2400
1326 (1024) read 0xD2800
1327 (1024) read 0xD2C00
1328 (1024) read 0x73000
1329 (1024) read 0x73400
1330 (1024) read 0x73800
1331 (1024) read 0x73C00
1332 (1024) read 0x93000
1333 (1024) read 0x93400
1334 (1024) read 0x93800
1335 (1024) read 0x93C00
1336 (1024) read 0xB3000
1337 (1024) read 0xB3400
1338 (1024) read 0xB3800
1339 (1024) read 0xB3C00
1340 (1024) read 0xD3000
1341 (1024) read 0xD3400
1342 (1024) read 0xD3800
1343 (1024) read 0xD3C00
1344 (1024) read 0x74000
1345 (1024) read 0x74400
1346 (1024) read 0x74800
1347 (1024) read 0x74C00
1348 (1024) read 0x94000
1349 (1024) read 0x94400
1350 (1024) read 0x94800
1351 (1024) read 0x94C00
1352 (1024) read 0xB4000
1353 (1024) read 0xB4400
1354 (1024) read 0xB4800
1355 (1024) read 0xB4C00
1356 (1024) read 0xD4000
1357 (1024) read 0xD4400
1358 (1024) read 0xD4800
1359 (1024) read 0xD4C00
1360 (1024) read 0x75000
1361 (1024) read 0x75400
1362 (1024) read 0x75800
1363 (1024) read 0x75C00
1364 (1024) read 0x95000
1365 (1024) read 0x95400
1366 (1024) read 0x95800
1367 (1024) read 0x95C00
1368 (1024) read 0xB5000
1369 (1024) read 0xB5400
1370 (1024) read 0xB5800
1371 (1024) read 0xB5C00
1372 (1024) read 0xD5000
1373 (1024) read 0xD5400
1374 (1024) read 0xD5800
1375 (1024) read 0xD5C00
1376 (1024) read 0x76000
1377 (1024) read 0x76400
1378 (1024) read 0x76800
1379 (1024) read 0x76C00
1380 (1024) read 0x96000
1381 (1024) read 0x96400
1382 (1024) read 0x96800
1383 (1024) read 0x96C00
1384 (1024) read 0xB6000
1385 (1024) read 0xB6400
1386 (1024) read 0xB6800
1387 (1024) read 0xB6C00
1388 (1024) read 0xD6000
1389 (1024) read 0xD6400
1390 (1024) read 0xD6800
1391 (1024) read 0xD6C00
1392 (1024) read 0x77000
1393 (1024) read 0x77400
1394 (1024) read 0x77800
1395 (1024) read 0x77C00
1396 (1024) read 0x97000
1397 (1024) read 0x97400
1398 (1024) read 0x97800
1399 (1024) read 0x97C00
1400 (1024) read 0xB7000
1401 (1024) read 0xB7400
1402 (1024) read 0xB7800
1403 (1024) read 0xB7C00
1404 (1024) read 0xD7000
1405 (1024) read 0xD7400
1406 (1024) read 0xD7800
1407 (1024) read 0xD7C00
1408 (1024) read 0x78000
1409 (1024) read 0x78400
1410 (1024) read 0x78800
1411 (1024) read 0x78C00
1412 (1024) read 0x98000
1413 (1024) read 0x98400
1414 (1024) read 0x98800
1415 (1024) read 0x98C00
1416 (1024) read 0xB8000
1417 (1024) read 0xB8400
1418 (1024) read 0xB8800
1419 (1024) read 0xB8C00
1420 (1024) read 0xD8000
1421 (1024) read 0xD8400
1422 (1024) read 0xD8800
1423 (1024) read 0xD8C00
1424 (1024) read 0x79000
1425 (1024) read 0x79400
1426 (1024) read 0x79800
1427 (1024) read 0x79C00
1428 (1024) read 0x99000
1429 (1024) read 0x99400
1430 (1024) read 0x99800
1431 (1024) read 0x99C00
1432 (1024) read 0xB9000
1433 (1024) read 0xB9400
1434 (1024) read 0xB9800
1435 (1024) read 0xB9C00
1436 (1024) read 0xD9000
1437 (1024) read 0xD9400
1438 (1024) read 0xD9800
1439 (1024) read 0xD9C00
1440 (1024) read 0x7A000
1441 (1024) read 0x7A400
1442 (1024) read 0x7A800
1443 (1024) read 0x7AC00
1444 (1024) read 0x9A000
1445 (1024) read 0x9A400
1446 (1024) read 0x9A800
1447 (1024) read 0x9AC00
1448 (1024) read 0xBA000
1449 (1024) read 0xBA400
1450 (1024) read 0xBA800
1451 (1024) read 0xBAC00
1452 (1024) read 0xDA000
1453 (1024) read 0xDA400
1454 (1024) read 0xDA800
1455 (1024) read 0xDAC00
1456 (1024) read 0x7B000
1457 (1024) read 0x7B400
1458 (1024) read 0x7B800
1459 (1024) read 0x7BC00
1460 (1024) read 0x9B000
1461 (1024) read 0x9B400
1462 (1024) read 0x9B800
1463 (1024) read 0x9BC00
1464 (1024) read 0xBB000
1465 (1024) read 0xBB400
1466 (1024) read 0xBB800
1467 (1024) read 0xBBC00
1468 (1024) read 0xDB000
1469 (1024) read 0xDB400
1470 (1024) read 0xDB800
1471 (1024) read 0xDBC00
1472 (1024) read 0x7C000
1473 (1024) read 0x7C400
1474 (1024) read 0x7C800
1475 (1024) read 0x7CC00
1476 (1024) read 0x9C000
1477 (1024) read 0x9C400
1478 (1024) read 0x9C800
1479 (1024) read 0x9CC00
1480 (1024) read 0xBC000
1481 (1024) read 0xBC400
1482 (1024) read 0xBC800
1483 (1024) read 0xBCC00
1484 (1024) read 0xDC000
1485 (1024) read 0xDC400
1486 (1024) read 0xDC800
1487 (1024) read 0xDCC00
1488 (1024) read 0x7D000
1489 (1024) read 0x7D400
1490 (1024) read 0x7D800
1491 (1024) read 0x7DC00
1492 (1024) read 0x9D000
1493 (1024) read 0x9D400
1494 (1024) read 0x9D800
1495 (1024) read 0x9DC00
1496 (1024) read 0xBD000
1497 (1024) read 0xBD400
1498 (1024) read 0xBD800
1499 (1024) read 0xBDC00
1500 (1024) read 0xDD000
1501 (1024) read 0xDD400
1502 (1024) read 0xDD800
1503 (1024) read 0xDDC00
1504 (1024) read 0x7E000
1505 (1024) read 0x7E400
1506 (1024) read 0x7E800
1507 (1024) read 0x7EC00
1508 (1024) read 0x9E000
1509 (1024) read 0x9E400
1510 (1024) read 0x9E800
1511 (1024) read 0x9EC00
1512 (1024) read 0xBE000
1513 (1024) read 0xBE400
1514 (1024) read 0xBE800
1515 (1024) read 0xBEC00
1516 (1024) read 0xDE000
1517 (1024) read 0xDE400
1518 (1024) read 0xDE800
1519 (1024) read 0xDEC00
1520 (1024) read 0x7F000
1521 (1024) read 0x7F400
1522 (1024) read 0x7F800
1523 (1024) read 0x7FC00
1524 (1024) read 0x9F000
1525 (1024) read 0x9F400
1526 (1024) read 0x9F800
1527 (1024) read 0x9FC00
1528 (1024) read 0xBF000
1529 (1024) read 0xBF400
1530 (1024) read 0xBF800
1531 (1024) read 0xBFC00
1532 (1024) read 0xDF000
1533 (1024) read 0xDF400
1534 (1024) read 0xDF800
1535 (1024) read 0xDFC00
1536 (1024) read 0x80000
1537 (1024) read 0x80400
1538 (1024) read 0x80800
1539 (1024) read 0x80C00
1540 (1024) read 0xA0000
1541 (1024) read 0xA0400
1542 (1024) read 0xA0800
1543 (1024) read 0xA0C00
1544 (1024) read 0xC0000
1545 (1024) read 0xC0400
1546 (1024) read 0xC0800
1547 (1024) read 0xC0C00
1548 (1024) read 0xE0000
1549 (1024) read 0xE0400
1550 (1024) read 0xE0800
1551 (1024) read 0xE0C00
1552 (1024) read 0x81000
1553 (1024) read 0x81400
1554 (1024) read 0x81800
1555 (1024) read 0x81C00
1556 (1024) read 0xA1000
1557 (1024) read 0xA1400
1558 (1024) read 0xA1800
1559 (1024) read 0xA1C00
1560 (1024) read 0xC1000
1561 (1024) read 0xC1400
1562 (1024) read 0xC1800
1563 (1024) read 0xC1C00
1564 (1024) read 0xE1000
1565 (1024) read 0xE1400
1566 (1024) read 0xE1800
1567 (1024) read 0xE1C00
1568 (1024) read 0x82000
1569 (1024) read 0x82400
1570 (1024) read 0x82800
1571 (1024) read 0x82C00
1572 (1024) read 0xA2000
1573 (1024) read 0xA2400
1574 (1024) read 0xA2800
1575 (1024) read 0xA2C00
1576 (1024) read 0xC2000
1577 (1024) read 0xC2400
1578 (1024) read 0xC2800
1579 (1024) read 0xC2C00
1580 (1024) read 0xE2000
1581 (1024) read 0xE2400
1582 (1024) read 0xE2800
1583 (1024) read 0xE2C00
1584 (1024) read 0x83000
1585 (1024) read 0x83400
1586 (1024) read 0x83800
1587 (1024) read 0x83C00
1588 (1024) read 0xA3000
1589 (1024) read 0xA3400
1590 (1024) read 0xA3800
1591 (1024) read 0xA3C00
1592 (1024) read 0xC3000
1593 (1024) read 0xC3400
1594 (1024) read 0xC3800
1595 (1024) read 0xC3C00
1596 (1024) read 0xE3000
1597 (1024) read 0xE3400
1598 (1024) read 0xE3800
1599 (1024) read 0xE3C00
1600 (1024) read 0x84000
1601 (1024) read 0x84400
1602 (1024) read 0x84800
1603 (1024) read 0x84C00
1604 (1024) read 0xA4000
1605 (1024) read 0xA4400
1606 (1024) read 0xA4800
1607 (1024) read 0xA4C00
1608 (1024) read 0xC4000
1609 (1024) read 0xC4400
1610 (1024) read 0xC4800
1611 (1024) read 0xC4C00
1612 (1024) read 0xE4000
1613 (1024) read 0xE4400
1614 (1024) read 0xE4800
1615 (1024) read 0xE4C00
1616 (1024) read 0x85000
1617 (1024) read 0x85400
1618 (1024) read 0x85800
1619 (1024) read 0x85C00
1620 (1024) read 0xA5000
1621 (1024) read 0xA5400
1622 (1024) read 0xA5800
1623 (1024) read 0xA5C00
1624 (1024) read 0xC5000
1625 (1024) read 0xC5400
1626 (1024) read 0xC5800
1627 (1024) read 0xC5C00
1628 (1024) read 0xE5000
1629 (1024) read 0xE5400
1630 (1024) read 0xE5800
1631 (1024) read 0xE5C00
1632 (1024) read 0x86000
1633 (1024) read 0x86400
1634 (1024) read 0x86800
1635 (1024) read 0x86C00
1636 (1024) read 0xA6000
1637 (1024) read 0xA6400
1638 (1024) read 0xA6800
1639 (1024) read 0xA6C00
1640 (1024) read 0xC6000
1641 (1024) read 0xC6400
1642 (1024) read 0xC6800
1643 (1024) read 0xC6C00
1644 (1024) read 0xE6000
1645 (1024) read 0xE6400
1646 (1024) read 0xE6800
1647 (1024) read 0xE6C00
1648 (1024) read 0x87000
1649 (1024) read 0x87400
1650 (1024) read 0x87800
1651 (1024) read 0x87C00
1652 (1024) read 0xA7000
1653 (1024) read 0xA7400
1654 (1024) read 0xA7800
1655 (1024) read 0xA7C00
1656 (1024) read 0xC7000
1657 (1024) read 0xC7400
1658 (1024) read 0xC7800
1659 (1024) read 0xC7C00
1660 (1024) read 0xE7000
1661 (1024) read 0xE7400
1662 (1024) read 0xE7800
1663 (1024) read 0xE7C00
1664 (1024) read 0x88000
1665 (1024) read 0x88400
1666 (1024) read 0x88800
1667 (1024) read 0x88C00
1668 (1024) read 0xA8000
1669 (1024) read 0xA8400
1670 (1024) read 0xA8800
1671 (1024) read 0xA8C00
1672 (1024) read 0xC8000
1673 (1024) read 0xC8400
1674 (1024) read 0xC8800
1675 (1024) read 0xC8C00
1676 (1024) read 0xE8000
1677 (1024) read 0xE8400
1678 (1024) read 0xE8800
1679 (1024) read 0xE8C00
1680 (1024) read 0x89000
1681 (1024) read 0x89400
1682 (1024) read 0x89800
1683 (1024) read 0x89C00
1684 (1024) read 0xA9000
1685 (1024) read 0xA9400
1686 (1024) read 0xA9800
1687 (1024) read 0xA9C00
1688 (1024) read 0xC9000
1689 (1024) read 0xC9400
1690 (1024) read 0xC9800
1691 (1024) read 0xC9C00
1692 (1024) read 0xE9000
1693 (1024) read 0xE9400
1694 (1024) read 0xE9800
1695 (1024) read 0xE9C00
1696 (1024) read 0x8A000
1697 (1024) read 0x8A400
1698 (1024) read 0x8A800
1699 (1024) read 0x8AC00
1700 (1024) read 0xAA000
1701 (1024) read 0xAA400
1702 (1024) read 0xAA800
1703 (1024) read 0xAAC00
1704 (1024) read 0xCA000
1705 (1024) read 0xCA400
1706 (1024) read 0xCA800
1707 (1024) read 0xCAC00
1708 (1024) read 0xEA000
1709 (1024) read 0xEA400
1710 (1024) read 0xEA800
1711 (1024) read 0xEAC00
1712 (1024) read 0x8B000
1713 (1024) read 0x8B400
1714 (1024) read 0x8B800
1715 (1024) read 0x8BC00
1716 (1024) read 0xAB000
1717 (1024) read 0xAB400
1718 (1024) read 0xAB800
1719 (1024) read 0xABC00
1720 (1024) read 0xCB000
1721 (1024) read 0xCB400
1722 (1024) read 0xCB800
1723 (1024) read 0xCBC00
1724 (1024) read 0xEB000
1725 (1024) read 0xEB400
1726 (1024) read 0xEB800
1727 (1024) read 0xEBC00
1728 (1024) read 0x8C000
1729 (1024) read 0x8C400
1730 (1024) read 0x8C800
1731 (1024) read 0x8CC00
1732 (1024) read 0xAC000
1733 (1024) read 0xAC400
1734 (1024) read 0xAC800
1735 (1024) read 0xACC00
1736 (1024) read 0xCC000
1737 (1024) read 0xCC400
1738 (1024) read 0xCC800
1739 (1024) read 0xCCC00
1740 (1024) read 0xEC000
1741 (1024) read 0xEC400
1742 (1024) read 0xEC800
1743 (1024) read 0xECC00
1744 (1024) read 0x8D000
1745 (1024) read 0x8D400
1746 (1024) read 0x8D800
1747 (1024) read 0x8DC00
1748 (1024) read 0xAD000
1749 (1024) read 0xAD400
1750 (1024) read 0xAD800
1751 (1024) read 0xADC00
1752 (1024) read 0xCD000
1753 (1024) read 0xCD400
1754 (1024) read 0xCD800
1755 (1024) read 0xCDC00
1756 (1024) read 0xED000
1757 (1024) read 0xED400
1758 (1024) read 0xED800
1759 (1024) read 0xEDC00
1760 (1024) read 0x8E000
1761 (1024) read 0x8E400
1762 (1024) read 0x8E800
1763 (1024) read 0x8EC00
1764 (1024) read 0xAE000
1765 (1024) read 0xAE400
1766 (1024) read 0xAE800
1767 (1024) read 0xAEC00
1768 (1024) read 0xCE000
1769 (1024) read 0xCE400
1770 (1024) read 0xCE800
1771 (1024) read 0xCEC00
1772 (1024) read 0xEE000
1773 (1024) read 0xEE400
1774 (1024) read 0xEE800
1775 (1024) read 0xEEC00
1776 (1024) read 0x8F000
1777 (1024) read 0x8F400
1778 (1024) read 0x8F800
1779 (1024) read 0x8FC00
1780 (1024) read 0xAF000
1781 (1024) read 0xAF400
1782 (1024) read 0xAF800
1783 (1024) read 0xAFC00
1784 (1024) read 0xCF000
1785 (1024) read 0xCF400
1786 (1024) read 0xCF800
1787 (1024) read 0xCFC00
1788 (1024) read 0xEF000
1789 (1024) read 0xEF400
1790 (1024) read 0xEF800
1791 (1024) read 0xEFC00
1792 (1024) read 0x90000
1793 (1024) read 0x90400
1794 (1024) read 0x90800
1795 (1024) read 0x90C00
1796 (1024) read 0xB0000
1797 (1024) read 0xB0400
1798 (1024) read 0xB0800
1799 (1024) read 0xB0C00
1800 (1024) read 0xD0000
1801 (1024) read 0xD0400
1802 (1024) read 0xD0800
1803 (1024) read 0xD0C00
1804 (1024) read 0xF0000
1805 (1024) read 0xF0400
1806 (1024) read 0xF0800
1807 (1024) read 0xF0C00
1808 (1024) read 0x91000
1809 (1024) read 0x91400
1810 (1024) read 0x91800
1811 (1024) read 0x91C00
1812 (1024) read 0xB1000
1813 (1024) read 0xB1400
1814 (1024) read 0xB1800
1815 (1024) read 0xB1C00
1816 (1024) read 0xD1000
1817 (1024) read 0xD1400
1818 (1024) read 0xD1800
1819 (1024) read 0xD1C00
1820 (1024) read 0xF1000
1821 (1024) read 0xF1400
1822 (1024) read 0xF1800
1823 (1024) read 0xF1C00
1824 (1024) read 0x92000
1825 (1024) read 0x92400
1826 (1024) read 0x92800
1827 (1024) read 0x92C00
1828 (1024) read 0xB2000
1829 (1024) read 0xB2400
1830 (1024) read 0xB2800
1831 (1024) read 0xB2C00
1832 (1024) read 0xD2000
1833 (1024) read 0xD2400
1834 (1024) read 0xD2800
1835 (1024) read 0xD2C00
1836 (1024) read 0xF2000
1837 (1024) read 0xF2400
1838 (1024) read 0xF2800
1839 (1024) read 0xF2C00
1840 (1024) read 0x93000
1841 (1024) read 0x93400
1842 (1024) read 0x93800
1843 (1024) read 0x93C00
1844 (1024) read 0xB3000
1845 (1024) read 0xB3400
1846 (1024) read 0xB3800
1847 (1024) read 0xB3C00
1848 (1024) read 0xD3000
1849 (1024) read 0xD3400
1850 (1024) read 0xD3800
1851 (1024) read 0xD3C00
1852 (1024) read 0xF3000
1853 (1024) read 0xF3400
1854 (1024) read 0xF3800
1855 (1024) read 0xF3C00
1856 (1024) read 0x94000
1857 (1024) read 0x94400
1858 (1024) read 0x94800
1859 (1024) read 0x94C00
1860 (1024) read 0xB4000
1861 (1024) read 0xB4400
1862 (1024) read 0xB4800
1863 (1024) read 0xB4C00
1864 (1024) read 0xD4000
1865 (1024) read 0xD4400
1866 (1024) read 0xD4800
1867 (1024) read 0xD4C00
1868 (1024) read 0xF4000
1869 (1024) read 0xF4400
1870 (1024) read 0xF4800
1871 (1024) read 0xF4C00
1872 (1024) read 0x95000
1873 (1024) read 0x95400
1874 (1024) read 0x95800
1875 (1024) read 0x95C00
1876 (1024) read 0xB5000
1877 (1024) read 0xB5400
1878 (1024) read 0xB5800
1879 (1024) read 0xB5C00
1880 (1024) read 0xD5000
1881 (1024) read 0xD5400
1882 (1024) read 0xD5800
1883 (1024) read 0xD5C00
1884 (1024) read 0xF5000
1885 (1024) read 0xF5400
1886 (1024) read 0xF5800
1887 (1024) read 0xF5C00
1888 (1024) read 0x96000
1889 (1024) read 0x96400
1890 (1024) read 0x96800
1891 (1024) read 0x96C00
1892 (1024) read 0xB6000
1893 (1024) read 0xB6400
1894 (1024) read 0xB6800
1895 (1024) read 0xB6C00
1896 (1024) read 0xD6000
1897 (1024) read 0xD6400
1898 (1024) read 0xD6800
1899 (1024) read 0xD6C00
1900 (1024) read 0xF6000
1901 (1024) read 0xF6400
1902 (1024) read 0xF6800
1903 (1024) read 0xF6C00
1904 (1024) read 0x97000
1905 (1024) read 0x97400
1906 (1024) read 0x97800
1907 (1024) read 0x97C00
1908 (1024) read 0xB7000
1909 (1024) read 0xB7400
1910 (1024) read 0xB7800
1911 (1024) read 0xB7C00
1912 (1024) read 0xD7000
1913 (1024) read 0xD7400
1914 (1024) read 0xD7800
1915 (1024) read 0xD7C00
1916 (1024) read 0xF7000
1917 (1024) read 0xF7400
1918 (1024) read 0xF7800
1919 (1024) read 0xF7C00
1920 (1024) read 0x98000
1921 (1024) read 0x98400
1922 (1024) read 0x98800
1923 (1024) read 0x98C00
1924 (1024) read 0xB8000
1925 (1024) read 0xB8400
1926 (1024) read 0xB8800
1927 (1024) read 0xB8C00
1928 (1024) read 0xD8000
1929 (1024) read 0xD8400
1930 (1024) read 0xD8800
1931 (1024) read 0xD8C00
1932 (1024) read 0xF8000
1933 (1024) read 0xF8400
1934 (1024) read 0xF8800
1935 (1024) read 0xF8C00
1936 (1024) read 0x99000
1937 (1024) read 0x99400
1938 (1024) read 0x99800
1939 (1024) read 0x99C00
1940 (1024) read 0xB9000
1941 (1024) read 0xB9400
1942 (1024) read 0xB9800
1943 (1024) read 0xB9C00
1944 (1024) read 0xD9000
1945 (1024) read 0xD9400
1946 (1024) read 0xD9800
1947 (1024) read 0xD9C00
1948 (1024) read 0xF9000
1949 (1024) read 0xF9400
1950 (1024) read 0xF9800
1951 (1024) read 0xF9C00
1952 (1024) read 0x9A000
1953 (1024) read 0x9A400
1954 (1024) read 0x9A800
1955 (1024) read 0x9AC00
1956 (1024) read 0xBA000
1957 (1024) read 0xBA400
1958 (1024) read 0xBA800
1959 (1024) read 0xBAC00
1960 (1024) read 0xDA000
1961 (1024) read 0xDA400
1962 (1024) read 0xDA800
1963 (1024) read 0xDAC00
1964 (1024) read 0xFA000
1965 (1024) read 0xFA400
1966 (1024) read 0xFA800
1967 (1024) read 0xFAC00
1968 (1024) read 0x9B000
1969 (1024) read 0x9B400
1970 (1024) read 0x9B800
1971 (1024) read 0x9BC00
1972 (1024) read 0xBB000
1973 (1024) read 0xBB400
1974 (1024) read 0xBB800
1975 (1024) read 0xBBC00
1976 (1024) read 0xDB000
1977 (1024) read 0xDB400
1978 (1024) read 0xDB800
1979 (1024) read 0xDBC00
1980 (1024) read 0xFB000
1981 (1024) read 0xFB400
1982 (1024) read 0xFB800
1983 (1024) read 0xFBC00
1984 (1024) read 0x9C000
1985 (1024) read 0x9C400
1986 (1024) read 0x9C800
1987 (1024) read 0x9CC00
1988 (1024) read 0xBC000
1989 (1024) read 0xBC400
1990 (1024) read 0xBC800
1991 (1024) read 0xBCC00
1992 (1024) read 0xDC000
1993 (1024) read 0xDC400
1994 (1024) read 0xDC800
1995 (1024) read 0xDCC00
1996 (1024) read 0xFC000
1997 (1024) read 0xFC400
1998 (1024) read 0xFC800
1999 (1024) read 0xFCC00
2000 (1024) read 0x9D000
2001 (1024) read 0x9D400
2002 (1024) read 0x9D800
2003 (1024) read 0x9DC00
2004 (1024) read 0xBD000
2005 (1024) read 0xBD400
2006 (1024) read 0xBD800
2007 (1024) read 0xBDC00
2008 (1024) read 0xDD000
2009 (1024) read 0xDD400
2010 (1024) read 0xDD800
2011 (1024) read 0xDDC00
2012 (1024) read 0xFD000
2013 (1024) read 0xFD400
2014 (1024) read 0xFD800
2015 (1024) read 0xFDC00
2016 (1024) read 0x9E000
2017 (1024) read 0x9E400
2018 (1024) read 0x9E800
2019 (1024) read 0x9EC00
2020 (1024) read 0xBE000
2021 (1024) read 0xBE400
2022 (1024) read 0xBE800
2023 (1024) read 0xBEC00
2024 (1024) read 0xDE000
2025 (1024) read 0xDE400
2026 (1024) read 0xDE800
2027 (1024) read 0xDEC00
2028 (1024) read 0xFE000
2029 (1024) read 0xFE400
2030 (1024) read 0xFE800
2031 (1024) read 0xFEC00
2032 (1024) read 0x9F000
2033 (1024) read 0x9F400
2034 (1024) read 0x9F800
2035 (1024) read 0x9FC00
2036 (1024) read 0xBF000
2037 (1024) read 0xBF400
2038 (1024) read 0xBF800
2039 (1024) read 0xBFC00
2040 (1024) read 0xDF000
2041 (1024) read 0xDF400
2042 (1024) read 0xDF800
2043 (1024) read 0xDFC00
2044 (1024) read 0xFF000
2045 (1024) read 0xFF400
2046 (1024) read 0xFF800
2047 (1024) read 0xFFC00
2048 (1024) read 0xA0000
2049 (1024) read 0xA0400
2050 (1024) read 0xA0800
2051 (1024) read 0xA0C00
2052 (1024) read 0xC0000
2053 (1024) read 0xC0400
2054 (1024) read 0xC0800
2055 (1024) read 0xC0C00
2056 (1024) read 0xE0000
2057 (1024) read 0xE0400
2058 (1024) read 0xE0800
2059 (1024) read 0xE0C00
2060 (1024) read 0x100000
2061 (1024) read 0x100400
2062 (1024) read 0x100800
2063 (1024) read 0x100C00
2064 (1024) read 0xA1000
2065 (1024) read 0xA1400
2066 (1024) read 0xA1800
2067 (1024) read 0xA1C00
2068 (1024) read 0xC1000
2069 (1024) read 0xC1400
2070 (1024) read 0xC1800
2071 (1024) read 0xC1C00
2072 (1024) read 0xE1000
2073 (1024) read 0xE1400
2074 (1024) read 0xE1800
2075 (1024) read 0xE1C00
2076 (1024) read 0x101000
2077 (1024) read 0x101400
2078 (1024) read 0x101800
2079 (1024) read 0x101C00
2080 (1024) read 0xA2000
2081 (1024) read 0xA2400
2082 (1024) read 0xA2800
2083 (1024) read 0xA2C00
2084 (1024) read 0xC2000
2085 (1024) read 0xC2400
2086 (1024) read 0xC2800
2087 (1024) read 0xC2C00
2088 (1024) read 0xE2000
2089 (1024) read 0xE2400
2090 (1024) read 0xE2800
2091 (1024) read 0xE2C00
2092 (1024) read 0x102000
2093 (1024) read 0x102400
2094 (1024) read 0x102800
2095 (1024) read 0x102C00
2096 (1024) read 0xA3000
2097 (1024) read 0xA3400
2098 (1024) read 0xA3800
2099 (1024) read 0xA3C00
2100 (1024) read 0xC3000
2101 (1024) read 0xC3400
2102 (1024) read 0xC3800
2103 (1024) read 0xC3C00
2104 (1024) read 0xE3000
2105 (1024) read 0xE3400
2106 (1024) read 0xE3800
2107 (1024) read 0xE3C00
2108 (1024) read 0x103000
2109 (1024) read 0x103400
2110 (1024) read 0x103800
2111 (1024) read 0x103C00
2112 (1024) read 0xA4000
2113 (1024) read 0xA4400
2114 (1024) read 0xA4800
2115 (1024) read 0xA4C00
2116 (1024) read 0xC4000
2117 (1024) read 0xC4400
2118 (1024) read 0xC4800
2119 (1024) read 0xC4C00
2120 (1024) read 0xE4000
2121 (1024) read 0xE4400
2122 (1024) read 0xE4800
2123 (1024) read 0xE4C00
2124 (1024) read 0x104000
2125 (1024) read 0x104400
2126 (1024) read 0x104800
2127 (1024) read 0x104C00
2128 (1024) read 0xA5000
2129 (1024) read 0xA5400
2130 (1024) read 0xA5800
2131 (1024) read 0xA5C00
2132 (1024) read 0xC5000
2133 (1024) read 0xC5400
2134 (1024) read 0xC5800
2135 (1024) read 0xC5C00
2136 (1024) read 0xE5000
2137 (1024) read 0xE5400
2138 (1024) read 0xE5800
2139 (1024) read 0xE5C00
2140 (1024) read 0x105000
2141 (1024) read 0x105400
2142 (1024) read 0x105800
2143 (1024) read 0x105C00
2144 (1024) read 0xA6000
2145 (1024) read 0xA6400
2146 (1024) read 0xA6800
2147 (1024) read 0xA6C00
2148 (1024) read 0xC6000
2149 (1024) read 0xC6400
2150 (1024) read 0xC6800
2151 (1024) read 0xC6C00
2152 (1024) read 0xE6000
2153 (1024) read 0xE6400
2154 (1024) read 0xE6800
2155 (1024) read 0xE6C00
2156 (1024) read 0x106000
2157 (1024) read 0x106400
2158 (1024) read 0x106800
2159 (1024) read 0x106C00
2160 (1024) read 0xA7000
2161 (1024) read 0xA7400
2162 (1024) read 0xA7800
2163 (1024) read 0xA7C00
2164 (1024) read 0xC7000
2165 (1024) read 0xC7400
2166 (1024) read 0xC7800
2167 (1024) read 0xC7C00
2168 (1024) read 0xE7000
2169 (1024) read 0xE7400
2170 (1024) read 0xE7800
2171 (1024) read 0xE7C00
2172 (1024) read 0x107000
2173 (1024) read 0x107400
2174 (1024) read 0x107800
2175 (1024) read 0x107C00
2176 (1024) read 0xA8000
2177 (1024) read 0xA8400
2178 (1024) read 0xA8800
2179 (1024) read 0xA8C00
2180 (1024) read 0xC8000
2181 (1024) read 0xC8400
2182 (1024) read 0xC8800
2183 (1024) read 0xC8C00
2184 (1024) read 0xE8000
2185 (1024) read 0xE8400
2186 (1024) read 0xE8800
2187 (1024) read 0xE8C00
2188 (1024) read 0x108000
2189 (1024) read 0x108400
2190 (1024) read 0x108800
2191 (1024) read 0x108C00
2192 (1024) read 0xA9000
2193 (1024) read 0xA9400
2194 (1024) read 0xA9800
2195 (1024) read 0xA9C00
2196 (1024) read 0xC9000
2197 (1024) read 0xC9400
2198 (1024) read 0xC9800
2199 (1024) read 0xC9C00
2200 (1024) read 0xE9000
2201 (1024) read 0xE9400
2202 (1024) read 0xE9800
2203 (1024) read 0xE9C00
2204 (1024) read 0x109000
2205 (1024) read 0x109400
2206 (1024) read 0x109800
2207 (1024) read 0x109C00
2208 (1024) read 0xAA000
2209 (1024) read 0xAA400
2210 (1024) read 0xAA800
2211 (1024) read 0xAAC00
2212 (1024) read 0xCA000
2213 (1024) read 0xCA400
2214 (1024) read 0xCA800
2215 (1024) read 0xCAC00
2216 (1024) read 0xEA000
2217 (1024) read 0xEA400
2218 (1024) read 0xEA800
2219 (1024) read 0xEAC00
2220 (1024) read 0x10A000
2221 (1024) read 0x10A400
2222 (1024) read 0x10A800
2223 (1024) read 0x10AC00
2224 (1024) read 0xAB000
2225 (1024) read 0xAB400
2226 (1024) read 0xAB800
2227 (1024) read 0xABC00
2228 (1024) read 0xCB000
2229 (1024) read 0xCB400
2230 (1024) read 0xCB800
2231 (1024) read 0xCBC00
2232 (1024) read 0xEB000
2233 (1024) read 0xEB400
2234 (1024) read 0xEB800
2235 (1024) read 0xEBC00
2236 (1024) read 0x10B000
2237 (1024) read 0x10B400
2238 (1024) read 0x10B800
2239 (1024) read 0x10BC00
2240 (1024) read 0xAC000
2241 (1024) read 0xAC400
2242 (1024) read 0xAC800
2243 (1024) read 0xACC00
2244 (1024) read 0xCC000
2245 (1024) read 0xCC400
2246 (1024) read 0xCC800
2247 (1024) read 0xCCC00
2248 (1024) read 0xEC000
2249 (1024) read 0xEC400
2250 (1024) read 0xEC800
2251 (1024) read 0xECC00
2252 (1024) read 0x10C000
2253 (1024) read 0x10C400
2254 (1024) read 0x10C800
2255 (1024) read 0x10CC00
2256 (1024) read 0xAD000
2257 (1024) read 0xAD400
2258 (1024) read 0xAD800
2259 (1024) read 0xADC00
2260 (1024) read 0xCD000
2261 (1024) read 0xCD400
2262 (1024) read 0xCD800
2263 (1024) read 0xCDC00
2264 (1024) read 0xED000
2265 (1024) read 0xED400
2266 (1024) read 0xED800
2267 (1024) read 0xEDC00
2268 (1024) read 0x10D000
2269 (1024) read 0x10D400
2270 (1024) read 0x10D800
2271 (1024) read 0x10DC00
2272 (1024) read 0xAE000
2273 (1024) read 0xAE400
2274 (1024) read 0xAE800
2275 (1024) read 0xAEC00
2276 (1024) read 0xCE000
2277 (1024) read 0xCE400
2278 (1024) read 0xCE800
2279 (1024) read 0xCEC00
2280 (1024) read 0xEE000
2281 (1024) read 0xEE400
2282 (1024) read 0xEE800
2283 (1024) read 0xEEC00
2284 (1024) read 0x10E000
2285 (1024) read 0x10E400
2286 (1024) read 0x10E800
2287 (1024) read 0x10EC00
2288 (1024) read 0xAF000
2289 (1024) read 0xAF400
2290 (1024) read 0xAF800
2291 (1024) read 0xAFC00
2292 (1024) read 0xCF000
2293 (1024) read 0xCF400
2294 (1024) read 0xCF800
2295 (1024) read 0xCFC00
2296 (1024) read 0xEF000
2297 (1024) read 0xEF400
2298 (1024) read 0xEF800
2299 (1024) read 0xEFC00
2300 (1024) read 0x10F000
2301 (1024) read 0x10F400
2302 (1024) read 0x10F800
2303 (1024) read 0x10FC00
2304 (1024) read 0xB0000
2305 (1024) read 0xB0400
2306 (1024) read 0xB0800
2307 (1024) read 0xB0C00
2308 (1024) read 0xD0000
2309 (1024) read 0xD0400
2310 (1024) read 0xD0800
2311 (1024) read 0xD0C00
2312 (1024) read 0xF0000
2313 (1024) read 0xF0400
2314 (1024) read 0xF0800
2315 (1024) read 0xF0C00
2316 (1024) read 0x110000
2317 (1024) read 0x110400
2318 (1024) read 0x110800
2319 (1024) read 0x110C00
2320 (1024) read 0xB1000
2321 (1024) read 0xB1400
2322 (1024) read 0xB1800
2323 (1024) read 0xB1C00
2324 (1024) read 0xD1000
2325 (1024) read 0xD1400
2326 (1024) read 0xD1800
2327 (1024) read 0xD1C00
2328 (1024) read 0xF1000
2329 (1024) read 0xF1400
2330 (1024) read 0xF1800
2331 (1024) read 0xF1C00
2332 (1024) read 0x111000
2333 (1024) read 0x111400
2334 (1024) read 0x111800
2335 (1024) read 0x111C00
2336 (1024) read 0xB2000
2337 (1024) read 0xB2400
2338 (1024) read 0xB2800
2339 (1024) read 0xB2C00
2340 (1024) read 0xD2000
2341 (1024) read 0xD2400
2342 (1024) read 0xD2800
2343 (1024) read 0xD2C00
2344 (1024) read 0xF2000
2345 (1024) read 0xF2400
2346 (1024) read 0xF2800
2347 (1024) read 0xF2C00
2348 (1024) read 0x112000
2349 (1024) read 0x112400
2350 (1024) read 0x112800
2351 (1024) read 0x112C00
2352 (1024) read 0xB3000
2353 (1024) read 0xB3400
2354 (1024) read 0xB3800
2355 (1024) read 0xB3C00
2356 (1024) read 0xD3000
2357 (1024) read 0xD3400
2358 (1024) read 0xD3800
2359 (1024) read 0xD3C00
2360 (1024) read 0xF3000
2361 (1024) read 0xF3400
2362 (1024) read 0xF3800
2363 (1024) read 0xF3C00
2364 (1024) read 0x113000
2365 (1024) read 0x113400
2366 (1024) read 0x113800
2367 (1024) read 0x113C00
2368 (1024) read 0xB4000
2369 (1024) read 0xB4400
2370 (1024) read 0xB4800
2371 (1024) read 0xB4C00
2372 (1024) read 0xD4000
2373 (1024) read 0xD4400
2374 (1024) read 0xD4800
2375 (1024) read 0xD4C00
2376 (1024) read 0xF4000
2377 (1024) read 0xF4400
2378 (1024) read 0xF4800
2379 (1024) read 0xF4C00
2380 (1024) read 0x114000
2381 (1024) read 0x114400
2382 (1024) read 0x114800
2383 (1024) read 0x114C00
2384 (1024) read 0xB5000
2385 (1024) read 0xB5400
2386 (1024) read 0xB5800
2387 (1024) read 0xB5C00
2388 (1024) read 0xD5000
2389 (1024) read 0xD5400
2390 (1024) read 0xD5800
2391 (1024) read 0xD5C00
2392 (1024) read 0xF5000
2393 (1024) read 0xF5400
2394 (1024) read 0xF5800
2395 (1024) read 0xF5C00
2396 (1024) read 0x115000
2397 (1024) read 0x115400
2398 (1024) read 0x115800
2399 (1024) read 0x115C00
2400 (1024) read 0xB6000
2401 (1024) read 0xB6400
2402 (1024) read 0xB6800
2403 (1024) read 0xB6C00
2404 (1024) read 0xD6000
2405 (1024) read 0xD6400
2406 (1024) read 0xD6800
2407 (1024) read 0xD6C00
2408 (1024) read 0xF6000
2409 (1024) read 0xF6400
2410 (1024) read 0xF6800
2411 (1024) read 0xF6C00
2412 (1024) read 0x116000
2413 (1024) read 0x116400
2414 (1024) read 0x116800
2415 (1024) read 0x116C00
2416 (1024) read 0xB7000
2417 (1024) read 0xB7400
2418 (1024) read 0xB7800
2419 (1024) read 0xB7C00
2420 (1024) read 0xD7000
2421 (1024) read 0xD7400
2422 (1024) read 0xD7800
2423 (1024) read 0xD7C00
2424 (1024) read 0xF7000
2425 (1024) read 0xF7400
2426 (1024) read 0xF7800
2427 (1024) read 0xF7C00
2428 (1024) read 0x117000
2429 (1024) read 0x117400
2430 (1024) read 0x117800
2431 (1024) read 0x117C00
2432 (1024) read 0xB8000
2433 (1024) read 0xB8400
2434 (1024) read 0xB8800
2435 (1024) read 0xB8C00
2436 (1024) read 0xD8000
2437 (1024) read 0xD8400
2438 (1024) read 0xD8800
2439 (1024) read 0xD8C00
2440 (1024) read 0xF8000
2441 (1024) read 0xF8400
2442 (1024) read 0xF8800
2443 (1024) read 0xF8C00
2444 (1024) read 0x118000
2445 (1024) read 0x118400
2446 (1024) read 0x118800
2447 (1024) read 0x118C00
2448 (1024) read 0xB9000
2449 (1024) read 0xB9400
2450 (1024) read 0xB9800
2451 (1024) read 0xB9C00
2452 (1024) read 0xD9000
2453 (1024) read 0xD9400
2454 (1024) read 0xD9800
2455 (1024) read 0xD9C00
2456 (1024) read 0xF9000
2457 (1024) read 0xF9400
2458 (1024) read 0xF9800
2459 (1024) read 0xF9C00
2460 (1024) read 0x119000
2461 (1024) read 0x119400
2462 (1024) read 0x119800
2463 (1024) read 0x119C00
2464 (1024) read 0xBA000
2465 (1024) read 0xBA400
2466 (1024) read 0xBA800
2467 (1024) read 0xBAC00
2468 (1024) read 0xDA000
2469 (1024) read 0xDA400
2470 (1024) read 0xDA800
2471 (1024) read 0xDAC00
2472 (1024) read 0xFA000
2473 (1024) read 0xFA400
2474 (1024) read 0xFA800
2475 (1024) read 0xFAC00
2476 (1024) read 0x11A000
2477 (1024) read 0x11A400
2478 (1024) read 0x11A800
2479 (1024) read 0x11AC00
2480 (1024) read 0xBB000
2481 (1024) read 0xBB400
2482 (1024) read 0xBB800
2483 (1024) read 0xBBC00
2484 (1024) read 0xDB000
2485 (1024) read 0xDB400
2486 (1024) read 0xDB800
2487 (1024) read 0xDBC00
2488 (1024) read 0xFB000
2489 (1024) read 0xFB400
2490 (1024) read 0xFB800
2491 (1024) read 0xFBC00
2492 (1024) read 0x11B000
2493 (1024) read 0x11B400
2494 (1024) read 0x11B800
2495 (1024) read 0x11BC00
2496 (1024) read 0xBC000
2497 (1024) read 0xBC400
2498 (1024) read 0xBC800
2499 (1024) read 0xBCC00
2500 (1024) read 0xDC000
2501 (1024) read 0xDC400
2502 (1024) read 0xDC800
2503 (1024) read 0xDCC00
2504 (1024) read 0xFC000
2505 (1024) read 0xFC400
2506 (1024) read 0xFC800
2507 (1024) read 0xFCC00
2508 (1024) read 0x11C000
2509 (1024) read 0x11C400
2510 (1024) read 0x11C800
2511 (1024) read 0x11CC00
2512 (1024) read 0xBD000
2513 (1024) read 0xBD400
2514 (1024) read 0xBD800
2515 (1024) read 0xBDC00
2516 (1024) read 0xDD000
2517 (1024) read 0xDD400
2518 (1024) read 0xDD800
2519 (1024) read 0xDDC00
2520 (1024) read 0xFD000
2521 (1024) read 0xFD400
2522 (1024) read 0xFD800
2523 (1024) read 0xFDC00
2524 (1024) read 0x11D000
2525 (1024) read 0x11D400
2526 (1024) read 0x11D800
2527 (1024) read 0x11DC00
2528 (1024) read 0xBE000
2529 (1024) read 0xBE400
2530 (1024) read 0xBE800
2531 (1024) read 0xBEC00
2532 (1024) read 0xDE000
2533 (1024) read 0xDE400
2534 (1024) read 0xDE800
2535 (1024) read 0xDEC00
2536 (1024) read 0xFE000
2537 (1024) read 0xFE400
2538 (1024) read 0xFE800
2539 (1024) read 0xFEC00
2540 (1024) read 0x11E000
2541 (1024) read 0x11E400
2542 (1024) read 0x11E800
2543 (1024) read 0x11EC00
2544 (1024) read 0xBF000
2545 (1024) read 0xBF400
2546 (1024) read 0xBF800
2547 (1024) read 0xBFC00
2548 (1024) read 0xDF000
2549 (1024) read 0xDF400
2550 (1024) read 0xDF800
2551 (1024) read 0xDFC00
2552 (1024) read 0xFF000
2553 (1024) read 0xFF400
2554 (1024) read 0xFF800
2555 (1024) read 0xFFC00
2556 (1024) read 0x11F000
2557 (1024) read 0x11F400
2558 (1024) read 0x11F800
2559 (1024) read 0x11FC00
2560 (1024) read 0xC0000
2561 (1024) read 0xC0400
2562 (1024) read 0xC0800
2563 (1024) read 0xC0C00
2564 (1024) read 0xE0000
2565 (1024) read 0xE0400
2566 (1024) read 0xE0800
2567 (1024) read 0xE0C00
2568 (1024) read 0x100000
2569 (1024) read 0x100400
2570 (1024) read 0x100800
2571 (1024) read 0x100C00
2572 (1024) read 0x120000
2573 (1024) read 0x120400
2574 (1024) read 0x120800
2575 (1024) read 0x120C00
2576 (1024) read 0xC1000
2577 (1024) read 0xC1400
2578 (1024) read 0xC1800
2579 (1024) read 0xC1C00
2580 (1024) read 0xE1000
2581 (1024) read 0xE1400
2582 (1024) read 0xE1800
2583 (1024) read 0xE1C00
2584 (1024) read 0x101000
2585 (1024) read 0x101400
2586 (1024) read 0x101800
2587 (1024) read 0x101C00
2588 (1024) read 0x121000
2589 (1024) read 0x121400
2590 (1024) read 0x121800
2591 (1024) read 0x121C00
2592 (1024) read 0xC2000
2593 (1024) read 0xC2400
2594 (1024) read 0xC2800
2595 (1024) read 0xC2C00
2596 (1024) read 0xE2000
2597 (1024) read 0xE2400
2598 (1024) read 0xE2800
2599 (1024) read 0xE2C00
2600 (1024) read 0x102000
2601 (1024) read 0x102400
2602 (1024) read 0x102800
2603 (1024) read 0x102C00
2604 (1024) read 0x122000
2605 (1024) read 0x122400
2606 (1024) read 0x122800
2607 (1024) read 0x122C00
2608 (1024) read 0xC3000
2609 (1024) read 0xC3400
2610 (1024) read 0xC3800
2611 (1024) read 0xC3C00
2612 (1024) read 0xE3000
2613 (1024) read 0xE3400
2614 (1024) read 0xE3800
2615 (1024) read 0xE3C00
2616 (1024) read 0x103000
2617 (1024) read 0x103400
2618 (1024) read 0x103800
2619 (1024) read 0x103C00
2620 (1024) read 0x123000
2621 (1024) read 0x123400
2622 (1024) read 0x123800
2623 (1024) read 0x123C00
2624 (1024) read 0xC4000
2625 (1024) read 0xC4400
2626 (1024) read 0xC4800
2627 (1024) read 0xC4C00
2628 (1024) read 0xE4000
2629 (1024) read 0xE4400
2630 (1024) read 0xE4800
2631 (1024) read 0xE4C00
2632 (1024) read 0x104000
2633 (1024) read 0x104400
2634 (1024) read 0x104800
2635 (1024) read 0x104C00
2636 (1024) read 0x124000
2637 (1024) read 0x124400
2638 (1024) read 0x124800
2639 (1024) read 0x124C00
2640 (1024) read 0xC5000
2641 (1024) read 0xC5400
2642 (1024) read 0xC5800
2643 (1024) read 0xC5C00
2644 (1024) read 0xE5000
2645 (1024) read 0xE5400
2646 (1024) read 0xE5800
2647 (1024) read 0xE5C00
2648 (1024) read 0x105000
2649 (1024) read 0x105400
2650 (1024) read 0x105800
2651 (1024) read 0x105C00
2652 (1024) read 0x125000
2653 (1024) read 0x125400
2654 (1024) read 0x125800
2655 (1024) read 0x125C00
2656 (1024) read 0xC6000
2657 (1024) read 0xC6400
2658 (1024) read 0xC6800
2659 (1024) read 0xC6C00
2660 (1024) read 0xE6000
2661 (1024) read 0xE6400
2662 (1024) read 0xE6800
2663 (1024) read 0xE6C00
2664 (1024) read 0x106000
2665 (1024) read 0x106400
2666 (1024) read 0x106800
2667 (1024) read 0x106C00
2668 (1024) read 0x126000
2669 (1024) read 0x126400
2670 (1024) read 0x126800
2671 (1024) read 0x126C00
2672 (1024) read 0xC7000
2673 (1024) read 0xC7400
2674 (1024) read 0xC7800
2675 (1024) read 0xC7C00
2676 (1024) read 0xE7000
2677 (1024) read 0xE7400
2678 (1024) read 0xE7800
2679 (1024) read 0xE7C00
2680 (1024) read 0x107000
2681 (1024) read 0x107400
2682 (1024) read 0x107800
2683 (1024) read 0x107C00
2684 (1024) read 0x127000
2685 (1024) read 0x127400
2686 (1024) read 0x127800
2687 (1024) read 0x127C00
2688 (1024) read 0xC8000
2689 (1024) read 0xC8400
2690 (1024) read 0xC8800
2691 (1024) read 0xC8C00
2692 (1024) read 0xE8000
2693 (1024) read 0xE8400
2694 (1024) read 0xE8800
2695 (1024) read 0xE8C00
2696 (1024) read 0x108000
2697 (1024) read 0x108400
2698 (1024) read 0x108800
2699 (1024) read 0x108C00
2700 (1024) read 0x128000
2701 (1024) read 0x128400
2702 (1024) read 0x128800
2703 (1024) read 0x128C00
2704 (1024) read 0xC9000
2705 (1024) read 0xC9400
2706 (1024) read 0xC9800
2707 (1024) read 0xC9C00
2708 (1024) read 0xE9000
2709 (1024) read 0xE9400
2710 (1024) read 0xE9800
2711 (1024) read 0xE9C00
2712 (1024) read 0x109000
2713 (1024) read 0x109400
2714 (1024) read 0x109800
2715 (1024) read 0x109C00
2716 (1024) read 0x129000
2717 (1024) read 0x129400
2718 (1024) read 0x129800
2719 (1024) read 0x129C00
2720 (1024) read 0xCA000
2721 (1024) read 0xCA400
2722 (1024) read 0xCA800
2723 (1024) read 0xCAC00
2724 (1024) read 0xEA000
2725 (1024) read 0xEA400
2726 (1024) read 0xEA800
2727 (1024) read 0xEAC00
2728 (1024) read 0x10A000
2729 (1024) read 0x10A400
2730 (1024) read 0x10A800
2731 (1024) read 0x10AC00
2732 (1024) read 0x12A000
2733 (1024) read 0x12A400
2734 (1024) read 0x12A800
2735 (1024) read 0x12AC00
2736 (1024) read 0xCB000
2737 (1024) read 0xCB400
2738 (1024) read 0xCB800
2739 (1024) read 0xCBC00
2740 (1024) read 0xEB000
2741 (1024) read 0xEB400
2742 (1024) read 0xEB800
2743 (1024) read 0xEBC00
2744 (1024) read 0x10B000
2745 (1024) read 0x10B400
2746 (1024) read 0x10B800
2747 (1024) read 0x10BC00
2748 (1024) read 0x12B000
2749 (1024) read 0x12B400
2750 (1024) read 0x12B800
2751 (1024) read 0x12BC00
2752 (1024) read 0xCC000
2753 (1024) read 0xCC400
2754 (1024) read 0xCC800
2755 (1024) read 0xCCC00
2756 (1024) read 0xEC000
2757 (1024) read 0xEC400
2758 (1024) read 0xEC800
2759 (1024) read 0xECC00
2760 (1024) read 0x10C000
2761 (1024) read 0x10C400
2762 (1024) read 0x10C800
2763 (1024) read 0x10CC00
2764 (1024) read 0x12C000
2765 (1024) read 0x12C400
2766 (1024) read 0x12C800
2767 (1024) read 0x12CC00
2768 (1024) read 0xCD000
2769 (1024) read 0xCD400
2770 (1024) read 0xCD800
2771 (1024) read 0xCDC00
2772 (1024) read 0xED000
2773 (1024) read 0xED400
2774 (1024) read 0xED800
2775 (1024) read 0xEDC00
2776 (1024) read 0x10D000
2777 (1024) read 0x10D400
2778 (1024) read 0x10D800
2779 (1024) read 0x10DC00
2780 (1024) read 0x12D000
2781 (1024) read 0x12D400
2782 (1024) read 0x12D800
2783 (1024) read 0x12DC00
2784 (1024) read 0xCE000
2785 (1024) read 0xCE400
2786 (1024) read 0xCE800
2787 (1024) read 0xCEC00
2788 (1024) read 0xEE000
2789 (1024) read 0xEE400
2790 (1024) read 0xEE800
2791 (1024) read 0xEEC00
2792 (1024) read 0x10E000
2793 (1024) read 0x10E400
2794 (1024) read 0x10E800
2795 (1024) read 0x10EC00
2796 (1024) read 0x12E000
2797 (1024) read 0x12E400
2798 (1024) read 0x12E800
2799 (1024) read 0x12EC00
2800 (1024) read 0xCF000
2801 (1024) read 0xCF400
2802 (1024) read 0xCF800
2803 (1024) read 0xCFC00
2804 (1024) read 0xEF000
2805 (1024) read 0xEF400
2806 (1024) read 0xEF800
2807 (1024) read 0xEFC00
2808 (1024) read 0x10F000
2809 (1024) read 0x10F400
2810 (1024) read 0x10F800
2811 (1024) read 0x10FC00
2812 (1024) read 0x12F000
2813 (1024) read 0x12F400
2814 (1024) read 0x12F800
2815 (1024) read 0x12FC00
2816 (1024) read 0xD0000
2817 (1024) read 0xD0400
2818 (1024) read 0xD0800
2819 (1024) read 0xD0C00
2820 (1024) read 0xF0000
2821 (1024) read 0xF0400
2822 (1024) read 0xF0800
2823 (1024) read 0xF0C00
2824 (1024) read 0x110000
2825 (1024) read 0x110400
2826 (1024) read 0x110800
2827 (1024) read 0x110C00
2828 (1024) read 0x130000
2829 (1024) read 0x130400
2830 (1024) read 0x130800
2831 (1024) read 0x130C00
2832 (1024) read 0xD1000
2833 (1024) read 0xD1400
2834 (1024) read 0xD1800
2835 (1024) read 0xD1C00
2836 (1024) read 0xF1000
2837 (1024) read 0xF1400
2838 (1024) read 0xF1800
2839 (1024) read 0xF1C00
2840 (1024) read 0x111000
2841 (1024) read 0x111400
2842 (1024) read 0x111800
2843 (1024) read 0x111C00
2844 (1024) read 0x131000
2845 (1024) read 0x131400
2846 (1024) read 0x131800
2847 (1024) read 0x131C00
2848 (1024) read 0xD2000
2849 (1024) read 0xD2400
2850 (1024) read 0xD2800
2851 (1024) read 0xD2C00
2852 (1024) read 0xF2000
2853 (1024) read 0xF2400
2854 (1024) read 0xF2800
2855 (1024) read 0xF2C00
2856 (1024) read 0x112000
2857 (1024) read 0x112400
2858 (1024) read 0x112800
2859 (1024) read 0x112C00
2860 (1024) read 0x132000
2861 (1024) read 0x132400
2862 (1024) read 0x132800
2863 (1024) read 0x132C00
2864 (1024) read 0xD3000
2865 (1024) read 0xD3400
2866 (1024) read 0xD3800
2867 (1024) read 0xD3C00
2868 (1024) read 0xF3000
2869 (1024) read 0xF3400
2870 (1024) read 0xF3800
2871 (1024) read 0xF3C00
2872 (1024) read 0x113000
2873 (1024) read 0x113400
2874 (1024) read 0x113800
2875 (1024) read 0x113C00
2876 (1024) read 0x133000
2877 (1024) read 0x133400
2878 (1024) read 0x133800
2879 (1024) read 0x133C00
2880 (1024) read 0xD4000
2881 (1024) read 0xD4400
2882 (1024) read 0xD4800
2883 (1024) read 0xD4C00
2884 (1024) read 0xF4000
2885 (1024) read 0xF4400
2886 (1024) read 0xF4800
2887 (1024) read 0xF4C00
2888 (1024) read 0x114000
2889 (1024) read 0x114400
2890 (1024) read 0x114800
2891 (1024) read 0x114C00
2892 (1024) read 0x134000
2893 (1024) read 0x134400
2894 (1024) read 0x134800
2895 (1024) read 0x134C00
2896 (1024) read 0xD5000
2897 (1024) read 0xD5400
2898 (1024) read 0xD5800
2899 (1024) read 0xD5C00
2900 (1024) read 0xF5000
2901 (1024) read 0xF5400
2902 (1024) read 0xF5800
2903 (1024) read 0xF5C00
2904 (1024) read 0x115000
2905 (1024) read 0x115400
2906 (1024) read 0x115800
2907 (1024) read 0x115C00
2908 (1024) read 0x135000
2909 (1024) read 0x135400
2910 (1024) read 0x135800
2911 (1024) read 0x135C00
2912 (1024) read 0xD6000
2913 (1024) read 0xD6400
2914 (1024) read 0xD6800
2915 (1024) read 0xD6C00
2916 (1024) read 0xF6000
2917 (1024) read 0xF6400
2918 (1024) read 0xF6800
2919 (1024) read 0xF6C00
2920 (1024) read 0x116000
2921 (1024) read 0x116400
2922 (1024) read 0x116800
2923 (1024) read 0x116C00
2924 (1024) read 0x136000
2925 (1024) read 0x136400
2926 (1024) read 0x136800
2927 (1024) read 0x136C00
2928 (1024) read 0xD7000
2929 (1024) read 0xD7400
2930 (1024) read 0xD7800
2931 (1024) read 0xD7C00
2932 (1024) read 0xF7000
2933 (1024) read 0xF7400
2934 (1024) read 0xF7800
2935 (1024) read 0xF7C00
2936 (1024) read 0x117000
2937 (1024) read 0x117400
2938 (1024) read 0x117800
2939 (1024) read 0x117C00
2940 (1024) read 0x137000
2941 (1024) read 0x137400
2942 (1024) read 0x137800
2943 (1024) read 0x137C00
2944 (1024) read 0xD8000
2945 (1024) read 0xD8400
2946 (1024) read 0xD8800
2947 (1024) read 0xD8C00
2948 (1024) read 0xF8000
2949 (1024) read 0xF8400
2950 (1024) read 0xF8800
2951 (1024) read 0xF8C00
2952 (1024) read 0x118000
2953 (1024) read 0x118400
2954 (1024) read 0x118800
2955 (1024) read 0x118C00
2956 (1024) read 0x138000
2957 (1024) read 0x138400
2958 (1024) read 0x138800
2959 (1024) read 0x138C00
2960 (1024) read 0xD9000
2961 (1024) read 0xD9400
2962 (1024) read 0xD9800
2963 (1024) read 0xD9C00
2964 (1024) read 0xF9000
2965 (1024) read 0xF9400
2966 (1024) read 0xF9800
2967 (1024) read 0xF9C00
2968 (1024) read 0x119000
2969 (1024) read 0x119400
2970 (1024) read 0x119800
2971 (1024) read 0x119C00
2972 (1024) read 0x139000
2973 (1024) read 0x139400
2974 (1024) read 0x139800
2975 (1024) read 0x139C00
2976 (1024) read 0xDA000
2977 (1024) read 0xDA400
2978 (1024) read 0xDA800
2979 (1024) read 0xDAC00
2980 (1024) read 0xFA000
2981 (1024) read 0xFA400
2982 (1024) read 0xFA800
2983 (1024) read 0xFAC00
2984 (1024) read 0x11A000
2985 (1024) read 0x11A400
2986 (1024) read 0x11A800
2987 (1024) read 0x11AC00
2988 (1024) read 0x13A000
2989 (1024) read 0x13A400
2990 (1024) read 0x13A800
2991 (1024) read 0x13AC00
2992 (1024) read 0xDB000
2993 (1024) read 0xDB400
2994 (1024) read 0xDB800
2995 (1024) read 0xDBC00
2996 (1024) read 0xFB000
2997 (1024) read 0xFB400
2998 (1024) read 0xFB800
2999 (1024) read 0xFBC00
3000 (1024) read 0x11B000
3001 (1024) read 0x11B400
3002 (1024) read 0x11B800
3003 (1024) read 0x11BC00
3004 (1024) read 0x13B000
3005 (1024) read 0x13B400
3006 (1024) read 0x13B800
3007 (1024) read 0x13BC00
3008 (1024) read 0xDC000
3009 (1024) read 0xDC400
3010 (1024) read 0xDC800
3011 (1024) read 0xDCC00
3012 (1024) read 0xFC000
3013 (1024) read 0xFC400
3014 (1024) read 0xFC800
3015 (1024) read 0xFCC00
3016 (1024) read 0x11C000
3017 (1024) read 0x11C400
3018 (1024) read 0x11C800
3019 (1024) read 0x11CC00
3020 (1024) read 0x13C000
3021 (1024) read 0x13C400
3022 (1024) read 0x13C800
3023 (1024) read 0x13CC00
3024 (1024) read 0xDD000
3025 (1024) read 0xDD400
3026 (1024) read 0xDD800
3027 (1024) read 0xDDC00
3028 (1024) read 0xFD000
3029 (1024) read 0xFD400
3030 (1024) read 0xFD800
3031 (1024) read 0xFDC00
3032 (1024) read 0x11D000
3033 (1024) read 0x11D400
3034 (1024) read 0x11D800
3035 (1024) read 0x11DC00
3036 (1024) read 0x13D000
3037 (1024) read 0x13D400
3038 (1024) read 0x13D800
3039 (1024) read 0x13DC00
3040 (1024) read 0xDE000
3041 (1024) read 0xDE400
3042 (1024) read 0xDE800
3043 (1024) read 0xDEC00
3044 (1024) read 0xFE000
3045 (1024) read 0xFE400
3046 (1024) read 0xFE800
3047 (1024) read 0xFEC00
3048 (1024) read 0x11E000
3049 (1024) read 0x11E400
3050 (1024) read 0x11E800
3051 (1024) read 0x11EC00
3052 (1024) read 0x13E000
3053 (1024) read 0x13E400
3054 (1024) read 0x13E800
3055 (1024) read 0x13EC00
3056 (1024) read 0xDF000
3057 (1024) read 0xDF400
3058 (1024) read 0xDF800
3059 (1024) read 0xDFC00
3060 (1024) read 0xFF000
3061 (1024) read 0xFF400
3062 (1024) read 0xFF800
3063 (1024) read 0xFFC00
3064 (1024) read 0x11F000
3065 (1024) read 0x11F400
3066 (1024) read 0x11F800
3067 (1024) read 0x11FC00
3068 (1024) read 0x13F000
3069 (1024) read 0x13F400
3070 (1024) read 0x13F800
3071 (1024) read 0x13FC00
3072 (1024) read 0xE0000
3073 (1024) read 0xE0400
3074 (1024) read 0xE0800
3075 (1024) read 0xE0C00
3076 (1024) read 0x100000
3077 (1024) read 0x100400
3078 (1024) read 0x100800
3079 (1024) read 0x100C00
3080 (1024) read 0x120000
3081 (1024) read 0x120400
3082 (1024) read 0x120800
3083 (1024) read 0x120C00
3084 (1024) read 0x140000
3085 (1024) read 0x140400
3086 (1024) read 0x140800
3087 (1024) read 0x140C00
3088 (1024) read 0xE1000
3089 (1024) read 0xE1400
3090 (1024) read 0xE1800
3091 (1024) read 0xE1C00
3092 (1024) read 0x101000
3093 (1024) read 0x101400
3094 (1024) read 0x101800
3095 (1024) read 0x101C00
3096 (1024) read 0x121000
3097 (1024) read 0x121400
3098 (1024) read 0x121800
3099 (1024) read 0x121C00
3100 (1024) read 0x141000
3101 (1024) read 0x141400
3102 (1024) read 0x141800
3103 (1024) read 0x141C00
3104 (1024) read 0xE2000
3105 (1024) read 0xE2400
3106 (1024) read 0xE2800
3107 (1024) read 0xE2C00
3108 (1024) read 0x102000
3109 (1024) read 0x102400
3110 (1024) read 0x102800
3111 (1024) read 0x102C00
3112 (1024) read 0x122000
3113 (1024) read 0x122400
3114 (1024) read 0x122800
3115 (1024) read 0x122C00
3116 (1024) read 0x142000
3117 (1024) read 0x142400
3118 (1024) read 0x142800
3119 (1024) read 0x142C00
3120 (1024) read 0xE3000
3121 (1024) read 0xE3400
3122 (1024) read 0xE3800
3123 (1024) read 0xE3C00
3124 (1024) read 0x103000
3125 (1024) read 0x103400
3126 (1024) read 0x103800
3127 (1024) read 0x103C00
3128 (1024) read 0x123000
3129 (1024) read 0x123400
3130 (1024) read 0x123800
3131 (1024) read 0x123C00
3132 (1024) read 0x143000
3133 (1024) read 0x143400
3134 (1024) read 0x143800
3135 (1024) read 0x143C00
3136 (1024) read 0xE4000
3137 (1024) read 0xE4400
3138 (1024) read 0xE4800
3139 (1024) read 0xE4C00
3140 (1024) read 0x104000
3141 (1024) read 0x104400
3142 (1024) read 0x104800
3143 (1024) read 0x104C00
3144 (1024) read 0x124000
3145 (1024) read 0x124400
3146 (1024) read 0x124800
3147 (1024) read 0x124C00
3148 (1024) read 0x144000
3149 (1024) read 0x144400
3150 (1024) read 0x144800
3151 (1024) read 0x144C00
3152 (1024) read 0xE5000
3153 (1024) read 0xE5400
3154 (1024) read 0xE5800
3155 (1024) read 0xE5C00
3156 (1024) read 0x105000
3157 (1024) read 0x105400
3158 (1024) read 0x105800
3159 (1024) read 0x105C00
3160 (1024) read 0x125000
3161 (1024) read 0x125400
3162 (1024) read 0x125800
3163 (1024) read 0x125C00
3164 (1024) read 0x145000
3165 (1024) read 0x145400
3166 (1024) read 0x145800
3167 (1024) read 0x145C00
3168 (1024) read 0xE6000
3169 (1024) read 0xE6400
3170 (1024) read 0xE6800
3171 (1024) read 0xE6C00
3172 (1024) read 0x106000
3173 (1024) read 0x106400
3174 (1024) read 0x106800
3175 (1024) read 0x106C00
3176 (1024) read 0x126000
3177 (1024) read 0x126400
3178 (1024) read 0x126800
3179 (1024) read 0x126C00
3180 (1024) read 0x146000
3181 (1024) read 0x146400
3182 (1024) read 0x146800
3183 (1024) read 0x146C00
3184 (1024) read 0xE7000
3185 (1024) read 0xE7400
3186 (1024) read 0xE7800
3187 (1024) read 0xE7C00
3188 (1024) read 0x107000
3189 (1024) read 0x107400
3190 (1024) read 0x107800
3191 (1024) read 0x107C00
3192 (1024) read 0x127000
3193 (1024) read 0x127400
3194 (1024) read 0x127800
3195 (1024) read 0x127C00
3196 (1024) read 0x147000
3197 (1024) read 0x147400
3198 (1024) read 0x147800
3199 (1024) read 0x147C00
3200 (1024) read 0xE8000
3201 (1024) read 0xE8400
3202 (1024) read 0xE8800
3203 (1024) read 0xE8C00
3204 (1024) read 0x108000
3205 (1024) read 0x108400
3206 (1024) read 0x108800
3207 (1024) read 0x108C00
3208 (1024) read 0x128000
3209 (1024) read 0x128400
3210 (1024) read 0x128800
3211 (1024) read 0x128C00
3212 (1024) read 0x148000
3213 (1024) read 0x148400
3214 (1024) read 0x148800
3215 (1024) read 0x148C00
3216 (1024) read 0xE9000
3217 (1024) read 0xE9400
3218 (1024) read 0xE9800
3219 (1024) read 0xE9C00
3220 (1024) read 0x109000
3221 (1024) read 0x109400
3222 (1024) read 0x109800
3223 (1024) read 0x109C00
3224 (1024) read 0x129000
3225 (1024) read 0x129400
3226 (1024) read 0x129800
3227 (1024) read 0x129C00
3228 (1024) read 0x149000
3229 (1024) read 0x149400
3230 (1024) read 0x149800
3231 (1024) read 0x149C00
3232 (1024) read 0xEA000
3233 (1024) read 0xEA400
3234 (1024) read 0xEA800
3235 (1024) read 0xEAC00
3236 (1024) read 0x10A000
3237 (1024) read 0x10A400
3238 (1024) read 0x10A800
3239 (1024) read 0x10AC00
3240 (1024) read 0x12A000
3241 (1024) read 0x12A400
3242 (1024) read 0x12A800
3243 (1024) read 0x12AC00
3244 (1024) read 0x14A000
3245 (1024) read 0x14A400
3246 (1024) read 0x14A800
3247 (1024) read 0x14AC00
3248 (1024) read 0xEB000
3249 (1024) read 0xEB400
3250 (1024) read 0xEB800
3251 (1024) read 0xEBC00
3252 (1024) read 0x10B000
3253 (1024) read 0x10B400
3254 (1024) read 0x10B800
3255 (1024) read 0x10BC00
3256 (1024) read 0x12B000
3257 (1024) read 0x12B400
3258 (1024) read 0x12B800
3259 (1024) read 0x12BC00
3260 (1024) read 0x14B000
3261 (1024) read 0x14B400
3262 (1024) read 0x14B800
3263 (1024) read 0x14BC00
3264 (1024) read 0xEC000
3265 (1024) read 0xEC400
3266 (1024) read 0xEC800
3267 (1024) read 0xECC00
3268 (1024) read 0x10C000
3269 (1024) read 0x10C400
3270 (1024) read 0x10C800
3271 (1024) read 0x10CC00
3272 (1024) read 0x12C000
3273 (1024) read 0x12C400
3274 (1024) read 0x12C800
3275 (1024) read 0x12CC00
3276 (1024) read 0x14C000
3277 (1024) read 0x14C400
3278 (1024) read 0x14C800
3279 (1024) read 0x14CC00
3280 (1024) read 0xED000
3281 (1024) read 0xED400
3282 (1024) read 0xED800
3283 (1024) read 0xEDC00
3284 (1024) read 0x10D000
3285 (1024) read 0x10D400
3286 (1024) read 0x10D800
3287 (1024) read 0x10DC00
3288 (1024) read 0x12D000
3289 (1024) read 0x12D400
3290 (1024) read 0x12D800
3291 (1024) read 0x12DC00
3292 (1024) read 0x14D000
3293 (1024) read 0x14D400
3294 (1024) read 0x14D800
3295 (1024) read 0x14DC00
3296 (1024) read 0xEE000
3297 (1024) read 0xEE400
3298 (1024) read 0xEE800
3299 (1024) read 0xEEC00
3300 (1024) read 0x10E000
3301 (1024) read 0x10E400
3302 (1024) read 0x10E800
3303 (1024) read 0x10EC00
3304 (1024) read 0x12E000
3305 (1024) read 0x12E400
3306 (1024) read 0x12E800
3307 (1024) read 0x12EC00
3308 (1024) read 0x14E000
3309 (1024) read 0x14E400
3310 (1024) read 0x14E800
3311 (1024) read 0x14EC00
3312 (1024) read 0xEF000
3313 (1024) read 0xEF400
3314 (1024) read 0xEF800
3315 (1024) read 0xEFC00
3316 (1024) read 0x10F000
3317 (1024) read 0x10F400
3318 (1024) read 0x10F800
3319 (1024) read 0x10FC00
3320 (1024) read 0x12F000
3321 (1024) read 0x12F400
3322 (1024) read 0x12F800
3323 (1024) read 0x12FC00
3324 (1024) read 0x14F000
3325 (1024) read 0x14F400
3326 (1024) read 0x14F800
3327 (1024) read 0x14FC00
3328 (1024) read 0xF0000
3329 (1024) read 0xF0400
3330 (1024) read 0xF0800
3331 (1024) read 0xF0C00
3332 (1024) read 0x110000
3333 (1024) read 0x110400
3334 (1024) read 0x110800
3335 (1024) read 0x110C00
3336 (1024) read 0x130000
3337 (1024) read 0x130400
3338 (1024) read 0x130800
3339 (1024) read 0x130C00
3340 (1024) read 0x150000
3341 (1024) read 0x150400
3342 (1024) read 0x150800
3343 (1024) read 0x150C00
3344 (1024) read 0xF1000
3345 (1024) read 0xF1400
3346 (1024) read 0xF1800
3347 (1024) read 0xF1C00
3348 (1024) read 0x111000
3349 (1024) read 0x111400
3350 (1024) read 0x111800
3351 (1024) read 0x111C00
3352 (1024) read 0x131000
3353 (1024) read 0x131400
3354 (1024) read 0x131800
3355 (1024) read 0x131C00
3356 (1024) read 0x151000
3357 (1024) read 0x151400
3358 (1024) read 0x151800
3359 (1024) read 0x151C00
3360 (1024) read 0xF2000
3361 (1024) read 0xF2400
3362 (1024) read 0xF2800
3363 (1024) read 0xF2C00
3364 (1024) read 0x112000
3365 (1024) read 0x112400
3366 (1024) read 0x112800
3367 (1024) read 0x112C00
3368 (1024) read 0x132000
3369 (1024) read 0x132400
3370 (1024) read 0x132800
3371 (1024) read 0x132C00
3372 (1024) read 0x152000
3373 (1024) read 0x152400
3374 (1024) read 0x152800
3375 (1024) read 0x152C00
3376 (1024) read 0xF3000
3377 (1024) read 0xF3400
3378 (1024) read 0xF3800
3379 (1024) read 0xF3C00
3380 (1024) read 0x113000
3381 (1024) read 0x113400
3382 (1024) read 0x113800
3383 (1024) read 0x113C00
3384 (1024) read 0x133000
3385 (1024) read 0x133400
3386 (1024) read 0x133800
3387 (1024) read 0x133C00
3388 (1024) read 0x153000
3389 (1024) read 0x153400
3390 (1024) read 0x153800
3391 (1024) read 0x153C00
3392 (1024) read 0xF4000
3393 (1024) read 0xF4400
3394 (1024) read 0xF4800
3395 (1024) read 0xF4C00
3396 (1024) read 0x114000
3397 (1024) read 0x114400
3398 (1024) read 0x114800
3399 (1024) read 0x114C00
3400 (1024) read 0x134000
3401 (1024) read 0x134400
3402 (1024) read 0x134800
3403 (1024) read 0x134C00
3404 (1024) read 0x154000
3405 (1024) read 0x154400
3406 (1024) read 0x154800
3407 (1024) read 0x154C00
3408 (1024) read 0xF5000
3409 (1024) read 0xF5400
3410 (1024) read 0xF5800
3411 (1024) read 0xF5C00
3412 (1024) read 0x115000
3413 (1024) read 0x115400
3414 (1024) read 0x115800
3415 (1024) read 0x115C00
3416 (1024) read 0x135000
3417 (1024) read 0x135400
3418 (1024) read 0x135800
3419 (1024) read 0x135C00
3420 (1024) read 0x155000
3421 (1024) read 0x155400
3422 (1024) read 0x155800
3423 (1024) read 0x155C00
3424 (1024) read 0xF6000
3425 (1024) read 0xF6400
3426 (1024) read 0xF6800
3427 (1024) read 0xF6C00
3428 (1024) read 0x116000
3429 (1024) read 0x116400
3430 (1024) read 0x116800
3431 (1024) read 0x116C00
3432 (1024) read 0x136000
3433 (1024) read 0x136400
3434 (1024) read 0x136800
3435 (1024) read 0x136C00
3436 (1024) read 0x156000
3437 (1024) read 0x156400
3438 (1024) read 0x156800
3439 (1024) read 0x156C00
3440 (1024) read 0xF7000
3441 (1024) read 0xF7400
3442 (1024) read 0xF7800
3443 (1024) read 0xF7C00
3444 (1024) read 0x117000
3445 (1024) read 0x117400
3446 (1024) read 0x117800
3447 (1024) read 0x117C00
3448 (1024) read 0x137000
3449 (1024) read 0x137400
3450 (1024) read 0x137800
3451 (1024) read 0x137C00
3452 (1024) read 0x157000
3453 (1024) read 0x157400
3454 (1024) read 0x157800
3455 (1024) read 0x157C00
3456 (1024) read 0xF8000
3457 (1024) read 0xF8400
3458 (1024) read 0xF8800
3459 (1024) read 0xF8C00
3460 (1024) read 0x118000
3461 (1024) read 0x118400
3462 (1024) read 0x118800
3463 (1024) read 0x118C00
3464 (1024) read 0x138000
3465 (1024) read 0x138400
3466 (1024) read 0x138800
3467 (1024) read 0x138C00
3468 (1024) read 0x158000
3469 (1024) read 0x158400
3470 (1024) read 0x158800
3471 (1024) read 0x158C00
3472 (1024) read 0xF9000
3473 (1024) read 0xF9400
3474 (1024) read 0xF9800
3475 (1024) read 0xF9C00
3476 (1024) read 0x119000
3477 (1024) read 0x119400
3478 (1024) read 0x119800
3479 (1024) read 0x119C00
3480 (1024) read 0x139000
3481 (1024) read 0x139400
3482 (1024) read 0x139800
3483 (1024) read 0x139C00
3484 (1024) read 0x159000
3485 (1024) read 0x159400
3486 (1024) read 0x159800
3487 (1024) read 0x159C00
3488 (1024) read 0xFA000
3489 (1024) read 0xFA400
3490 (1024) read 0xFA800
3491 (1024) read 0xFAC00
3492 (1024) read 0x11A000
3493 (1024) read 0x11A400
3494 (1024) read 0x11A800
3495 (1024) read 0x11AC00
3496 (1024) read 0x13A000
3497 (1024) read 0x13A400
3498 (1024) read 0x13A800
3499 (1024) read 0x13AC00
3500 (1024) read 0x15A000
3501 (1024) read 0x15A400
3502 (1024) read 0x15A800
3503 (1024) read 0x15AC00
3504 (1024) read 0xFB000
3505 (1024) read 0xFB400
3506 (1024) read 0xFB800
3507 (1024) read 0xFBC00
3508 (1024) read 0x11B000
3509 (1024) read 0x11B400
3510 (1024) read 0x11B800
3511 (1024) read 0x11BC00
3512 (1024) read 0x13B000
3513 (1024) read 0x13B400
3514 (1024) read 0x13B800
3515 (1024) read 0x13BC00
3516 (1024) read 0x15B000
3517 (1024) read 0x15B400
3518 (1024) read 0x15B800
3519 (1024) read 0x15BC00
3520 (1024) read 0xFC000
3521 (1024) read 0xFC400
3522 (1024) read 0xFC800
3523 (1024) read 0xFCC00
3524 (1024) read 0x11C000
3525 (1024) read 0x11C400
3526 (1024) read 0x11C800
3527 (1024) read 0x11CC00
3528 (1024) read 0x13C000
3529 (1024) read 0x13C400
3530 (1024) read 0x13C800
3531 (1024) read 0x13CC00
3532 (1024) read 0x15C000
3533 (1024) read 0x15C400
3534 (1024) read 0x15C800
3535 (1024) read 0x15CC00
3536 (1024) read 0xFD000
3537 (1024) read 0xFD400
3538 (1024) read 0xFD800
3539 (1024) read 0xFDC00
3540 (1024) read 0x11D000
3541 (1024) read 0x11D400
3542 (1024) read 0x11D800
3543 (1024) read 0x11DC00
3544 (1024) read 0x13D000
3545 (1024) read 0x13D400
3546 (1024) read 0x13D800
3547 (1024) read 0x13DC00
3548 (1024) read 0x15D000
3549 (1024) read 0x15D400
3550 (1024) read 0x15D800
3551 (1024) read 0x15DC00
3552 (1024) read 0xFE000
3553 (1024) read 0xFE400
3554 (1024) read 0xFE800
3555 (1024) read 0xFEC00
3556 (1024) read 0x11E000
3557 (1024) read 0x11E400
3558 (1024) read 0x11E800
3559 (1024) read 0x11EC00
3560 (1024) read 0x13E000
3561 (1024) read 0x13E400
3562 (1024) read 0x13E800
3563 (1024) read 0x13EC00
3564 (1024) read 0x15E000
3565 (1024) read 0x15E400
3566 (1024) read 0x15E800
3567 (1024) read 0x15EC00
3568 (1024) read 0xFF000
3569 (1024) read 0xFF400
3570 (1024) read 0xFF800
3571 (1024) read 0xFFC00
3572 (1024) read 0x11F000
3573 (1024) read 0x11F400
3574 (1024) read 0x11F800
3575 (1024) read 0x11FC00
3576 (1024) read 0x13F000
3577 (1024) read 0x13F400
3578 (1024) read 0x13F800
3579 (1024) read 0x13FC00
3580 (1024) read 0x15F000
3581 (1024) read 0x15F400
3582 (1024) read 0x15F800
3583 (1024) read 0x15FC00
3584 (1024) read 0x100000
3585 (1024) read 0x100400
3586 (1024) read 0x100800
3587 (1024) read 0x100C00
3588 (1024) read 0x120000
3589 (1024) read 0x120400
3590 (1024) read 0x120800
3591 (1024) read 0x120C00
3592 (1024) read 0x140000
3593 (1024) read 0x140400
3594 (1024) read 0x140800
3595 (1024) read 0x140C00
3596 (1024) read 0x160000
3597 (1024) read 0x160400
3598 (1024) read 0x160800
3599 (1024) read 0x160C00
3600 (1024) read 0x101000
3601 (1024) read 0x101400
3602 (1024) read 0x101800
3603 (1024) read 0x101C00
3604 (1024) read 0x121000
3605 (1024) read 0x121400
3606 (1024) read 0x121800
3607 (1024) read 0x121C00
3608 (1024) read 0x141000
3609 (1024) read 0x141400
3610 (1024) read 0x141800
3611 (1024) read 0x141C00
3612 (1024) read 0x161000
3613 (1024) read 0x161400
3614 (1024) read 0x161800
3615 (1024) read 0x161C00
3616 (1024) read 0x102000
3617 (1024) read 0x102400
3618 (1024) read 0x102800
3619 (1024) read 0x102C00
3620 (1024) read 0x122000
3621 (1024) read 0x122400
3622 (1024) read 0x122800
3623 (1024) read 0x122C00
3624 (1024) read 0x142000
3625 (1024) read 0x142400
3626 (1024) read 0x142800
3627 (1024) read 0x142C00
3628 (1024) read 0x162000
3629 (1024) read 0x162400
3630 (1024) read 0x162800
3631 (1024) read 0x162C00
3632 (1024) read 0x103000
3633 (1024) read 0x103400
3634 (1024) read 0x103800
3635 (1024) read 0x103C00
3636 (1024) read 0x123000
3637 (1024) read 0x123400
3638 (1024) read 0x123800
3639 (1024) read 0x123C00
3640 (1024) read 0x143000
3641 (1024) read 0x143400
3642 (1024) read 0x143800
3643 (1024) read 0x143C00
3644 (1024) read 0x163000
3645 (1024) read 0x163400
3646 (1024) read 0x163800
3647 (1024) read 0x163C00
3648 (1024) read 0x104000
3649 (1024) read 0x104400
3650 (1024) read 0x104800
3651 (1024) read 0x104C00
3652 (1024) read 0x124000
3653 (1024) read 0x124400
3654 (1024) read 0x124800
3655 (1024) read 0x124C00
3656 (1024) read 0x144000
3657 (1024) read 0x144400
3658 (1024) read 0x144800
3659 (1024) read 0x144C00
3660 (1024) read 0x164000
3661 (1024) read 0x164400
3662 (1024) read 0x164800
3663 (1024) read 0x164C00
3664 (1024) read 0x105000
3665 (1024) read 0x105400
3666 (1024) read 0x105800
3667 (1024) read 0x105C00
3668 (1024) read 0x125000
3669 (1024) read 0x125400
3670 (1024) read 0x125800
3671 (1024) read 0x125C00
3672 (1024) read 0x145000
3673 (1024) read 0x145400
3674 (1024) read 0x145800
3675 (1024) read 0x145C00
3676 (1024) read 0x165000
3677 (1024) read 0x165400
3678 (1024) read 0x165800
3679 (1024) read 0x165C00
3680 (1024) read 0x106000
3681 (1024) read 0x106400
3682 (1024) read 0x106800
3683 (1024) read 0x106C00
3684 (1024) read 0x126000
3685 (1024) read 0x126400
3686 (1024) read 0x126800
3687 (1024) read 0x126C00
3688 (1024) read 0x146000
3689 (1024) read 0x146400
3690 (1024) read 0x146800
3691 (1024) read 0x146C00
3692 (1024) read 0x166000
3693 (1024) read 0x166400
3694 (1024) read 0x166800
3695 (1024) read 0x166C00
3696 (1024) read 0x107000
3697 (1024) read 0x107400
3698 (1024) read 0x107800
3699 (1024) read 0x107C00
3700 (1024) read 0x127000
3701 (1024) read 0x127400
3702 (1024) read 0x127800
3703 (1024) read 0x127C00
3704 (1024) read 0x147000
3705 (1024) read 0x147400
3706 (1024) read 0x147800
3707 (1024) read 0x147C00
3708 (1024) read 0x167000
3709 (1024) read 0x167400
3710 (1024) read 0x167800
3711 (1024) read 0x167C00
3712 (1024) read 0x108000
3713 (1024) read 0x108400
3714 (1024) read 0x108800
3715 (1024) read 0x108C00
3716 (1024) read 0x128000
3717 (1024) read 0x128400
3718 (1024) read 0x128800
3719 (1024) read 0x128C00
3720 (1024) read 0x148000
3721 (1024) read 0x148400
3722 (1024) read 0x148800
3723 (1024) read 0x148C00
3724 (1024) read 0x168000
3725 (1024) read 0x168400
3726 (1024) read 0x168800
3727 (1024) read 0x168C00
3728 (1024) read 0x109000
3729 (1024) read 0x109400
3730 (1024) read 0x109800
3731 (1024) read 0x109C00
3732 (1024) read 0x129000
3733 (1024) read 0x129400
3734 (1024) read 0x129800
3735 (1024) read 0x129C00
3736 (1024) read 0x149000
3737 (1024) read 0x149400
3738 (1024) read 0x149800
3739 (1024) read 0x149C00
3740 (1024) read 0x169000
3741 (1024) read 0x169400
3742 (1024) read 0x169800
3743 (1024) read 0x169C00
3744 (1024) read 0x10A000
3745 (1024) read 0x10A400
3746 (1024) read 0x10A800
3747 (1024) read 0x10AC00
3748 (1024) read 0x12A000
3749 (1024) read 0x12A400
3750 (1024) read 0x12A800
3751 (1024) read 0x12AC00
3752 (1024) read 0x14A000
3753 (1024) read 0x14A400
3754 (1024) read 0x14A800
3755 (1024) read 0x14AC00
3756 (1024) read 0x16A000
3757 (1024) read 0x16A400
3758 (1024) read 0x16A800
3759 (1024) read 0x16AC00
3760 (1024) read 0x10B000
3761 (1024) read 0x10B400
3762 (1024) read 0x10B800
3763 (1024) read 0x10BC00
3764 (1024) read 0x12B000
3765 (1024) read 0x12B400
3766 (1024) read 0x12B800
3767 (1024) read 0x12BC00
3768 (1024) read 0x14B000
3769 (1024) read 0x14B400
3770 (1024) read 0x14B800
3771 (1024) read 0x14BC00
3772 (1024) read 0x16B000
3773 (1024) read 0x16B400
3774 (1024) read 0x16B800
3775 (1024) read 0x16BC00
3776 (1024) read 0x10C000
3777 (1024) read 0x10C400
3778 (1024) read 0x10C800
3779 (1024) read 0x10CC00
3780 (1024) read 0x12C000
3781 (1024) read 0x12C400
3782 (1024) read 0x12C800
3783 (1024) read 0x12CC00
3784 (1024) read 0x14C000
3785 (1024) read 0x14C400
3786 (1024) read 0x14C800
3787 (1024) read 0x14CC00
3788 (1024) read 0x16C000
3789 (1024) read 0x16C400
3790 (1024) read 0x16C800
3791 (1024) read 0x16CC00
3792 (1024) read 0x10D000
3793 (1024) read 0x10D400
3794 (1024) read 0x10D800
3795 (1024) read 0x10DC00
3796 (1024) read 0x12D000
3797 (1024) read 0x12D400
3798 (1024) read 0x12D800
3799 (1024) read 0x12DC00
3800 (1024) read 0x14D000
3801 (1024) read 0x14D400
3802 (1024) read 0x14D800
3803 (1024) read 0x14DC00
3804 (1024) read 0x16D000
3805 (1024) read 0x16D400
3806 (1024) read 0x16D800
3807 (1024) read 0x16DC00
3808 (1024) read 0x10E000
3809 (1024) read 0x10E400
3810 (1024) read 0x10E800
3811 (1024) read 0x10EC00
3812 (1024) read 0x12E000
3813 (1024) read 0x12E400
3814 (1024) read 0x12E800
3815 (1024) read 0x12EC00
3816 (1024) read 0x14E000
3817 (1024) read 0x14E400
3818 (1024) read 0x14E800
3819 (1024) read 0x14EC00
3820 (1024) read 0x16E000
3821 (1024) read 0x16E400
3822 (1024) read 0x16E800
3823 (1024) read 0x16EC00
3824 (1024) read 0x10F000
3825 (1024) read 0x10F400
3826 (1024) read 0x10F800
3827 (1024) read 0x10FC00
3828 (1024) read 0x12F000
3829 (1024) read 0x12F400
3830 (1024) read 0x12F800
3831 (1024) read 0x12FC00
3832 (1024) read 0x14F000
3833 (1024) read 0x14F400
3834 (1024) read 0x14F800
3835 (1024) read 0x14FC00
3836 (1024) read 0x16F000
3837 (1024) read 0x16F400
3838 (1024) read 0x16F800
3839 (1024) read 0x16FC00
3840 (1024) read 0x110000
3841 (1024) read 0x110400
3842 (1024) read 0x110800
3843 (1024) read 0x110C00
3844 (1024) read 0x130000
3845 (1024) read 0x130400
3846 (1024) read 0x130800
3847 (1024) read 0x130C00
3848 (1024) read 0x150000
3849 (1024) read 0x150400
3850 (1024) read 0x150800
3851 (1024) read 0x150C00
3852 (1024) read 0x170000
3853 (1024) read 0x170400
3854 (1024) read 0x170800
3855 (1024) read 0x170C00
3856 (1024) read 0x111000
3857 (1024) read 0x111400
3858 (1024) read 0x111800
3859 (1024) read 0x111C00
3860 (1024) read 0x131000
3861 (1024) read 0x131400
3862 (1024) read 0x131800
3863 (1024) read 0x131C00
3864 (1024) read 0x151000
3865 (1024) read 0x151400
3866 (1024) read 0x151800
3867 (1024) read 0x151C00
3868 (1024) read 0x171000
3869 (1024) read 0x171400
3870 (1024) read 0x171800
3871 (1024) read 0x171C00
3872 (1024) read 0x112000
3873 (1024) read 0x112400
3874 (1024) read 0x112800
3875 (1024) read 0x112C00
3876 (1024) read 0x132000
3877 (1024) read 0x132400
3878 (1024) read 0x132800
3879 (1024) read 0x132C00
3880 (1024) read 0x152000
3881 (1024) read 0x152400
3882 (1024) read 0x152800
3883 (1024) read 0x152C00
3884 (1024) read 0x172000
3885 (1024) read 0x172400
3886 (1024) read 0x172800
3887 (1024) read 0x172C00
3888 (1024) read 0x113000
3889 (1024) read 0x113400
3890 (1024) read 0x113800
3891 (1024) read 0x113C00
3892 (1024) read 0x133000
3893 (1024) read 0x133400
3894 (1024) read 0x133800
3895 (1024) read 0x133C00
3896 (1024) read 0x153000
3897 (1024) read 0x153400
3898 (1024) read 0x153800
3899 (1024) read 0x153C00
3900 (1024) read 0x173000
3901 (1024) read 0x173400
3902 (1024) read 0x173800
3903 (1024) read 0x173C00
3904 (1024) read 0x114000
3905 (1024) read 0x114400
3906 (1024) read 0x114800
3907 (1024) read 0x114C00
3908 (1024) read 0x134000
3909 (1024) read 0x134400
3910 (1024) read 0x134800
3911 (1024) read 0x134C00
3912 (1024) read 0x154000
3913 (1024) read 0x154400
3914 (1024) read 0x154800
3915 (1024) read 0x154C00
3916 (1024) read 0x174000
3917 (1024) read 0x174400
3918 (1024) read 0x174800
3919 (1024) read 0x174C00
3920 (1024) read 0x115000
3921 (1024) read 0x115400
3922 (1024) read 0x115800
3923 (1024) read 0x115C00
3924 (1024) read 0x135000
3925 (1024) read 0x135400
3926 (1024) read 0x135800
3927 (1024) read 0x135C00
3928 (1024) read 0x155000
3929 (1024) read 0x155400
3930 (1024) read 0x155800
3931 (1024) read 0x155C00
3932 (1024) read 0x175000
3933 (1024) read 0x175400
3934 (1024) read 0x175800
3935 (1024) read 0x175C00
3936 (1024) read 0x116000
3937 (1024) read 0x116400
3938 (1024) read 0x116800
3939 (1024) read 0x116C00
3940 (1024) read 0x136000
3941 (1024) read 0x136400
3942 (1024) read 0x136800
3943 (1024) read 0x136C00
3944 (1024) read 0x156000
3945 (1024) read 0x156400
3946 (1024) read 0x156800
3947 (1024) read 0x156C00
3948 (1024) read 0x176000
3949 (1024) read 0x176400
3950 (1024) read 0x176800
3951 (1024) read 0x176C00
3952 (1024) read 0x117000
3953 (1024) read 0x117400
3954 (1024) read 0x117800
3955 (1024) read 0x117C00
3956 (1024) read 0x137000
3957 (1024) read 0x137400
3958 (1024) read 0x137800
3959 (1024) read 0x137C00
3960 (1024) read 0x157000
3961 (1024) read 0x157400
3962 (1024) read 0x157800
3963 (1024) read 0x157C00
3964 (1024) read 0x177000
3965 (1024) read 0x177400
3966 (1024) read 0x177800
3967 (1024) read 0x177C00
3968 (1024) read 0x118000
3969 (1024) read 0x118400
3970 (1024) read 0x118800
3971 (1024) read 0x118C00
3972 (1024) read 0x138000
3973 (1024) read 0x138400
3974 (1024) read 0x138800
3975 (1024) read 0x138C00
3976 (1024) read 0x158000
3977 (1024) read 0x158400
3978 (1024) read 0x158800
3979 (1024) read 0x158C00
3980 (1024) read 0x178000
3981 (1024) read 0x178400
3982 (1024) read 0x178800
3983 (1024) read 0x178C00
3984 (1024) read 0x119000
3985 (1024) read 0x119400
3986 (1024) read 0x119800
3987 (1024) read 0x119C00
3988 (1024) read 0x139000
3989 (1024) read 0x139400
3990 (1024) read 0x139800
3991 (1024) read 0x139C00
3992 (1024) read 0x159000
3993 (1024) read 0x159400
3994 (1024) read 0x159800
3995 (1024) read 0x159C00
3996 (1024) read 0x179000
3997 (1024) read 0x179400
3998 (1024) read 0x179800
3999 (1024) read 0x179C00
4000 (1024) read 0x11A000
4001 (1024) read 0x11A400
4002 (1024) read 0x11A800
4003 (1024) read 0x11AC00
4004 (1024) read 0x13A000
4005 (1024) read 0x13A400
4006 (1024) read 0x13A800
4007 (1024) read 0x13AC00
4008 (1024) read 0x15A000
4009 (1024) read 0x15A400
4010 (1024) read 0x15A800
4011 (1024) read 0x15AC00
4012 (1024) read 0x17A000
4013 (1024) read 0x17A400
4014 (1024) read 0x17A800
4015 (1024) read 0x17AC00
4016 (1024) read 0x11B000
4017 (1024) read 0x11B400
4018 (1024) read 0x11B800
4019 (1024) read 0x11BC00
4020 (1024) read 0x13B000
4021 (1024) read 0x13B400
4022 (1024) read 0x13B800
4023 (1024) read 0x13BC00
4024 (1024) read 0x15B000
4025 (1024) read 0x15B400
4026 (1024) read 0x15B800
4027 (1024) read 0x15BC00
4028 (1024) read 0x17B000
4029 (1024) read 0x17B400
4030 (1024) read 0x17B800
4031 (1024) read 0x17BC00
4032 (1024) read 0x11C000
4033 (1024) read 0x11C400
4034 (1024) read 0x11C800
4035 (1024) read 0x11CC00
4036 (1024) read 0x13C000
4037 (1024) read 0x13C400
4038 (1024) read 0x13C800
4039 (1024) read 0x13CC00
4040 (1024) read 0x15C000
4041 (1024) read 0x15C400
4042 (1024) read 0x15C800
4043 (1024) read 0x15CC00
4044 (1024) read 0x17C000
4045 (1024) read 0x17C400
4046 (1024) read 0x17C800
4047 (1024) read 0x17CC00
4048 (1024) read 0x11D000
4049 (1024) read 0x11D400
4050 (1024) read 0x11D800
4051 (1024) read 0x11DC00
4052 (1024) read 0x13D000
4053 (1024) read 0x13D400
4054 (1024) read 0x13D800
4055 (1024) read 0x13DC00
4056 (1024) read 0x15D000
4057 (1024) read 0x15D400
4058 (1024) read 0x15D800
4059 (1024) read 0x15DC00
4060 (1024) read 0x17D000
4061 (1024) read 0x17D400
4062 (1024) read 0x17D800
4063 (1024) read 0x17DC00
4064 (1024) read 0x11E000
4065 (1024) read 0x11E400
4066 (1024) read 0x11E800
4067 (1024) read 0x11EC00
4068 (1024) read 0x13E000
4069 (1024) read 0x13E400
4070 (1024) read 0x13E800
4071 (1024) read 0x13EC00
4072 (1024) read 0x15E000
4073 (1024) read 0x15E400
4074 (1024) read 0x15E800
4075 (1024) read 0x15EC00
4076 (1024) read 0x17E000
4077 (1024) read 0x17E400
4078 (1024) read 0x17E800
4079 (1024) read 0x17EC00
4080 (1024) read 0x11F000
4081 (1024) read 0x11F400
4082 (1024) read 0x11F800
4083 (1024) read 0x11FC00
4084 (1024) read 0x13F000
4085 (1024) read 0x13F400
4086 (1024) read 0x13F800
4087 (1024) read 0x13FC00
4088 (1024) read 0x15F000
4089 (1024) read 0x15F400
4090 (1024) read 0x15F800
4091 (1024) read 0x15FC00
4092 (1024) read 0x17F000
4093 (1024) read 0x17F400
4094 (1024) read 0x17F800
4095 (1024) read 0x17FC00
4096 (1024) read 0x120000
4097 (1024) read 0x120400
4098 (1024) read 0x120800
4099 (1024) read 0x120C00
4100 (1024) read 0x140000
4101 (1024) read 0x140400
4102 (1024) read 0x140800
4103 (1024) read 0x140C00
4104 (1024) read 0x160000
4105 (1024) read 0x160400
4106 (1024) read 0x160800
4107 (1024) read 0x160C00
4108 (1024) read 0x180000
4109 (1024) read 0x180400
4110 (1024) read 0x180800
4111 (1024) read 0x180C00
4112 (1024) read 0x121000
4113 (1024) read 0x121400
4114 (1024) read 0x121800
4115 (1024) read 0x121C00
4116 (1024) read 0x141000
4117 (1024) read 0x141400
4118 (1024) read 0x141800
4119 (1024) read 0x141C00
4120 (1024) read 0x161000
4121 (1024) read 0x161400
4122 (1024) read 0x161800
4123 (1024) read 0x161C00
4124 (1024) read 0x181000
4125 (1024) read 0x181400
4126 (1024) read 0x181800
4127 (1024) read 0x181C00
4128 (1024) read 0x122000
4129 (1024) read 0x122400
4130 (1024) read 0x122800
4131 (1024) read 0x122C00
4132 (1024) read 0x142000
4133 (1024) read 0x142400
4134 (1024) read 0x142800
4135 (1024) read 0x142C00
4136 (1024) read 0x162000
4137 (1024) read 0x162400
4138 (1024) read 0x162800
4139 (1024) read 0x162C00
4140 (1024) read 0x182000
4141 (1024) read 0x182400
4142 (1024) read 0x182800
4143 (1024) read 0x182C00
4144 (1024) read 0x123000
4145 (1024) read 0x123400
4146 (1024) read 0x123800
4147 (1024) read 0x123C00
4148 (1024) read 0x143000
4149 (1024) read 0x143400
4150 (1024) read 0x143800
4151 (1024) read 0x143C00
4152 (1024) read 0x163000
4153 (1024) read 0x163400
4154 (1024) read 0x163800
4155 (1024) read 0x163C00
4156 (1024) read 0x183000
4157 (1024) read 0x183400
4158 (1024) read 0x183800
4159 (1024) read 0x183C00
4160 (1024) read 0x124000
4161 (1024) read 0x124400
4162 (1024) read 0x124800
4163 (1024) read 0x124C00
4164 (1024) read 0x144000
4165 (1024) read 0x144400
4166 (1024) read 0x144800
4167 (1024) read 0x144C00
4168 (1024) read 0x164000
4169 (1024) read 0x164400
4170 (1024) read 0x164800
4171 (1024) read 0x164C00
4172 (1024) read 0x184000
4173 (1024) read 0x184400
4174 (1024) read 0x184800
4175 (1024) read 0x184C00
4176 (1024) read 0x125000
4177 (1024) read 0x125400
4178 (1024) read 0x125800
4179 (1024) read 0x125C00
4180 (1024) read 0x145000
4181 (1024) read 0x145400
4182 (1024) read 0x145800
4183 (1024) read 0x145C00
4184 (1024) read 0x165000
4185 (1024) read 0x165400
4186 (1024) read 0x165800
4187 (1024) read 0x165C00
4188 (1024) read 0x185000
4189 (1024) read 0x185400
4190 (1024) read 0x185800
4191 (1024) read 0x185C00
4192 (1024) read 0x126000
4193 (1024) read 0x126400
4194 (1024) read 0x126800
4195 (1024) read 0x126C00
4196 (1024) read 0x146000
4197 (1024) read 0x146400
4198 (1024) read 0x146800
4199 (1024) read 0x146C00
4200 (1024) read 0x166000
4201 (1024) read 0x166400
4202 (1024) read 0x166800
4203 (1024) read 0x166C00
4204 (1024) read 0x186000
4205 (1024) read 0x186400
4206 (1024) read 0x186800
4207 (1024) read 0x186C00
4208 (1024) read 0x127000
4209 (1024) read 0x127400
4210 (1024) read 0x127800
4211 (1024) read 0x127C00
4212 (1024) read 0x147000
4213 (1024) read 0x147400
4214 (1024) read 0x147800
4215 (1024) read 0x147C00
4216 (1024) read 0x167000
4217 (1024) read 0x167400
4218 (1024) read 0x167800
4219 (1024) read 0x167C00
4220 (1024) read 0x187000
4221 (1024) read 0x187400
4222 (1024) read 0x187800
4223 (1024) read 0x187C00
4224 (1024) read 0x128000
4225 (1024) read 0x128400
4226 (1024) read 0x128800
4227 (1024) read 0x128C00
4228 (1024) read 0x148000
4229 (1024) read 0x148400
4230 (1024) read 0x148800
4231 (1024) read 0x148C00
4232 (1024) read 0x168000
4233 (1024) read 0x168400
4234 (1024) read 0x168800
4235 (1024) read 0x168C00
4236 (1024) read 0x188000
4237 (1024) read 0x188400
4238 (1024) read 0x188800
4239 (1024) read 0x188C00
4240 (1024) read 0x129000
4241 (1024) read 0x129400
4242 (1024) read 0x129800
4243 (1024) read 0x129C00
4244 (1024) read 0x149000
4245 (1024) read 0x149400
4246 (1024) read 0x149800
4247 (1024) read 0x149C00
4248 (1024) read 0x169000
4249 (1024) read 0x169400
4250 (1024) read 0x169800
4251 (1024) read 0x169C00
4252 (1024) read 0x189000
4253 (1024) read 0x189400
4254 (1024) read 0x189800
4255 (1024) read 0x189C00
4256 (1024) read 0x12A000
4257 (1024) read 0x12A400
4258 (1024) read 0x12A800
4259 (1024) read 0x12AC00
4260 (1024) read 0x14A000
4261 (1024) read 0x14A400
4262 (1024) read 0x14A800
4263 (1024) read 0x14AC00
4264 (1024) read 0x16A000
4265 (1024) read 0x16A400
4266 (1024) read 0x16A800
4267 (1024) read 0x16AC00
4268 (1024) read 0x18A000
4269 (1024) read 0x18A400
4270 (1024) read 0x18A800
4271 (1024) read 0x18AC00
4272 (1024) read 0x12B000
4273 (1024) read 0x12B400
4274 (1024) read 0x12B800
4275 (1024) read 0x12BC00
4276 (1024) read 0x14B000
4277 (1024) read 0x14B400
4278 (1024) read 0x14B800
4279 (1024) read 0x14BC00
4280 (1024) read 0x16B000
4281 (1024) read 0x16B400
4282 (1024) read 0x16B800
4283 (1024) read 0x16BC00
4284 (1024) read 0x18B000
4285 (1024) read 0x18B400
4286 (1024) read 0x18B800
4287 (1024) read 0x18BC00
4288 (1024) read 0x12C000
4289 (1024) read 0x12C400
4290 (1024) read 0x12C800
4291 (1024) read 0x12CC00
4292 (1024) read 0x14C000
4293 (1024) read 0x14C400
4294 (1024) read 0x14C800
4295 (1024) read 0x14CC00
4296 (1024) read 0x16C000
4297 (1024) read 0x16C400
4298 (1024) read 0x16C800
4299 (1024) read 0x16CC00
4300 (1024) read 0x18C000
4301 (1024) read 0x18C400
4302 (1024) read 0x18C800
4303 (1024) read 0x18CC00
4304 (1024) read 0x12D000
4305 (1024) read 0x12D400
4306 (1024) read 0x12D800
4307 (1024) read 0x12DC00
4308 (1024) read 0x14D000
4309 (1024) read 0x14D400
4310 (1024) read 0x14D800
4311 (1024) read 0x14DC00
4312 (1024) read 0x16D000
4313 (1024) read 0x16D400
4314 (1024) read 0x16D800
4315 (1024) read 0x16DC00
4316 (1024) read 0x18D000
4317 (1024) read 0x18D400
4318 (1024) read 0x18D800
4319 (1024) read 0x18DC00
4320 (1024) read 0x12E000
4321 (1024) read 0x12E400
4322 (1024) read 0x12E800
4323 (1024) read 0x12EC00
4324 (1024) read 0x14E000
4325 (1024) read 0x14E400
4326 (1024) read 0x14E800
4327 (1024) read 0x14EC00
4328 (1024) read 0x16E000
4329 (1024) read 0x16E400
4330 (1024) read 0x16E800
4331 (1024) read 0x16EC00
4332 (1024) read 0x18E000
4333 (1024) read 0x18E400
4334 (1024) read 0x18E800
4335 (1024) read 0x18EC00
4336 (1024) read 0x12F000
4337 (1024) read 0x12F400
4338 (1024) read 0x12F800
4339 (1024) read 0x12FC00
4340 (1024) read 0x14F000
4341 (1024) read 0x14F400
4342 (1024) read 0x14F800
4343 (1024) read 0x14FC00
4344 (1024) read 0x16F000
4345 (1024) read 0x16F400
4346 (1024) read 0x16F800
4347 (1024) read 0x16FC00
4348 (1024) read 0x18F000
4349 (1024) read 0x18F400
4350 (1024) read 0x18F800
4351 (1024) read 0x18FC00
4352 (1024) read 0x130000
4353 (1024) read 0x130400
4354 (1024) read 0x130800
4355 (1024) read 0x130C00
4356 (1024) read 0x150000
4357 (1024) read 0x150400
4358 (1024) read 0x150800
4359 (1024) read 0x150C00
4360 (1024) read 0x170000
4361 (1024) read 0x170400
4362 (1024) read 0x170800
4363 (1024) read 0x170C00
4364 (1024) read 0x190000
4365 (1024) read 0x190400
4366 (1024) read 0x190800
4367 (1024) read 0x190C00
4368 (1024) read 0x131000
4369 (1024) read 0x131400
4370 (1024) read 0x131800
4371 (1024) read 0x131C00
4372 (1024) read 0x151000
4373 (1024) read 0x151400
4374 (1024) read 0x151800
4375 (1024) read 0x151C00
4376 (1024) read 0x171000
4377 (1024) read 0x171400
4378 (1024) read 0x171800
4379 (1024) read 0x171C00
4380 (1024) read 0x191000
4381 (1024) read 0x191400
4382 (1024) read 0x191800
4383 (1024) read 0x191C00
4384 (1024) read 0x132000
4385 (1024) read 0x132400
4386 (1024) read 0x132800
4387 (1024) read 0x132C00
4388 (1024) read 0x152000
4389 (1024) read 0x152400
4390 (1024) read 0x152800
4391 (1024) read 0x152C00
4392 (1024) read 0x172000
4393 (1024) read 0x172400
4394 (1024) read 0x172800
4395 (1024) read 0x172C00
4396 (1024) read 0x192000
4397 (1024) read 0x192400
4398 (1024) read 0x192800
4399 (1024) read 0x192C00
4400 (1024) read 0x133000
4401 (1024) read 0x133400
4402 (1024) read 0x133800
4403 (1024) read 0x133C00
4404 (1024) read 0x153000
4405 (1024) read 0x153400
4406 (1024) read 0x153800
4407 (1024) read 0x153C00
4408 (1024) read 0x173000
4409 (1024) read 0x173400
4410 (1024) read 0x173800
4411 (1024) read 0x173C00
4412 (1024) read 0x193000
4413 (1024) read 0x193400
4414 (1024) read 0x193800
4415 (1024) read 0x193C00
4416 (1024) read 0x134000
4417 (1024) read 0x134400
4418 (1024) read 0x134800
4419 (1024) read 0x134C00
4420 (1024) read 0x154000
4421 (1024) read 0x154400
4422 (1024) read 0x154800
4423 (1024) read 0x154C00
4424 (1024) read 0x174000
4425 (1024) read 0x174400
4426 (1024) read 0x174800
4427 (1024) read 0x174C00
4428 (1024) read 0x194000
4429 (1024) read 0x194400
4430 (1024) read 0x194800
4431 (1024) read 0x194C00
4432 (1024) read 0x135000
4433 (1024) read 0x135400
4434 (1024) read 0x135800
4435 (1024) read 0x135C00
4436 (1024) read 0x155000
4437 (1024) read 0x155400
4438 (1024) read 0x155800
4439 (1024) read 0x155C00
4440 (1024) read 0x175000
4441 (1024) read 0x175400
4442 (1024) read 0x175800
4443 (1024) read 0x175C00
4444 (1024) read 0x195000
4445 (1024) read 0x195400
4446 (1024) read 0x195800
4447 (1024) read 0x195C00
4448 (1024) read 0x136000
4449 (1024) read 0x136400
4450 (1024) read 0x136800
4451 (1024) read 0x136C00
4452 (1024) read 0x156000
4453 (1024) read 0x156400
4454 (1024) read 0x156800
4455 (1024) read 0x156C00
4456 (1024) read 0x176000
4457 (1024) read 0x176400
4458 (1024) read 0x176800
4459 (1024) read 0x176C00
4460 (1024) read 0x196000
4461 (1024) read 0x196400
4462 (1024) read 0x196800
4463 (1024) read 0x196C00
4464 (1024) read 0x137000
4465 (1024) read 0x137400
4466 (1024) read 0x137800
4467 (1024) read 0x137C00
4468 (1024) read 0x157000
4469 (1024) read 0x157400
4470 (1024) read 0x157800
4471 (1024) read 0x157C00
4472 (1024) read 0x177000
4473 (1024) read 0x177400
4474 (1024) read 0x177800
4475 (1024) read 0x177C00
4476 (1024) read 0x197000
4477 (1024) read 0x197400
4478 (1024) read 0x197800
4479 (1024) read 0x197C00
4480 (1024) read 0x138000
4481 (1024) read 0x138400
4482 (1024) read 0x138800
4483 (1024) read 0x138C00
4484 (1024) read 0x158000
4485 (1024) read 0x158400
4486 (1024) read 0x158800
4487 (1024) read 0x158C00
4488 (1024) read 0x178000
4489 (1024) read 0x178400
4490 (1024) read 0x178800
4491 (1024) read 0x178C00
4492 (1024) read 0x198000
4493 (1024) read 0x198400
4494 (1024) read 0x198800
4495 (1024) read 0x198C00
4496 (1024) read 0x139000
4497 (1024) read 0x139400
4498 (1024) read 0x139800
4499 (1024) read 0x139C00
4500 (1024) read 0x159000
4501 (1024) read 0x159400
4502 (1024) read 0x159800
4503 (1024) read 0x159C00
4504 (1024) read 0x179000
4505 (1024) read 0x179400
4506 (1024) read 0x179800
4507 (1024) read 0x179C00
4508 (1024) read 0x199000
4509 (1024) read 0x199400
4510 (1024) read 0x199800
4511 (1024) read 0x199C00
4512 (1024) read 0x13A000
4513 (1024) read 0x13A400
4514 (1024) read 0x13A800
4515 (1024) read 0x13AC00
4516 (1024) read 0x15A000
4517 (1024) read 0x15A400
4518 (1024) read 0x15A800
4519 (1024) read 0x15AC00
4520 (1024) read 0x17A000
4521 (1024) read 0x17A400
4522 (1024) read 0x17A800
4523 (1024) read 0x17AC00
4524 (1024) read 0x19A000
4525 (1024) read 0x19A400
4526 (1024) read 0x19A800
4527 (1024) read 0x19AC00
4528 (1024) read 0x13B000
4529 (1024) read 0x13B400
4530 (1024) read 0x13B800
4531 (1024) read 0x13BC00
4532 (1024) read 0x15B000
4533 (1024) read 0x15B400
4534 (1024) read 0x15B800
4535 (1024) read 0x15BC00
4536 (1024) read 0x17B000
4537 (1024) read 0x17B400
4538 (1024) read 0x17B800
4539 (1024) read 0x17BC00
4540 (1024) read 0x19B000
4541 (1024) read 0x19B400
4542 (1024) read 0x19B800
4543 (1024) read 0x19BC00
4544 (1024) read 0x13C000
4545 (1024) read 0x13C400
4546 (1024) read 0x13C800
4547 (1024) read 0x13CC00
4548 (1024) read 0x15C000
4549 (1024) read 0x15C400
4550 (1024) read 0x15C800
4551 (1024) read 0x15CC00
4552 (1024) read 0x17C000
4553 (1024) read 0x17C400
4554 (1024) read 0x17C800
4555 (1024) read 0x17CC00
4556 (1024) read 0x19C000
4557 (1024) read 0x19C400
4558 (1024) read 0x19C800
4559 (1024) read 0x19CC00
4560 (1024) read 0x13D000
4561 (1024) read 0x13D400
4562 (1024) read 0x13D800
4563 (1024) read 0x13DC00
4564 (1024) read 0x15D000
4565 (1024) read 0x15D400
4566 (1024) read 0x15D800
4567 (1024) read 0x15DC00
4568 (1024) read 0x17D000
4569 (1024) read 0x17D400
4570 (1024) read 0x17D800
4571 (1024) read 0x17DC00
4572 (1024) read 0x19D000
4573 (1024) read 0x19D400
4574 (1024) read 0x19D800
4575 (1024) read 0x19DC00
4576 (1024) read 0x13E000
4577 (1024) read 0x13E400
4578 (1024) read 0x13E800
4579 (1024) read 0x13EC00
4580 (1024) read 0x15E000
4581 (1024) read 0x15E400
4582 (1024) read 0x15E800
4583 (1024) read 0x15EC00
4584 (1024) read 0x17E000
4585 (1024) read 0x17E400
4586 (1024) read 0x17E800
4587 (1024) read 0x17EC00
4588 (1024) read 0x19E000
4589 (1024) read 0x19E400
4590 (1024) read 0x19E800
4591 (1024) read 0x19EC00
4592 (1024) read 0x13F000
4593 (1024) read 0x13F400
4594 (1024) read 0x13F800
4595 (1024) read 0x13FC00
4596 (1024) read 0x15F000
4597 (1024) read 0x15F400
4598 (1024) read 0x15F800
4599 (1024) read 0x15FC00
4600 (1024) read 0x17F000
4601 (1024) read 0x17F400
4602 (1024) read 0x17F800
4603 (1024) read 0x17FC00
4604 (1024) read 0x19F000
4605 (1024) read 0x19F400
4606 (1024) read 0x19F800
4607 (1024) read 0x19FC00
4608 (1024) read 0x140000
4609 (1024) read 0x140400
4610 (1024) read 0x140800
4611 (1024) read 0x140C00
4612 (1024) read 0x160000
4613 (1024) read 0x160400
4614 (1024) read 0x160800
4615 (1024) read 0x160C00
4616 (1024) read 0x180000
4617 (1024) read 0x180400
4618 (1024) read 0x180800
4619 (1024) read 0x180C00
4620 (1024) read 0x1A0000
4621 (1024) read 0x1A0400
4622 (1024) read 0x1A0800
4623 (1024) read 0x1A0C00
4624 (1024) read 0x141000
4625 (1024) read 0x141400
4626 (1024) read 0x141800
4627 (1024) read 0x141C00
4628 (1024) read 0x161000
4629 (1024) read 0x161400
4630 (1024) read 0x161800
4631 (1024) read 0x161C00
4632 (1024) read 0x181000
4633 (1024) read 0x181400
4634 (1024) read 0x181800
4635 (1024) read 0x181C00
4636 (1024) read 0x1A1000
4637 (1024) read 0x1A1400
4638 (1024) read 0x1A1800
4639 (1024) read 0x1A1C00
4640 (1024) read 0x142000
4641 (1024) read 0x142400
4642 (1024) read 0x142800
4643 (1024) read 0x142C00
4644 (1024) read 0x162000
4645 (1024) read 0x162400
4646 (1024) read 0x162800
4647 (1024) read 0x162C00
4648 (1024) read 0x182000
4649 (1024) read 0x182400
4650 (1024) read 0x182800
4651 (1024) read 0x182C00
4652 (1024) read 0x1A2000
4653 (1024) read 0x1A2400
4654 (1024) read 0x1A2800
4655 (1024) read 0x1A2C00
4656 (1024) read 0x143000
4657 (1024) read 0x143400
4658 (1024) read 0x143800
4659 (1024) read 0x143C00
4660 (1024) read 0x163000
4661 (1024) read 0x163400
4662 (1024) read 0x163800
4663 (1024) read 0x163C00
4664 (1024) read 0x183000
4665 (1024) read 0x183400
4666 (1024) read 0x183800
4667 (1024) read 0x183C00
4668 (1024) read 0x1A3000
4669 (1024) read 0x1A3400
4670 (1024) read 0x1A3800
4671 (1024) read 0x1A3C00
4672 (1024) read 0x144000
4673 (1024) read 0x144400
4674 (1024) read 0x144800
4675 (1024) read 0x144C00
4676 (1024) read 0x164000
4677 (1024) read 0x164400
4678 (1024) read 0x164800
4679 (1024) read 0x164C00
4680 (1024) read 0x184000
4681 (1024) read 0x184400
4682 (1024) read 0x184800
4683 (1024) read 0x184C00
4684 (1024) read 0x1A4000
4685 (1024) read 0x1A4400
4686 (1024) read 0x1A4800
4687 (1024) read 0x1A4C00
4688 (1024) read 0x145000
4689 (1024) read 0x145400
4690 (1024) read 0x145800
4691 (1024) read 0x145C00
4692 (1024) read 0x165000
4693 (1024) read 0x165400
4694 (1024) read 0x165800
4695 (1024) read 0x165C00
4696 (1024) read 0x185000
4697 (1024) read 0x185400
4698 (1024) read 0x185800
4699 (1024) read 0x185C00
4700 (1024) read 0x1A5000
4701 (1024) read 0x1A5400
4702 (1024) read 0x1A5800
4703 (1024) read 0x1A5C00
4704 (1024) read 0x146000
4705 (1024) read 0x146400
4706 (1024) read 0x146800
4707 (1024) read 0x146C00
4708 (1024) read 0x166000
4709 (1024) read 0x166400
4710 (1024) read 0x166800
4711 (1024) read 0x166C00
4712 (1024) read 0x186000
4713 (1024) read 0x186400
4714 (1024) read 0x186800
4715 (1024) read 0x186C00
4716 (1024) read 0x1A6000
4717 (1024) read 0x1A6400
4718 (1024) read 0x1A6800
4719 (1024) read 0x1A6C00
4720 (1024) read 0x147000
4721 (1024) read 0x147400
4722 (1024) read 0x147800
4723 (1024) read 0x147C00
4724 (1024) read 0x167000
4725 (1024) read 0x167400
4726 (1024) read 0x167800
4727 (1024) read 0x167C00
4728 (1024) read 0x187000
4729 (1024) read 0x187400
4730 (1024) read 0x187800
4731 (1024) read 0x187C00
4732 (1024) read 0x1A7000
4733 (1024) read 0x1A7400
4734 (1024) read 0x1A7800
4735 (1024) read 0x1A7C00
4736 (1024) read 0x148000
4737 (1024) read 0x148400
4738 (1024) read 0x148800
4739 (1024) read 0x148C00
4740 (1024) read 0x168000
4741 (1024) read 0x168400
4742 (1024) read 0x168800
4743 (1024) read 0x168C00
4744 (1024) read 0x188000
4745 (1024) read 0x188400
4746 (1024) read 0x188800
4747 (1024) read 0x188C00
4748 (1024) read 0x1A8000
4749 (1024) read 0x1A8400
4750 (1024) read 0x1A8800
4751 (1024) read 0x1A8C00
4752 (1024) read 0x149000
4753 (1024) read 0x149400
4754 (1024) read 0x149800
4755 (1024) read 0x149C00
4756 (1024) read 0x169000
4757 (1024) read 0x169400
4758 (1024) read 0x169800
4759 (1024) read 0x169C00
4760 (1024) read 0x189000
4761 (1024) read 0x189400
4762 (1024) read 0x189800
4763 (1024) read 0x189C00
4764 (1024) read 0x1A9000
4765 (1024) read 0x1A9400
4766 (1024) read 0x1A9800
4767 (1024) read 0x1A9C00
4768 (1024) read 0x14A000
4769 (1024) read 0x14A400
4770 (1024) read 0x14A800
4771 (1024) read 0x14AC00
4772 (1024) read 0x16A000
4773 (1024) read 0x16A400
4774 (1024) read 0x16A800
4775 (1024) read 0x16AC00
4776 (1024) read 0x18A000
4777 (1024) read 0x18A400
4778 (1024) read 0x18A800
4779 (1024) read 0x18AC00
4780 (1024) read 0x1AA000
4781 (1024) read 0x1AA400
4782 (1024) read 0x1AA800
4783 (1024) read 0x1AAC00
4784 (1024) read 0x14B000
4785 (1024) read 0x14B400
4786 (1024) read 0x14B800
4787 (1024) read 0x14BC00
4788 (1024) read 0x16B000
4789 (1024) read 0x16B400
4790 (1024) read 0x16B800
4791 (1024) read 0x16BC00
4792 (1024) read 0x18B000
4793 (1024) read 0x18B400
4794 (1024) read 0x18B800
4795 (1024) read 0x18BC00
4796 (1024) read 0x1AB000
4797 (1024) read 0x1AB400
4798 (1024) read 0x1AB800
4799 (1024) read 0x1ABC00
4800 (1024) read 0x14C000
4801 (1024) read 0x14C400
4802 (1024) read 0x14C800
4803 (1024) read 0x14CC00
4804 (1024) read 0x16C000
4805 (1024) read 0x16C400
4806 (1024) read 0x16C800
4807 (1024) read 0x16CC00
4808 (1024) read 0x18C000
4809 (1024) read 0x18C400
4810 (1024) read 0x18C800
4811 (1024) read 0x18CC00
4812 (1024) read 0x1AC000
4813 (1024) read 0x1AC400
4814 (1024) read 0x1AC800
4815 (1024) read 0x1ACC00
4816 (1024) read 0x14D000
4817 (1024) read 0x14D400
4818 (1024) read 0x14D800
4819 (1024) read 0x14DC00
4820 (1024) read 0x16D000
4821 (1024) read 0x16D400
4822 (1024) read 0x16D800
4823 (1024) read 0x16DC00
4824 (1024) read 0x18D000
4825 (1024) read 0x18D400
4826 (1024) read 0x18D800
4827 (1024) read 0x18DC00
4828 (1024) read 0x1AD000
4829 (1024) read 0x1AD400
4830 (1024) read 0x1AD800
4831 (1024) read 0x1ADC00
4832 (1024) read 0x14E000
4833 (1024) read 0x14E400
4834 (1024) read 0x14E800
4835 (1024) read 0x14EC00
4836 (1024) read 0x16E000
4837 (1024) read 0x16E400
4838 (1024) read 0x16E800
4839 (1024) read 0x16EC00
4840 (1024) read 0x18E000
4841 (1024) read 0x18E400
4842 (1024) read 0x18E800
4843 (1024) read 0x18EC00
4844 (1024) read 0x1AE000
4845 (1024) read 0x1AE400
4846 (1024) read 0x1AE800
4847 (1024) read 0x1AEC00
4848 (1024) read 0x14F000
4849 (1024) read 0x14F400
4850 (1024) read 0x14F800
4851 (1024) read 0x14FC00
4852 (1024) read 0x16F000
4853 (1024) read 0x16F400
4854 (1024) read 0x16F800
4855 (1024) read 0x16FC00
4856 (1024) read 0x18F000
4857 (1024) read 0x18F400
4858 (1024) read 0x18F800
4859 (1024) read 0x18FC00
4860 (1024) read 0x1AF000
4861 (1024) read 0x1AF400
4862 (1024) read 0x1AF800
4863 (1024) read 0x1AFC00
4864 (1024) read 0x150000
4865 (1024) read 0x150400
4866 (1024) read 0x150800
4867 (1024) read 0x150C00
4868 (1024) read 0x170000
4869 (1024) read 0x170400
4870 (1024) read 0x170800
4871 (1024) read 0x170C00
4872 (1024) read 0x190000
4873 (1024) read 0x190400
4874 (1024) read 0x190800
4875 (1024) read 0x190C00
4876 (1024) read 0x1B0000
4877 (1024) read 0x1B0400
4878 (1024) read 0x1B0800
4879 (1024) read 0x1B0C00
4880 (1024) read 0x151000
4881 (1024) read 0x151400
4882 (1024) read 0x151800
4883 (1024) read 0x151C00
4884 (1024) read 0x171000
4885 (1024) read 0x171400
4886 (1024) read 0x171800
4887 (1024) read 0x171C00
4888 (1024) read 0x191000
4889 (1024) read 0x191400
4890 (1024) read 0x191800
4891 (1024) read 0x191C00
4892 (1024) read 0x1B1000
4893 (1024) read 0x1B1400
4894 (1024) read 0x1B1800
4895 (1024) read 0x1B1C00
4896 (1024) read 0x152000
4897 (1024) read 0x152400
4898 (1024) read 0x152800
4899 (1024) read 0x152C00
4900 (1024) read 0x172000
4901 (1024) read 0x172400
4902 (1024) read 0x172800
4903 (1024) read 0x172C00
4904 (1024) read 0x192000
4905 (1024) read 0x192400
4906 (1024) read 0x192800
4907 (1024) read 0x192C00
4908 (1024) read 0x1B2000
4909 (1024) read 0x1B2400
4910 (1024) read 0x1B2800
4911 (1024) read 0x1B2C00
4912 (1024) read 0x153000
4913 (1024) read 0x153400
4914 (1024) read 0x153800
4915 (1024) read 0x153C00
4916 (1024) read 0x173000
4917 (1024) read 0x173400
4918 (1024) read 0x173800
4919 (1024) read 0x173C00
4920 (1024) read 0x193000
4921 (1024) read 0x193400
4922 (1024) read 0x193800
4923 (1024) read 0x193C00
4924 (1024) read 0x1B3000
4925 (1024) read 0x1B3400
4926 (1024) read 0x1B3800
4927 (1024) read 0x1B3C00
4928 (1024) read 0x154000
4929 (1024) read 0x154400
4930 (1024) read 0x154800
4931 (1024) read 0x154C00
4932 (1024) read 0x174000
4933 (1024) read 0x174400
4934 (1024) read 0x174800
4935 (1024) read 0x174C00
4936 (1024) read 0x194000
4937 (1024) read 0x194400
4938 (1024) read 0x194800
4939 (1024) read 0x194C00
4940 (1024) read 0x1B4000
4941 (1024) read 0x1B4400
4942 (1024) read 0x1B4800
4943 (1024) read 0x1B4C00
4944 (1024) read 0x155000
4945 (1024) read 0x155400
4946 (1024) read 0x155800
4947 (1024) read 0x155C00
4948 (1024) read 0x175000
4949 (1024) read 0x175400
4950 (1024) read 0x175800
4951 (1024) read 0x175C00
4952 (1024) read 0x195000
4953 (1024) read 0x195400
4954 (1024) read 0x195800
4955 (1024) read 0x195C00
4956 (1024) read 0x1B5000
4957 (1024) read 0x1B5400
4958 (1024) read 0x1B5800
4959 (1024) read 0x1B5C00
4960 (1024) read 0x156000
4961 (1024) read 0x156400
4962 (1024) read 0x156800
4963 (1024) read 0x156C00
4964 (1024) read 0x176000
4965 (1024) read 0x176400
4966 (1024) read 0x176800
4967 (1024) read 0x176C00
4968 (1024) read 0x196000
4969 (1024) read 0x196400
4970 (1024) read 0x196800
4971 (1024) read 0x196C00
4972 (1024) read 0x1B6000
4973 (1024) read 0x1B6400
4974 (1024) read 0x1B6800
4975 (1024) read 0x1B6C00
4976 (1024) read 0x157000
4977 (1024) read 0x157400
4978 (1024) read 0x157800
4979 (1024) read 0x157C00
4980 (1024) read 0x177000
4981 (1024) read 0x177400
4982 (1024) read 0x177800
4983 (1024) read 0x177C00
4984 (1024) read 0x197000
4985 (1024) read 0x197400
4986 (1024) read 0x197800
4987 (1024) read 0x197C00
4988 (1024) read 0x1B7000
4989 (1024) read 0x1B7400
4990 (1024) read 0x1B7800
4991 (1024) read 0x1B7C00
4992 (1024) read 0x158000
4993 (1024) read 0x158400
4994 (1024) read 0x158800
4995 (1024) read 0x158C00
4996 (1024) read 0x178000
4997 (1024) read 0x178400
4998 (1024) read 0x178800
4999 (1024) read 0x178C00
5000 (1024) read 0x198000
5001 (1024) read 0x198400
5002 (1024) read 0x198800
5003 (1024) read 0x198C00
5004 (1024) read 0x1B8000
5005 (1024) read 0x1B8400
5006 (1024) read 0x1B8800
5007 (1024) read 0x1B8C00
5008 (1024) read 0x159000
5009 (1024) read 0x159400
5010 (1024) read 0x159800
5011 (1024) read 0x159C00
5012 (1024) read 0x179000
5013 (1024) read 0x179400
5014 (1024) read 0x179800
5015 (1024) read 0x179C00
5016 (1024) read 0x199000
5017 (1024) read 0x199400
5018 (1024) read 0x199800
5019 (1024) read 0x199C00
5020 (1024) read 0x1B9000
5021 (1024) read 0x1B9400
5022 (1024) read 0x1B9800
5023 (1024) read 0x1B9C00
5024 (1024) read 0x15A000
5025 (1024) read 0x15A400
5026 (1024) read 0x15A800
5027 (1024) read 0x15AC00
5028 (1024) read 0x17A000
5029 (1024) read 0x17A400
5030 (1024) read 0x17A800
5031 (1024) read 0x17AC00
5032 (1024) read 0x19A000
5033 (1024) read 0x19A400
5034 (1024) read 0x19A800
5035 (1024) read 0x19AC00
5036 (1024) read 0x1BA000
5037 (1024) read 0x1BA400
5038 (1024) read 0x1BA800
5039 (1024) read 0x1BAC00
5040 (1024) read 0x15B000
5041 (1024) read 0x15B400
5042 (1024) read 0x15B800
5043 (1024) read 0x15BC00
5044 (1024) read 0x17B000
5045 (1024) read 0x17B400
5046 (1024) read 0x17B800
5047 (1024) read 0x17BC00
5048 (1024) read 0x19B000
5049 (1024) read 0x19B400
5050 (1024) read 0x19B800
5051 (1024) read 0x19BC00
5052 (1024) read 0x1BB000
5053 (1024) read 0x1BB400
5054 (1024) read 0x1BB800
5055 (1024) read 0x1BBC00
5056 (1024) read 0x15C000
5057 (1024) read 0x15C400
5058 (1024) read 0x15C800
5059 (1024) read 0x15CC00
5060 (1024) read 0x17C000
5061 (1024) read 0x17C400
5062 (1024) read 0x17C800
5063 (1024) read 0x17CC00
5064 (1024) read 0x19C000
5065 (1024) read 0x19C400
5066 (1024) read 0x19C800
5067 (1024) read 0x19CC00
5068 (1024) read 0x1BC000
5069 (1024) read 0x1BC400
5070 (1024) read 0x1BC800
5071 (1024) read 0x1BCC00
5072 (1024) read 0x15D000
5073 (1024) read 0x15D400
5074 (1024) read 0x15D800
5075 (1024) read 0x15DC00
5076 (1024) read 0x17D000
5077 (1024) read 0x17D400
5078 (1024) read 0x17D800
5079 (1024) read 0x17DC00
5080 (1024) read 0x19D000
5081 (1024) read 0x19D400
5082 (1024) read 0x19D800
5083 (1024) read 0x19DC00
5084 (1024) read 0x1BD000
5085 (1024) read 0x1BD400
5086 (1024) read 0x1BD800
5087 (1024) read 0x1BDC00
5088 (1024) read 0x15E000
5089 (1024) read 0x15E400
5090 (1024) read 0x15E800
5091 (1024) read 0x15EC00
5092 (1024) read 0x17E000
5093 (1024) read 0x17E400
5094 (1024) read 0x17E800
5095 (1024) read 0x17EC00
5096 (1024) read 0x19E000
5097 (1024) read 0x19E400
5098 (1024) read 0x19E800
5099 (1024) read 0x19EC00
5100 (1024) read 0x1BE000
5101 (1024) read 0x1BE400
5102 (1024) read 0x1BE800
5103 (1024) read 0x1BEC00
5104 (1024) read 0x15F000
5105 (1024) read 0x15F400
5106 (1024) read 0x15F800
5107 (1024) read 0x15FC00
5108 (1024) read 0x17F000
5109 (1024) read 0x17F400
5110 (1024) read 0x17F800
5111 (1024) read 0x17FC00
5112 (1024) read 0x19F000
5113 (1024) read 0x19F400
5114 (1024) read 0x19F800
5115 (1024) read 0x19FC00
5116 (1024) read 0x1BF000
5117 (1024) read 0x1BF400
5118 (1024) read 0x1BF800
5119 (1024) read 0x1BFC00
5120 (1024) read 0x160000
5121 (1024) read 0x160400
5122 (1024) read 0x160800
5123 (1024) read 0x160C00
5124 (1024) read 0x180000
5125 (1024) read 0x180400
5126 (1024) read 0x180800
5127 (1024) read 0x180C00
5128 (1024) read 0x1A0000
5129 (1024) read 0x1A0400
5130 (1024) read 0x1A0800
5131 (1024) read 0x1A0C00
5132 (1024) read 0x1C0000
5133 (1024) read 0x1C0400
5134 (1024) read 0x1C0800
5135 (1024) read 0x1C0C00
5136 (1024) read 0x161000
5137 (1024) read 0x161400
5138 (1024) read 0x161800
5139 (1024) read 0x161C00
5140 (1024) read 0x181000
5141 (1024) read 0x181400
5142 (1024) read 0x181800
5143 (1024) read 0x181C00
5144 (1024) read 0x1A1000
5145 (1024) read 0x1A1400
5146 (1024) read 0x1A1800
5147 (1024) read 0x1A1C00
5148 (1024) read 0x1C1000
5149 (1024) read 0x1C1400
5150 (1024) read 0x1C1800
5151 (1024) read 0x1C1C00
5152 (1024) read 0x162000
5153 (1024) read 0x162400
5154 (1024) read 0x162800
5155 (1024) read 0x162C00
5156 (1024) read 0x182000
5157 (1024) read 0x182400
5158 (1024) read 0x182800
5159 (1024) read 0x182C00
5160 (1024) read 0x1A2000
5161 (1024) read 0x1A2400
5162 (1024) read 0x1A2800
5163 (1024) read 0x1A2C00
5164 (1024) read 0x1C2000
5165 (1024) read 0x1C2400
5166 (1024) read 0x1C2800
5167 (1024) read 0x1C2C00
5168 (1024) read 0x163000
5169 (1024) read 0x163400
5170 (1024) read 0x163800
5171 (1024) read 0x163C00
5172 (1024) read 0x183000
5173 (1024) read 0x183400
5174 (1024) read 0x183800
5175 (1024) read 0x183C00
5176 (1024) read 0x1A3000
5177 (1024) read 0x1A3400
5178 (1024) read 0x1A3800
5179 (1024) read 0x1A3C00
5180 (1024) read 0x1C3000
5181 (1024) read 0x1C3400
5182 (1024) read 0x1C3800
5183 (1024) read 0x1C3C00
5184 (1024) read 0x164000
5185 (1024) read 0x164400
5186 (1024) read 0x164800
5187 (1024) read 0x164C00
5188 (1024) read 0x184000
5189 (1024) read 0x184400
5190 (1024) read 0x184800
5191 (1024) read 0x184C00
5192 (1024) read 0x1A4000
5193 (1024) read 0x1A4400
5194 (1024) read 0x1A4800
5195 (1024) read 0x1A4C00
5196 (1024) read 0x1C4000
5197 (1024) read 0x1C4400
5198 (1024) read 0x1C4800
5199 (1024) read 0x1C4C00
5200 (1024) read 0x165000
5201 (1024) read 0x165400
5202 (1024) read 0x165800
5203 (1024) read 0x165C00
5204 (1024) read 0x185000
5205 (1024) read 0x185400
5206 (1024) read 0x185800
5207 (1024) read 0x185C00
5208 (1024) read 0x1A5000
5209 (1024) read 0x1A5400
5210 (1024) read 0x1A5800
5211 (1024) read 0x1A5C00
5212 (1024) read 0x1C5000
5213 (1024) read 0x1C5400
5214 (1024) read 0x1C5800
5215 (1024) read 0x1C5C00
5216 (1024) read 0x166000
5217 (1024) read 0x166400
5218 (1024) read 0x166800
5219 (1024) read 0x166C00
5220 (1024) read 0x186000
5221 (1024) read 0x186400
5222 (1024) read 0x186800
5223 (1024) read 0x186C00
5224 (1024) read 0x1A6000
5225 (1024) read 0x1A6400
5226 (1024) read 0x1A6800
5227 (1024) read 0x1A6C00
5228 (1024) read 0x1C6000
5229 (1024) read 0x1C6400
5230 (1024) read 0x1C6800
5231 (1024) read 0x1C6C00
5232 (1024) read 0x167000
5233 (1024) read 0x167400
5234 (1024) read 0x167800
5235 (1024) read 0x167C00
5236 (1024) read 0x187000
5237 (1024) read 0x187400
5238 (1024) read 0x187800
5239 (1024) read 0x187C00
5240 (1024) read 0x1A7000
5241 (1024) read 0x1A7400
5242 (1024) read 0x1A7800
5243 (1024) read 0x1A7C00
5244 (1024) read 0x1C7000
5245 (1024) read 0x1C7400
5246 (1024) read 0x1C7800
5247 (1024) read 0x1C7C00
5248 (1024) read 0x168000
5249 (1024) read 0x168400
5250 (1024) read 0x168800
5251 (1024) read 0x168C00
5252 (1024) read 0x188000
5253 (1024) read 0x188400
5254 (1024) read 0x188800
5255 (1024) read 0x188C00
5256 (1024) read 0x1A8000
5257 (1024) read 0x1A8400
5258 (1024) read 0x1A8800
5259 (1024) read 0x1A8C00
5260 (1024) read 0x1C8000
5261 (1024) read 0x1C8400
5262 (1024) read 0x1C8800
5263 (1024) read 0x1C8C00
5264 (1024) read 0x169000
5265 (1024) read 0x169400
5266 (1024) read 0x169800
5267 (1024) read 0x169C00
5268 (1024) read 0x189000
5269 (1024) read 0x189400
5270 (1024) read 0x189800
5271 (1024) read 0x189C00
5272 (1024) read 0x1A9000
5273 (1024) read 0x1A9400
5274 (1024) read 0x1A9800
5275 (1024) read 0x1A9C00
5276 (1024) read 0x1C9000
5277 (1024) read 0x1C9400
5278 (1024) read 0x1C9800
5279 (1024) read 0x1C9C00
5280 (1024) read 0x16A000
5281 (1024) read 0x16A400
5282 (1024) read 0x16A800
5283 (1024) read 0x16AC00
5284 (1024) read 0x18A000
5285 (1024) read 0x18A400
5286 (1024) read 0x18A800
5287 (1024) read 0x18AC00
5288 (1024) read 0x1AA000
5289 (1024) read 0x1AA400
5290 (1024) read 0x1AA800
5291 (1024) read 0x1AAC00
5292 (1024) read 0x1CA000
5293 (1024) read 0x1CA400
5294 (1024) read 0x1CA800
5295 (1024) read 0x1CAC00
5296 (1024) read 0x16B000
5297 (1024) read 0x16B400
5298 (1024) read 0x16B800
5299 (1024) read 0x16BC00
5300 (1024) read 0x18B000
5301 (1024) read 0x18B400
5302 (1024) read 0x18B800
5303 (1024) read 0x18BC00
5304 (1024) read 0x1AB000
5305 (1024) read 0x1AB400
5306 (1024) read 0x1AB800
5307 (1024) read 0x1ABC00
5308 (1024) read 0x1CB000
5309 (1024) read 0x1CB400
5310 (1024) read 0x1CB800
5311 (1024) read 0x1CBC00
5312 (1024) read 0x16C000
5313 (1024) read 0x16C400
5314 (1024) read 0x16C800
5315 (1024) read 0x16CC00
5316 (1024) read 0x18C000
5317 (1024) read 0x18C400
5318 (1024) read 0x18C800
5319 (1024) read 0x18CC00
5320 (1024) read 0x1AC000
5321 (1024) read 0x1AC400
5322 (1024) read 0x1AC800
5323 (1024) read 0x1ACC00
5324 (1024) read 0x1CC000
5325 (1024) read 0x1CC400
5326 (1024) read 0x1CC800
5327 (1024) read 0x1CCC00
5328 (1024) read 0x16D000
5329 (1024) read 0x16D400
5330 (1024) read 0x16D800
5331 (1024) read 0x16DC00
5332 (1024) read 0x18D000
5333 (1024) read 0x18D400
5334 (1024) read 0x18D800
5335 (1024) read 0x18DC00
5336 (1024) read 0x1AD000
5337 (1024) read 0x1AD400
5338 (1024) read 0x1AD800
5339 (1024) read 0x1ADC00
5340 (1024) read 0x1CD000
5341 (1024) read 0x1CD400
5342 (1024) read 0x1CD800
5343 (1024) read 0x1CDC00
5344 (1024) read 0x16E000
5345 (1024) read 0x16E400
5346 (1024) read 0x16E800
5347 (1024) read 0x16EC00
5348 (1024) read 0x18E000
5349 (1024) read 0x18E400
5350 (1024) read 0x18E800
5351 (1024) read 0x18EC00
5352 (1024) read 0x1AE000
5353 (1024) read 0x1AE400
5354 (1024) read 0x1AE800
5355 (1024) read 0x1AEC00
5356 (1024) read 0x1CE000
5357 (1024) read 0x1CE400
5358 (1024) read 0x1CE800
5359 (1024) read 0x1CEC00
5360 (1024) read 0x16F000
5361 (1024) read 0x16F400
5362 (1024) read 0x16F800
5363 (1024) read 0x16FC00
5364 (1024) read 0x18F000
5365 (1024) read 0x18F400
5366 (1024) read 0x18F800
5367 (1024) read 0x18FC00
5368 (1024) read 0x1AF000
5369 (1024) read 0x1AF400
5370 (1024) read 0x1AF800
5371 (1024) read 0x1AFC00
5372 (1024) read 0x1CF000
5373 (1024) read 0x1CF400
5374 (1024) read 0x1CF800
5375 (1024) read 0x1CFC00
5376 (1024) read 0x170000
5377 (1024) read 0x170400
5378 (1024) read 0x170800
5379 (1024) read 0x170C00
5380 (1024) read 0x190000
5381 (1024) read 0x190400
5382 (1024) read 0x190800
5383 (1024) read 0x190C00
5384 (1024) read 0x1B0000
5385 (1024) read 0x1B0400
5386 (1024) read 0x1B0800
5387 (1024) read 0x1B0C00
5388 (1024) read 0x1D0000
5389 (1024) read 0x1D0400
5390 (1024) read 0x1D0800
5391 (1024) read 0x1D0C00
5392 (1024) read 0x171000
5393 (1024) read 0x171400
5394 (1024) read 0x171800
5395 (1024) read 0x171C00
5396 (1024) read 0x191000
5397 (1024) read 0x191400
5398 (1024) read 0x191800
5399 (1024) read 0x191C00
5400 (1024) read 0x1B1000
5401 (1024) read 0x1B1400
5402 (1024) read 0x1B1800
5403 (1024) read 0x1B1C00
5404 (1024) read 0x1D1000
5405 (1024) read 0x1D1400
5406 (1024) read 0x1D1800
5407 (1024) read 0x1D1C00
5408 (1024) read 0x172000
5409 (1024) read 0x172400
5410 (1024) read 0x172800
5411 (1024) read 0x172C00
5412 (1024) read 0x192000
5413 (1024) read 0x192400
5414 (1024) read 0x192800
5415 (1024) read 0x192C00
5416 (1024) read 0x1B2000
5417 (1024) read 0x1B2400
5418 (1024) read 0x1B2800
5419 (1024) read 0x1B2C00
5420 (1024) read 0x1D2000
5421 (1024) read 0x1D2400
5422 (1024) read 0x1D2800
5423 (1024) read 0x1D2C00
5424 (1024) read 0x173000
5425 (1024) read 0x173400
5426 (1024) read 0x173800
5427 (1024) read 0x173C00
5428 (1024) read 0x193000
5429 (1024) read 0x193400
5430 (1024) read 0x193800
5431 (1024) read 0x193C00
5432 (1024) read 0x1B3000
5433 (1024) read 0x1B3400
5434 (1024) read 0x1B3800
5435 (1024) read 0x1B3C00
5436 (1024) read 0x1D3000
5437 (1024) read 0x1D3400
5438 (1024) read 0x1D3800
5439 (1024) read 0x1D3C00
5440 (1024) read 0x174000
5441 (1024) read 0x174400
5442 (1024) read 0x174800
5443 (1024) read 0x174C00
5444 (1024) read 0x194000
5445 (1024) read 0x194400
5446 (1024) read 0x194800
5447 (1024) read 0x194C00
5448 (1024) read 0x1B4000
5449 (1024) read 0x1B4400
5450 (1024) read 0x1B4800
5451 (1024) read 0x1B4C00
5452 (1024) read 0x1D4000
5453 (1024) read 0x1D4400
5454 (1024) read 0x1D4800
5455 (1024) read 0x1D4C00
5456 (1024) read 0x175000
5457 (1024) read 0x175400
5458 (1024) read 0x175800
5459 (1024) read 0x175C00
5460 (1024) read 0x195000
5461 (1024) read 0x195400
5462 (1024) read 0x195800
5463 (1024) read 0x195C00
5464 (1024) read 0x1B5000
5465 (1024) read 0x1B5400
5466 (1024) read 0x1B5800
5467 (1024) read 0x1B5C00
5468 (1024) read 0x1D5000
5469 (1024) read 0x1D5400
5470 (1024) read 0x1D5800
5471 (1024) read 0x1D5C00
5472 (1024) read 0x176000
5473 (1024) read 0x176400
5474 (1024) read 0x176800
5475 (1024) read 0x176C00
5476 (1024) read 0x196000
5477 (1024) read 0x196400
5478 (1024) read 0x196800
5479 (1024) read 0x196C00
5480 (1024) read 0x1B6000
5481 (1024) read 0x1B6400
5482 (1024) read 0x1B6800
5483 (1024) read 0x1B6C00
5484 (1024) read 0x1D6000
5485 (1024) read 0x1D6400
5486 (1024) read 0x1D6800
5487 (1024) read 0x1D6C00
5488 (1024) read 0x177000
5489 (1024) read 0x177400
5490 (1024) read 0x177800
5491 (1024) read 0x177C00
5492 (1024) read 0x197000
5493 (1024) read 0x197400
5494 (1024) read 0x197800
5495 (1024) read 0x197C00
5496 (1024) read 0x1B7000
5497 (1024) read 0x1B7400
5498 (1024) read 0x1B7800
5499 (1024) read 0x1B7C00
5500 (1024) read 0x1D7000
5501 (1024) read 0x1D7400
5502 (1024) read 0x1D7800
5503 (1024) read 0x1D7C00
5504 (1024) read 0x178000
5505 (1024) read 0x178400
5506 (1024) read 0x178800
5507 (1024) read 0x178C00
5508 (1024) read 0x198000
5509 (1024) read 0x198400
5510 (1024) read 0x198800
5511 (1024) read 0x198C00
5512 (1024) read 0x1B8000
5513 (1024) read 0x1B8400
5514 (1024) read 0x1B8800
5515 (1024) read 0x1B8C00
5516 (1024) read 0x1D8000
5517 (1024) read 0x1D8400
5518 (1024) read 0x1D8800
5519 (1024) read 0x1D8C00
5520 (1024) read 0x179000
5521 (1024) read 0x179400
5522 (1024) read 0x179800
5523 (1024) read 0x179C00
5524 (1024) read 0x199000
5525 (1024) read 0x199400
5526 (1024) read 0x199800
5527 (1024) read 0x199C00
5528 (1024) read 0x1B9000
5529 (1024) read 0x1B9400
5530 (1024) read 0x1B9800
5531 (1024) read 0x1B9C00
5532 (1024) read 0x1D9000
5533 (1024) read 0x1D9400
5534 (1024) read 0x1D9800
5535 (1024) read 0x1D9C00
5536 (1024) read 0x17A000
5537 (1024) read 0x17A400
5538 (1024) read 0x17A800
5539 (1024) read 0x17AC00
5540 (1024) read 0x19A000
5541 (1024) read 0x19A400
5542 (1024) read 0x19A800
5543 (1024) read 0x19AC00
5544 (1024) read 0x1BA000
5545 (1024) read 0x1BA400
5546 (1024) read 0x1BA800
5547 (1024) read 0x1BAC00
5548 (1024) read 0x1DA000
5549 (1024) read 0x1DA400
5550 (1024) read 0x1DA800
5551 (1024) read 0x1DAC00
5552 (1024) read 0x17B000
5553 (1024) read 0x17B400
5554 (1024) read 0x17B800
5555 (1024) read 0x17BC00
5556 (1024) read 0x19B000
5557 (1024) read 0x19B400
5558 (1024) read 0x19B800
5559 (1024) read 0x19BC00
5560 (1024) read 0x1BB000
5561 (1024) read 0x1BB400
5562 (1024) read 0x1BB800
5563 (1024) read 0x1BBC00
5564 (1024) read 0x1DB000
5565 (1024) read 0x1DB400
5566 (1024) read 0x1DB800
5567 (1024) read 0x1DBC00
5568 (1024) read 0x17C000
5569 (1024) read 0x17C400
5570 (1024) read 0x17C800
5571 (1024) read 0x17CC00
5572 (1024) read 0x19C000
5573 (1024) read 0x19C400
5574 (1024) read 0x19C800
5575 (1024) read 0x19CC00
5576 (1024) read 0x1BC000
5577 (1024) read 0x1BC400
5578 (1024) read 0x1BC800
5579 (1024) read 0x1BCC00
5580 (1024) read 0x1DC000
5581 (1024) read 0x1DC400
5582 (1024) read 0x1DC800
5583 (1024) read 0x1DCC00
5584 (1024) read 0x17D000
5585 (1024) read 0x17D400
5586 (1024) read 0x17D800
5587 (1024) read 0x17DC00
5588 (1024) read 0x19D000
5589 (1024) read 0x19D400
5590 (1024) read 0x19D800
5591 (1024) read 0x19DC00
5592 (1024) read 0x1BD000
5593 (1024) read 0x1BD400
5594 (1024) read 0x1BD800
5595 (1024) read 0x1BDC00
5596 (1024) read 0x1DD000
5597 (1024) read 0x1DD400
5598 (1024) read 0x1DD800
5599 (1024) read 0x1DDC00
5600 (1024) read 0x17E000
5601 (1024) read 0x17E400
5602 (1024) read 0x17E800
5603 (1024) read 0x17EC00
5604 (1024) read 0x19E000
5605 (1024) read 0x19E400
5606 (1024) read 0x19E800
5607 (1024) read 0x19EC00
5608 (1024) read 0x1BE000
5609 (1024) read 0x1BE400
5610 (1024) read 0x1BE800
5611 (1024) read 0x1BEC00
5612 (1024) read 0x1DE000
5613 (1024) read 0x1DE400
5614 (1024) read 0x1DE800
5615 (1024) read 0x1DEC00
5616 (1024) read 0x17F000
5617 (1024) read 0x17F400
5618 (1024) read 0x17F800
5619 (1024) read 0x17FC00
5620 (1024) read 0x19F000
5621 (1024) read 0x19F400
5622 (1024) read 0x19F800
5623 (1024) read 0x19FC00
5624 (1024) read 0x1BF000
5625 (1024) read 0x1BF400
5626 (1024) read 0x1BF800
5627 (1024) read 0x1BFC00
5628 (1024) read 0x1DF000
5629 (1024) read 0x1DF400
5630 (1024) read 0x1DF800
5631 (1024) read 0x1DFC00
5632 (1024) read 0x180000
5633 (1024) read 0x180400
5634 (1024) read 0x180800
5635 (1024) read 0x180C00
5636 (1024) read 0x1A0000
5637 (1024) read 0x1A0400
5638 (1024) read 0x1A0800
5639 (1024) read 0x1A0C00
5640 (1024) read 0x1C0000
5641 (1024) read 0x1C0400
5642 (1024) read 0x1C0800
5643 (1024) read 0x1C0C00
5644 (1024) read 0x1E0000
5645 (1024) read 0x1E0400
5646 (1024) read 0x1E0800
5647 (1024) read 0x1E0C00
5648 (1024) read 0x181000
5649 (1024) read 0x181400
5650 (1024) read 0x181800
5651 (1024) read 0x181C00
5652 (1024) read 0x1A1000
5653 (1024) read 0x1A1400
5654 (1024) read 0x1A1800
5655 (1024) read 0x1A1C00
5656 (1024) read 0x1C1000
5657 (1024) read 0x1C1400
5658 (1024) read 0x1C1800
5659 (1024) read 0x1C1C00
5660 (1024) read 0x1E1000
5661 (1024) read 0x1E1400
5662 (1024) read 0x1E1800
5663 (1024) read 0x1E1C00
5664 (1024) read 0x182000
5665 (1024) read 0x182400
5666 (1024) read 0x182800
5667 (1024) read 0x182C00
5668 (1024) read 0x1A2000
5669 (1024) read 0x1A2400
5670 (1024) read 0x1A2800
5671 (1024) read 0x1A2C00
5672 (1024) read 0x1C2000
5673 (1024) read 0x1C2400
5674 (1024) read 0x1C2800
5675 (1024) read 0x1C2C00
5676 (1024) read 0x1E2000
5677 (1024) read 0x1E2400
5678 (1024) read 0x1E2800
5679 (1024) read 0x1E2C00
5680 (1024) read 0x183000
5681 (1024) read 0x183400
5682 (1024) read 0x183800
5683 (1024) read 0x183C00
5684 (1024) read 0x1A3000
5685 (1024) read 0x1A3400
5686 (1024) read 0x1A3800
5687 (1024) read 0x1A3C00
5688 (1024) read 0x1C3000
5689 (1024) read 0x1C3400
5690 (1024) read 0x1C3800
5691 (1024) read 0x1C3C00
5692 (1024) read 0x1E3000
5693 (1024) read 0x1E3400
5694 (1024) read 0x1E3800
5695 (1024) read 0x1E3C00
5696 (1024) read 0x184000
5697 (1024) read 0x184400
5698 (1024) read 0x184800
5699 (1024) read 0x184C00
5700 (1024) read 0x1A4000
5701 (1024) read 0x1A4400
5702 (1024) read 0x1A4800
5703 (1024) read 0x1A4C00
5704 (1024) read 0x1C4000
5705 (1024) read 0x1C4400
5706 (1024) read 0x1C4800
5707 (1024) read 0x1C4C00
5708 (1024) read 0x1E4000
5709 (1024) read 0x1E4400
5710 (1024) read 0x1E4800
5711 (1024) read 0x1E4C00
5712 (1024) read 0x185000
5713 (1024) read 0x185400
5714 (1024) read 0x185800
5715 (1024) read 0x185C00
5716 (1024) read 0x1A5000
5717 (1024) read 0x1A5400
5718 (1024) read 0x1A5800
5719 (1024) read 0x1A5C00
5720 (1024) read 0x1C5000
5721 (1024) read 0x1C5400
5722 (1024) read 0x1C5800
5723 (1024) read 0x1C5C00
5724 (1024) read 0x1E5000
5725 (1024) read 0x1E5400
5726 (1024) read 0x1E5800
5727 (1024) read 0x1E5C00
5728 (1024) read 0x186000
5729 (1024) read 0x186400
5730 (1024) read 0x186800
5731 (1024) read 0x186C00
5732 (1024) read 0x1A6000
5733 (1024) read 0x1A6400
5734 (1024) read 0x1A6800
5735 (1024) read 0x1A6C00
5736 (1024) read 0x1C6000
5737 (1024) read 0x1C6400
5738 (1024) read 0x1C6800
5739 (1024) read 0x1C6C00
5740 (1024) read 0x1E6000
5741 (1024) read 0x1E6400
5742 (1024) read 0x1E6800
5743 (1024) read 0x1E6C00
5744 (1024) read 0x187000
5745 (1024) read 0x187400
5746 (1024) read 0x187800
5747 (1024) read 0x187C00
5748 (1024) read 0x1A7000
5749 (1024) read 0x1A7400
5750 (1024) read 0x1A7800
5751 (1024) read 0x1A7C00
5752 (1024) read 0x1C7000
5753 (1024) read 0x1C7400
5754 (1024) read 0x1C7800
5755 (1024) read 0x1C7C00
5756 (1024) read 0x1E7000
5757 (1024) read 0x1E7400
5758 (1024) read 0x1E7800
5759 (1024) read 0x1E7C00
5760 (1024) read 0x188000
5761 (1024) read 0x188400
5762 (1024) read 0x188800
5763 (1024) read 0x188C00
5764 (1024) read 0x1A8000
5765 (1024) read 0x1A8400
5766 (1024) read 0x1A8800
5767 (1024) read 0x1A8C00
5768 (1024) read 0x1C8000
5769 (1024) read 0x1C8400
5770 (1024) read 0x1C8800
5771 (1024) read 0x1C8C00
5772 (1024) read 0x1E8000
5773 (1024) read 0x1E8400
5774 (1024) read 0x1E8800
5775 (1024) read 0x1E8C00
5776 (1024) read 0x189000
5777 (1024) read 0x189400
5778 (1024) read 0x189800
5779 (1024) read 0x189C00
5780 (1024) read 0x1A9000
5781 (1024) read 0x1A9400
5782 (1024) read 0x1A9800
5783 (1024) read 0x1A9C00
5784 (1024) read 0x1C9000
5785 (1024) read 0x1C9400
5786 (1024) read 0x1C9800
5787 (1024) read 0x1C9C00
5788 (1024) read 0x1E9000
5789 (1024) read 0x1E9400
5790 (1024) read 0x1E9800
5791 (1024) read 0x1E9C00
5792 (1024) read 0x18A000
5793 (1024) read 0x18A400
5794 (1024) read 0x18A800
5795 (1024) read 0x18AC00
5796 (1024) read 0x1AA000
5797 (1024) read 0x1AA400
5798 (1024) read 0x1AA800
5799 (1024) read 0x1AAC00
5800 (1024) read 0x1CA000
5801 (1024) read 0x1CA400
5802 (1024) read 0x1CA800
5803 (1024) read 0x1CAC00
5804 (1024) read 0x1EA000
5805 (1024) read 0x1EA400
5806 (1024) read 0x1EA800
5807 (1024) read 0x1EAC00
5808 (1024) read 0x18B000
5809 (1024) read 0x18B400
5810 (1024) read 0x18B800
5811 (1024) read 0x18BC00
5812 (1024) read 0x1AB000
5813 (1024) read 0x1AB400
5814 (1024) read 0x1AB800
5815 (1024) read 0x1ABC00
5816 (1024) read 0x1CB000
5817 (1024) read 0x1CB400
5818 (1024) read 0x1CB800
5819 (1024) read 0x1CBC00
5820 (1024) read 0x1EB000
5821 (1024) read 0x1EB400
5822 (1024) read 0x1EB800
5823 (1024) read 0x1EBC00
5824 (1024) read 0x18C000
5825 (1024) read 0x18C400
5826 (1024) read 0x18C800
5827 (1024) read 0x18CC00
5828 (1024) read 0x1AC000
5829 (1024) read 0x1AC400
5830 (1024) read 0x1AC800
5831 (1024) read 0x1ACC00
5832 (1024) read 0x1CC000
5833 (1024) read 0x1CC400
5834 (1024) read 0x1CC800
5835 (1024) read 0x1CCC00
5836 (1024) read 0x1EC000
5837 (1024) read 0x1EC400
5838 (1024) read 0x1EC800
5839 (1024) read 0x1ECC00
5840 (1024) read 0x18D000
5841 (1024) read 0x18D400
5842 (1024) read 0x18D800
5843 (1024) read 0x18DC00
5844 (1024) read 0x1AD000
5845 (1024) read 0x1AD400
5846 (1024) read 0x1AD800
5847 (1024) read 0x1ADC00
5848 (1024) read 0x1CD000
5849 (1024) read 0x1CD400
5850 (1024) read 0x1CD800
5851 (1024) read 0x1CDC00
5852 (1024) read 0x1ED000
5853 (1024) read 0x1ED400
5854 (1024) read 0x1ED800
5855 (1024) read 0x1EDC00
5856 (1024) read 0x18E000
5857 (1024) read 0x18E400
5858 (1024) read 0x18E800
5859 (1024) read 0x18EC00
5860 (1024) read 0x1AE000
5861 (1024) read 0x1AE400
5862 (1024) read 0x1AE800
5863 (1024) read 0x1AEC00
5864 (1024) read 0x1CE000
5865 (1024) read 0x1CE400
5866 (1024) read 0x1CE800
5867 (1024) read 0x1CEC00
5868 (1024) read 0x1EE000
5869 (1024) read 0x1EE400
5870 (1024) read 0x1EE800
5871 (1024) read 0x1EEC00
5872 (1024) read 0x18F000
5873 (1024) read 0x18F400
5874 (1024) read 0x18F800
5875 (1024) read 0x18FC00
5876 (1024) read 0x1AF000
5877 (1024) read 0x1AF400
5878 (1024) read 0x1AF800
5879 (1024) read 0x1AFC00
5880 (1024) read 0x1CF000
5881 (1024) read 0x1CF400
5882 (1024) read 0x1CF800
5883 (1024) read 0x1CFC00
5884 (1024) read 0x1EF000
5885 (1024) read 0x1EF400
5886 (1024) read 0x1EF800
5887 (1024) read 0x1EFC00
5888 (1024) read 0x190000
5889 (1024) read 0x190400
5890 (1024) read 0x190800
5891 (1024) read 0x190C00
5892 (1024) read 0x1B0000
5893 (1024) read 0x1B0400
5894 (1024) read 0x1B0800
5895 (1024) read 0x1B0C00
5896 (1024) read 0x1D0000
5897 (1024) read 0x1D0400
5898 (1024) read 0x1D0800
5899 (1024) read 0x1D0C00
5900 (1024) read 0x1F0000
5901 (1024) read 0x1F0400
5902 (1024) read 0x1F0800
5903 (1024) read 0x1F0C00
5904 (1024) read 0x191000
5905 (1024) read 0x191400
5906 (1024) read 0x191800
5907 (1024) read 0x191C00
5908 (1024) read 0x1B1000
5909 (1024) read 0x1B1400
5910 (1024) read 0x1B1800
5911 (1024) read 0x1B1C00
5912 (1024) read 0x1D1000
5913 (1024) read 0x1D1400
5914 (1024) read 0x1D1800
5915 (1024) read 0x1D1C00
5916 (1024) read 0x1F1000
5917 (1024) read 0x1F1400
5918 (1024) read 0x1F1800
5919 (1024) read 0x1F1C00
5920 (1024) read 0x192000
5921 (1024) read 0x192400
5922 (1024) read 0x192800
5923 (1024) read 0x192C00
5924 (1024) read 0x1B2000
5925 (1024) read 0x1B2400
5926 (1024) read 0x1B2800
5927 (1024) read 0x1B2C00
5928 (1024) read 0x1D2000
5929 (1024) read 0x1D2400
5930 (1024) read 0x1D2800
5931 (1024) read 0x1D2C00
5932 (1024) read 0x1F2000
5933 (1024) read 0x1F2400
5934 (1024) read 0x1F2800
5935 (1024) read 0x1F2C00
5936 (1024) read 0x193000
5937 (1024) read 0x193400
5938 (1024) read 0x193800
5939 (1024) read 0x193C00
5940 (1024) read 0x1B3000
5941 (1024) read 0x1B3400
5942 (1024) read 0x1B3800
5943 (1024) read 0x1B3C00
5944 (1024) read 0x1D3000
5945 (1024) read 0x1D3400
5946 (1024) read 0x1D3800
5947 (1024) read 0x1D3C00
5948 (1024) read 0x1F3000
5949 (1024) read 0x1F3400
5950 (1024) read 0x1F3800
5951 (1024) read 0x1F3C00
5952 (1024) read 0x194000
5953 (1024) read 0x194400
5954 (1024) read 0x194800
5955 (1024) read 0x194C00
5956 (1024) read 0x1B4000
5957 (1024) read 0x1B4400
5958 (1024) read 0x1B4800
5959 (1024) read 0x1B4C00
5960 (1024) read 0x1D4000
5961 (1024) read 0x1D4400
5962 (1024) read 0x1D4800
5963 (1024) read 0x1D4C00
5964 (1024) read 0x1F4000
5965 (1024) read 0x1F4400
5966 (1024) read 0x1F4800
5967 (1024) read 0x1F4C00
5968 (1024) read 0x195000
5969 (1024) read 0x195400
5970 (1024) read 0x195800
5971 (1024) read 0x195C00
5972 (1024) read 0x1B5000
5973 (1024) read 0x1B5400
5974 (1024) read 0x1B5800
5975 (1024) read 0x1B5C00
5976 (1024) read 0x1D5000
5977 (1024) read 0x1D5400
5978 (1024) read 0x1D5800
5979 (1024) read 0x1D5C00
5980 (1024) read 0x1F5000
5981 (1024) read 0x1F5400
5982 (1024) read 0x1F5800
5983 (1024) read 0x1F5C00
5984 (1024) read 0x196000
5985 (1024) read 0x196400
5986 (1024) read 0x196800
5987 (1024) read 0x196C00
5988 (1024) read 0x1B6000
5989 (1024) read 0x1B6400
5990 (1024) read 0x1B6800
5991 (1024) read 0x1B6C00
5992 (1024) read 0x1D6000
5993 (1024) read 0x1D6400
5994 (1024) read 0x1D6800
5995 (1024) read 0x1D6C00
5996 (1024) read 0x1F6000
5997 (1024) read 0x1F6400
5998 (1024) read 0x1F6800
5999 (1024) read 0x1F6C00
6000 (1024) read 0x197000
6001 (1024) read 0x197400
6002 (1024) read 0x197800
6003 (1024) read 0x197C00
6004 (1024) read 0x1B7000
6005 (1024) read 0x1B7400
6006 (1024) read 0x1B7800
6007 (1024) read 0x1B7C00
6008 (1024) read 0x1D7000
6009 (1024) read 0x1D7400
6010 (1024) read 0x1D7800
6011 (1024) read 0x1D7C00
6012 (1024) read 0x1F7000
6013 (1024) read 0x1F7400
6014 (1024) read 0x1F7800
6015 (1024) read 0x1F7C00
6016 (1024) read 0x198000
6017 (1024) read 0x198400
6018 (1024) read 0x198800
6019 (1024) read 0x198C00
6020 (1024) read 0x1B8000
6021 (1024) read 0x1B8400
6022 (1024) read 0x1B8800
6023 (1024) read 0x1B8C00
6024 (1024) read 0x1D8000
6025 (1024) read 0x1D8400
6026 (1024) read 0x1D8800
6027 (1024) read 0x1D8C00
6028 (1024) read 0x1F8000
6029 (1024) read 0x1F8400
6030 (1024) read 0x1F8800
6031 (1024) read 0x1F8C00
6032 (1024) read 0x199000
6033 (1024) read 0x199400
6034 (1024) read 0x199800
6035 (1024) read 0x199C00
6036 (1024) read 0x1B9000
6037 (1024) read 0x1B9400
6038 (1024) read 0x1B9800
6039 (1024) read 0x1B9C00
6040 (1024) read 0x1D9000
6041 (1024) read 0x1D9400
6042 (1024) read 0x1D9800
6043 (1024) read 0x1D9C00
6044 (1024) read 0x1F9000
6045 (1024) read 0x1F9400
6046 (1024) read 0x1F9800
6047 (1024) read 0x1F9C00
6048 (1024) read 0x19A000
6049 (1024) read 0x19A400
6050 (1024) read 0x19A800
6051 (1024) read 0x19AC00
6052 (1024) read 0x1BA000
6053 (1024) read 0x1BA400
6054 (1024) read 0x1BA800
6055 (1024) read 0x1BAC00
6056 (1024) read 0x1DA000
6057 (1024) read 0x1DA400
6058 (1024) read 0x1DA800
6059 (1024) read 0x1DAC00
6060 (1024) read 0x1FA000
6061 (1024) read 0x1FA400
6062 (1024) read 0x1FA800
6063 (1024) read 0x1FAC00
6064 (1024) read 0x19B000
6065 (1024) read 0x19B400
6066 (1024) read 0x19B800
6067 (1024) read 0x19BC00
6068 (1024) read 0x1BB000
6069 (1024) read 0x1BB400
6070 (1024) read 0x1BB800
6071 (1024) read 0x1BBC00
6072 (1024) read 0x1DB000
6073 (1024) read 0x1DB400
6074 (1024) read 0x1DB800
6075 (1024) read 0x1DBC00
6076 (1024) read 0x1FB000
6077 (1024) read 0x1FB400
6078 (1024) read 0x1FB800
6079 (1024) read 0x1FBC00
6080 (1024) read 0x19C000
6081 (1024) read 0x19C400
6082 (1024) read 0x19C800
6083 (1024) read 0x19CC00
6084 (1024) read 0x1BC000
6085 (1024) read 0x1BC400
6086 (1024) read 0x1BC800
6087 (1024) read 0x1BCC00
6088 (1024) read 0x1DC000
6089 (1024) read 0x1DC400
6090 (1024) read 0x1DC800
6091 (1024) read 0x1DCC00
6092 (1024) read 0x1FC000
6093 (1024) read 0x1FC400
6094 (1024) read 0x1FC800
6095 (1024) read 0x1FCC00
6096 (1024) read 0x19D000
6097 (1024) read 0x19D400
6098 (1024) read 0x19D800
6099 (1024) read 0x19DC00
6100 (1024) read 0x1BD000
6101 (1024) read 0x1BD400
6102 (1024) read 0x1BD800
6103 (1024) read 0x1BDC00
6104 (1024) read 0x1DD000
6105 (1024) read 0x1DD400
6106 (1024) read 0x1DD800
6107 (1024) read 0x1DDC00
6108 (1024) read 0x1FD000
6109 (1024) read 0x1FD400
6110 (1024) read 0x1FD800
6111 (1024) read 0x1FDC00
6112 (1024) read 0x19E000
6113 (1024) read 0x19E400
6114 (1024) read 0x19E800
6115 (1024) read 0x19EC00
6116 (1024) read 0x1BE000
6117 (1024) read 0x1BE400
6118 (1024) read 0x1BE800
6119 (1024) read 0x1BEC00
6120 (1024) read 0x1DE000
6121 (1024) read 0x1DE400
6122 (1024) read 0x1DE800
6123 (1024) read 0x1DEC00
6124 (1024) read 0x1FE000
6125 (1024) read 0x1FE400
6126 (1024) read 0x1FE800
6127 (1024) read 0x1FEC00
6128 (1024) read 0x19F000
6129 (1024) read 0x19F400
6130 (1024) read 0x19F800
6131 (1024) read 0x19FC00
6132 (1024) read 0x1BF000
6133 (1024) read 0x1BF400
6134 (1024) read 0x1BF800
6135 (1024) read 0x1BFC00
6136 (1024) read 0x1DF000
6137 (1024) read 0x1DF400
6138 (1024) read 0x1DF800
6139 (1024) read 0x1DFC00
6140 (1024) read 0x1FF000
6141 (1024) read 0x1FF400
6142 (1024) read 0x1FF800
6143 (1024) read 0x1FFC00
6144 (1024) read 0x1A0000
6145 (1024) read 0x1A0400
6146 (1024) read 0x1A0800
6147 (1024) read 0x1A0C00
6148 (1024) read 0x1C0000
6149 (1024) read 0x1C0400
6150 (1024) read 0x1C0800
6151 (1024) read 0x1C0C00
6152 (1024) read 0x1E0000
6153 (1024) read 0x1E0400
6154 (1024) read 0x1E0800
6155 (1024) read 0x1E0C00
6156 (1024) read 0x200000
6157 (1024) read 0x200400
6158 (1024) read 0x200800
6159 (1024) read 0x200C00
6160 (1024) read 0x1A1000
6161 (1024) read 0x1A1400
6162 (1024) read 0x1A1800
6163 (1024) read 0x1A1C00
6164 (1024) read 0x1C1000
6165 (1024) read 0x1C1400
6166 (1024) read 0x1C1800
6167 (1024) read 0x1C1C00
6168 (1024) read 0x1E1000
6169 (1024) read 0x1E1400
6170 (1024) read 0x1E1800
6171 (1024) read 0x1E1C00
6172 (1024) read 0x201000
6173 (1024) read 0x201400
6174 (1024) read 0x201800
6175 (1024) read 0x201C00
6176 (1024) read 0x1A2000
6177 (1024) read 0x1A2400
6178 (1024) read 0x1A2800
6179 (1024) read 0x1A2C00
6180 (1024) read 0x1C2000
6181 (1024) read 0x1C2400
6182 (1024) read 0x1C2800
6183 (1024) read 0x1C2C00
6184 (1024) read 0x1E2000
6185 (1024) read 0x1E2400
6186 (1024) read 0x1E2800
6187 (1024) read 0x1E2C00
6188 (1024) read 0x202000
6189 (1024) read 0x202400
6190 (1024) read 0x202800
6191 (1024) read 0x202C00
6192 (1024) read 0x1A3000
6193 (1024) read 0x1A3400
6194 (1024) read 0x1A3800
6195 (1024) read 0x1A3C00
6196 (1024) read 0x1C3000
6197 (1024) read 0x1C3400
6198 (1024) read 0x1C3800
6199 (1024) read 0x1C3C00
6200 (1024) read 0x1E3000
6201 (1024) read 0x1E3400
6202 (1024) read 0x1E3800
6203 (1024) read 0x1E3C00
6204 (1024) read 0x203000
6205 (1024) read 0x203400
6206 (1024) read 0x203800
6207 (1024) read 0x203C00
6208 (1024) read 0x1A4000
6209 (1024) read 0x1A4400
6210 (1024) read 0x1A4800
6211 (1024) read 0x1A4C00
6212 (1024) read 0x1C4000
6213 (1024) read 0x1C4400
6214 (1024) read 0x1C4800
6215 (1024) read 0x1C4C00
6216 (1024) read 0x1E4000
6217 (1024) read 0x1E4400
6218 (1024) read 0x1E4800
6219 (1024) read 0x1E4C00
6220 (1024) read 0x204000
6221 (1024) read 0x204400
6222 (1024) read 0x204800
6223 (1024) read 0x204C00
6224 (1024) read 0x1A5000
6225 (1024) read 0x1A5400
6226 (1024) read 0x1A5800
6227 (1024) read 0x1A5C00
6228 (1024) read 0x1C5000
6229 (1024) read 0x1C5400
6230 (1024) read 0x1C5800
6231 (1024) read 0x1C5C00
6232 (1024) read 0x1E5000
6233 (1024) read 0x1E5400
6234 (1024) read 0x1E5800
6235 (1024) read 0x1E5C00
6236 (1024) read 0x205000
6237 (1024) read 0x205400
6238 (1024) read 0x205800
6239 (1024) read 0x205C00
6240 (1024) read 0x1A6000
6241 (1024) read 0x1A6400
6242 (1024) read 0x1A6800
6243 (1024) read 0x1A6C00
6244 (1024) read 0x1C6000
6245 (1024) read 0x1C6400
6246 (1024) read 0x1C6800
6247 (1024) read 0x1C6C00
6248 (1024) read 0x1E6000
6249 (1024) read 0x1E6400
6250 (1024) read 0x1E6800
6251 (1024) read 0x1E6C00
6252 (1024) read 0x206000
6253 (1024) read 0x206400
6254 (1024) read 0x206800
6255 (1024) read 0x206C00
6256 (1024) read 0x1A7000
6257 (1024) read 0x1A7400
6258 (1024) read 0x1A7800
6259 (1024) read 0x1A7C00
6260 (1024) read 0x1C7000
6261 (1024) read 0x1C7400
6262 (1024) read 0x1C7800
6263 (1024) read 0x1C7C00
6264 (1024) read 0x1E7000
6265 (1024) read 0x1E7400
6266 (1024) read 0x1E7800
6267 (1024) read 0x1E7C00
6268 (1024) read 0x207000
6269 (1024) read 0x207400
6270 (1024) read 0x207800
6271 (1024) read 0x207C00
6272 (1024) read 0x1A8000
6273 (1024) read 0x1A8400
6274 (1024) read 0x1A8800
6275 (1024) read 0x1A8C00
6276 (1024) read 0x1C8000
6277 (1024) read 0x1C8400
6278 (1024) read 0x1C8800
6279 (1024) read 0x1C8C00
6280 (1024) read 0x1E8000
6281 (1024) read 0x1E8400
6282 (1024) read 0x1E8800
6283 (1024) read 0x1E8C00
6284 (1024) read 0x208000
6285 (1024) read 0x208400
6286 (1024) read 0x208800
6287 (1024) read 0x208C00
6288 (1024) read 0x1A9000
6289 (1024) read 0x1A9400
6290 (1024) read 0x1A9800
6291 (1024) read 0x1A9C00
6292 (1024) read 0x1C9000
6293 (1024) read 0x1C9400
6294 (1024) read 0x1C9800
6295 (1024) read 0x1C9C00
6296 (1024) read 0x1E9000
6297 (1024) read 0x1E9400
6298 (1024) read 0x1E9800
6299 (1024) read 0x1E9C00
6300 (1024) read 0x209000
6301 (1024) read 0x209400
6302 (1024) read 0x209800
6303 (1024) read 0x209C00
6304 (1024) read 0x1AA000
6305 (1024) read 0x1AA400
6306 (1024) read 0x1AA800
6307 (1024) read 0x1AAC00
6308 (1024) read 0x1CA000
6309 (1024) read 0x1CA400
6310 (1024) read 0x1CA800
6311 (1024) read 0x1CAC00
6312 (1024) read 0x1EA000
6313 (1024) read 0x1EA400
6314 (1024) read 0x1EA800
6315 (1024) read 0x1EAC00
6316 (1024) read 0x20A000
6317 (1024) read 0x20A400
6318 (1024) read 0x20A800
6319 (1024) read 0x20AC00
6320 (1024) read 0x1AB000
6321 (1024) read 0x1AB400
6322 (1024) read 0x1AB800
6323 (1024) read 0x1ABC00
6324 (1024) read 0x1CB000
6325 (1024) read 0x1CB400
6326 (1024) read 0x1CB800
6327 (1024) read 0x1CBC00
6328 (1024) read 0x1EB000
6329 (1024) read 0x1EB400
6330 (1024) read 0x1EB800
6331 (1024) read 0x1EBC00
6332 (1024) read 0x20B000
6333 (1024) read 0x20B400
6334 (1024) read 0x20B800
6335 (1024) read 0x20BC00
6336 (1024) read 0x1AC000
6337 (1024) read 0x1AC400
6338 (1024) read 0x1AC800
6339 (1024) read 0x1ACC00
6340 (1024) read 0x1CC000
6341 (1024) read 0x1CC400
6342 (1024) read 0x1CC800
6343 (1024) read 0x1CCC00
6344 (1024) read 0x1EC000
6345 (1024) read 0x1EC400
6346 (1024) read 0x1EC800
6347 (1024) read 0x1ECC00
6348 (1024) read 0x20C000
6349 (1024) read 0x20C400
6350 (1024) read 0x20C800
6351 (1024) read 0x20CC00
6352 (1024) read 0x1AD000
6353 (1024) read 0x1AD400
6354 (1024) read 0x1AD800
6355 (1024) read 0x1ADC00
6356 (1024) read 0x1CD000
6357 (1024) read 0x1CD400
6358 (1024) read 0x1CD800
6359 (1024) read 0x1CDC00
6360 (1024) read 0x1ED000
6361 (1024) read 0x1ED400
6362 (1024) read 0x1ED800
6363 (1024) read 0x1EDC00
6364 (1024) read 0x20D000
6365 (1024) read 0x20D400
6366 (1024) read 0x20D800
6367 (1024) read 0x20DC00
6368 (1024) read 0x1AE000
6369 (1024) read 0x1AE400
6370 (1024) read 0x1AE800
6371 (1024) read 0x1AEC00
6372 (1024) read 0x1CE000
6373 (1024) read 0x1CE400
6374 (1024) read 0x1CE800
6375 (1024) read 0x1CEC00
6376 (1024) read 0x1EE000
6377 (1024) read 0x1EE400
6378 (1024) read 0x1EE800
6379 (1024) read 0x1EEC00
6380 (1024) read 0x20E000
6381 (1024) read 0x20E400
6382 (1024) read 0x20E800
6383 (1024) read 0x20EC00
6384 (1024) read 0x1AF000
6385 (1024) read 0x1AF400
6386 (1024) read 0x1AF800
6387 (1024) read 0x1AFC00
6388 (1024) read 0x1CF000
6389 (1024) read 0x1CF400
6390 (1024) read 0x1CF800
6391 (1024) read 0x1CFC00
6392 (1024) read 0x1EF000
6393 (1024) read 0x1EF400
6394 (1024) read 0x1EF800
6395 (1024) read 0x1EFC00
6396 (1024) read 0x20F000
6397 (1024) read 0x20F400
6398 (1024) read 0x20F800
6399 (1024) read 0x20FC00
6400 (1024) read 0x1B0000
6401 (1024) read 0x1B0400
6402 (1024) read 0x1B0800
6403 (1024) read 0x1B0C00
6404 (1024) read 0x1D0000
6405 (1024) read 0x1D0400
6406 (1024) read 0x1D0800
6407 (1024) read 0x1D0C00
6408 (1024) read 0x1F0000
6409 (1024) read 0x1F0400
6410 (1024) read 0x1F0800
6411 (1024) read 0x1F0C00
6412 (1024) read 0x210000
6413 (1024) read 0x210400
6414 (1024) read 0x210800
6415 (1024) read 0x210C00
6416 (1024) read 0x1B1000
6417 (1024) read 0x1B1400
6418 (1024) read 0x1B1800
6419 (1024) read 0x1B1C00
6420 (1024) read 0x1D1000
6421 (1024) read 0x1D1400
6422 (1024) read 0x1D1800
6423 (1024) read 0x1D1C00
6424 (1024) read 0x1F1000
6425 (1024) read 0x1F1400
6426 (1024) read 0x1F1800
6427 (1024) read 0x1F1C00
6428 (1024) read 0x211000
6429 (1024) read 0x211400
6430 (1024) read 0x211800
6431 (1024) read 0x211C00
6432 (1024) read 0x1B2000
6433 (1024) read 0x1B2400
6434 (1024) read 0x1B2800
6435 (1024) read 0x1B2C00
6436 (1024) read 0x1D2000
6437 (1024) read 0x1D2400
6438 (1024) read 0x1D2800
6439 (1024) read 0x1D2C00
6440 (1024) read 0x1F2000
6441 (1024) read 0x1F2400
6442 (1024) read 0x1F2800
6443 (1024) read 0x1F2C00
6444 (1024) read 0x212000
6445 (1024) read 0x212400
6446 (1024) read 0x212800
6447 (1024) read 0x212C00
6448 (1024) read 0x1B3000
6449 (1024) read 0x1B3400
6450 (1024) read 0x1B3800
6451 (1024) read 0x1B3C00
6452 (1024) read 0x1D3000
6453 (1024) read 0x1D3400
6454 (1024) read 0x1D3800
6455 (1024) read 0x1D3C00
6456 (1024) read 0x1F3000
6457 (1024) read 0x1F3400
6458 (1024) read 0x1F3800
6459 (1024) read 0x1F3C00
6460 (1024) read 0x213000
6461 (1024) read 0x213400
6462 (1024) read 0x213800
6463 (1024) read 0x213C00
6464 (1024) read 0x1B4000
6465 (1024) read 0x1B4400
6466 (1024) read 0x1B4800
6467 (1024) read 0x1B4C00
6468 (1024) read 0x1D4000
6469 (1024) read 0x1D4400
6470 (1024) read 0x1D4800
6471 (1024) read 0x1D4C00
6472 (1024) read 0x1F4000
6473 (1024) read 0x1F4400
6474 (1024) read 0x1F4800
6475 (1024) read 0x1F4C00
6476 (1024) read 0x214000
6477 (1024) read 0x214400
6478 (1024) read 0x214800
6479 (1024) read 0x214C00
6480 (1024) read 0x1B5000
6481 (1024) read 0x1B5400
6482 (1024) read 0x1B5800
6483 (1024) read 0x1B5C00
6484 (1024) read 0x1D5000
6485 (1024) read 0x1D5400
6486 (1024) read 0x1D5800
6487 (1024) read 0x1D5C00
6488 (1024) read 0x1F5000
6489 (1024) read 0x1F5400
6490 (1024) read 0x1F5800
6491 (1024) read 0x1F5C00
6492 (1024) read 0x215000
6493 (1024) read 0x215400
6494 (1024) read 0x215800
6495 (1024) read 0x215C00
6496 (1024) read 0x1B6000
6497 (1024) read 0x1B6400
6498 (1024) read 0x1B6800
6499 (1024) read 0x1B6C00
6500 (1024) read 0x1D6000
6501 (1024) read 0x1D6400
6502 (1024) read 0x1D6800
6503 (1024) read 0x1D6C00
6504 (1024) read 0x1F6000
6505 (1024) read 0x1F6400
6506 (1024) read 0x1F6800
6507 (1024) read 0x1F6C00
6508 (1024) read 0x216000
6509 (1024) read 0x216400
6510 (1024) read 0x216800
6511 (1024) read 0x216C00
6512 (1024) read 0x1B7000
6513 (1024) read 0x1B7400
6514 (1024) read 0x1B7800
6515 (1024) read 0x1B7C00
6516 (1024) read 0x1D7000
6517 (1024) read 0x1D7400
6518 (1024) read 0x1D7800
6519 (1024) read 0x1D7C00
6520 (1024) read 0x1F7000
6521 (1024) read 0x1F7400
6522 (1024) read 0x1F7800
6523 (1024) read 0x1F7C00
6524 (1024) read 0x217000
6525 (1024) read 0x217400
6526 (1024) read 0x217800
6527 (1024) read 0x217C00
6528 (1024) read 0x1B8000
6529 (1024) read 0x1B8400
6530 (1024) read 0x1B8800
6531 (1024) read 0x1B8C00
6532 (1024) read 0x1D8000
6533 (1024) read 0x1D8400
6534 (1024) read 0x1D8800
6535 (1024) read 0x1D8C00
6536 (1024) read 0x1F8000
6537 (1024) read 0x1F8400
6538 (1024) read 0x1F8800
6539 (1024) read 0x1F8C00
6540 (1024) read 0x218000
6541 (1024) read 0x218400
6542 (1024) read 0x218800
6543 (1024) read 0x218C00
6544 (1024) read 0x1B9000
6545 (1024) read 0x1B9400
6546 (1024) read 0x1B9800
6547 (1024) read 0x1B9C00
6548 (1024) read 0x1D9000
6549 (1024) read 0x1D9400
6550 (1024) read 0x1D9800
6551 (1024) read 0x1D9C00
6552 (1024) read 0x1F9000
6553 (1024) read 0x1F9400
6554 (1024) read 0x1F9800
6555 (1024) read 0x1F9C00
6556 (1024) read 0x219000
6557 (1024) read 0x219400
6558 (1024) read 0x219800
6559 (1024) read 0x219C00
6560 (1024) read 0x1BA000
6561 (1024) read 0x1BA400
6562 (1024) read 0x1BA800
6563 (1024) read 0x1BAC00
6564 (1024) read 0x1DA000
6565 (1024) read 0x1DA400
6566 (1024) read 0x1DA800
6567 (1024) read 0x1DAC00
6568 (1024) read 0x1FA000
6569 (1024) read 0x1FA400
6570 (1024) read 0x1FA800
6571 (1024) read 0x1FAC00
6572 (1024) read 0x21A000
6573 (1024) read 0x21A400
6574 (1024) read 0x21A800
6575 (1024) read 0x21AC00
6576 (1024) read 0x1BB000
6577 (1024) read 0x1BB400
6578 (1024) read 0x1BB800
6579 (1024) read 0x1BBC00
6580 (1024) read 0x1DB000
6581 (1024) read 0x1DB400
6582 (1024) read 0x1DB800
6583 (1024) read 0x1DBC00
6584 (1024) read 0x1FB000
6585 (1024) read 0x1FB400
6586 (1024) read 0x1FB800
6587 (1024) read 0x1FBC00
6588 (1024) read 0x21B000
6589 (1024) read 0x21B400
6590 (1024) read 0x21B800
6591 (1024) read 0x21BC00
6592 (1024) read 0x1BC000
6593 (1024) read 0x1BC400
6594 (1024) read 0x1BC800
6595 (1024) read 0x1BCC00
6596 (1024) read 0x1DC000
6597 (1024) read 0x1DC400
6598 (1024) read 0x1DC800
6599 (1024) read 0x1DCC00
6600 (1024) read 0x1FC000
6601 (1024) read 0x1FC400
6602 (1024) read 0x1FC800
6603 (1024) read 0x1FCC00
6604 (1024) read 0x21C000
6605 (1024) read 0x21C400
6606 (1024) read 0x21C800
6607 (1024) read 0x21CC00
6608 (1024) read 0x1BD000
6609 (1024) read 0x1BD400
6610 (1024) read 0x1BD800
6611 (1024) read 0x1BDC00
6612 (1024) read 0x1DD000
6613 (1024) read 0x1DD400
6614 (1024) read 0x1DD800
6615 (1024) read 0x1DDC00
6616 (1024) read 0x1FD000
6617 (1024) read 0x1FD400
6618 (1024) read 0x1FD800
6619 (1024) read 0x1FDC00
6620 (1024) read 0x21D000
6621 (1024) read 0x21D400
6622 (1024) read 0x21D800
6623 (1024) read 0x21DC00
6624 (1024) read 0x1BE000
6625 (1024) read 0x1BE400
6626 (1024) read 0x1BE800
6627 (1024) read 0x1BEC00
6628 (1024) read 0x1DE000
6629 (1024) read 0x1DE400
6630 (1024) read 0x1DE800
6631 (1024) read 0x1DEC00
6632 (1024) read 0x1FE000
6633 (1024) read 0x1FE400
6634 (1024) read 0x1FE800
6635 (1024) read 0x1FEC00
6636 (1024) read 0x21E000
6637 (1024) read 0x21E400
6638 (1024) read 0x21E800
6639 (1024) read 0x21EC00
6640 (1024) read 0x1BF000
6641 (1024) read 0x1BF400
6642 (1024) read 0x1BF800
6643 (1024) read 0x1BFC00
6644 (1024) read 0x1DF000
6645 (1024) read 0x1DF400
6646 (1024) read 0x1DF800
6647 (1024) read 0x1DFC00
6648 (1024) read 0x1FF000
6649 (1024) read 0x1FF400
6650 (1024) read 0x1FF800
6651 (1024) read 0x1FFC00
6652 (1024) read 0x21F000
6653 (1024) read 0x21F400
6654 (1024) read 0x21F800
6655 (1024) read 0x21FC00
6656 (1024) read 0x1C0000
6657 (1024) read 0x1C0400
6658 (1024) read 0x1C0800
6659 (1024) read 0x1C0C00
6660 (1024) read 0x1E0000
6661 (1024) read 0x1E0400
6662 (1024) read 0x1E0800
6663 (1024) read 0x1E0C00
6664 (1024) read 0x200000
6665 (1024) read 0x200400
6666 (1024) read 0x200800
6667 (1024) read 0x200C00
6668 (1024) read 0x220000
6669 (1024) read 0x220400
6670 (1024) read 0x220800
6671 (1024) read 0x220C00
6672 (1024) read 0x1C1000
6673 (1024) read 0x1C1400
6674 (1024) read 0x1C1800
6675 (1024) read 0x1C1C00
6676 (1024) read 0x1E1000
6677 (1024) read 0x1E1400
6678 (1024) read 0x1E1800
6679 (1024) read 0x1E1C00
6680 (1024) read 0x201000
6681 (1024) read 0x201400
6682 (1024) read 0x201800
6683 (1024) read 0x201C00
6684 (1024) read 0x221000
6685 (1024) read 0x221400
6686 (1024) read 0x221800
6687 (1024) read 0x221C00
6688 (1024) read 0x1C2000
6689 (1024) read 0x1C2400
6690 (1024) read 0x1C2800
6691 (1024) read 0x1C2C00
6692 (1024) read 0x1E2000
6693 (1024) read 0x1E2400
6694 (1024) read 0x1E2800
6695 (1024) read 0x1E2C00
6696 (1024) read 0x202000
6697 (1024) read 0x202400
6698 (1024) read 0x202800
6699 (1024) read 0x202C00
6700 (1024) read 0x222000
6701 (1024) read 0x222400
6702 (1024) read 0x222800
6703 (1024) read 0x222C00
6704 (1024) read 0x1C3000
6705 (1024) read 0x1C3400
6706 (1024) read 0x1C3800
6707 (1024) read 0x1C3C00
6708 (1024) read 0x1E3000
6709 (1024) read 0x1E3400
6710 (1024) read 0x1E3800
6711 (1024) read 0x1E3C00
6712 (1024) read 0x203000
6713 (1024) read 0x203400
6714 (1024) read 0x203800
6715 (1024) read 0x203C00
6716 (1024) read 0x223000
6717 (1024) read 0x223400
6718 (1024) read 0x223800
6719 (1024) read 0x223C00
6720 (1024) read 0x1C4000
6721 (1024) read 0x1C4400
6722 (1024) read 0x1C4800
6723 (1024) read 0x1C4C00
6724 (1024) read 0x1E4000
6725 (1024) read 0x1E4400
6726 (1024) read 0x1E4800
6727 (1024) read 0x1E4C00
6728 (1024) read 0x204000
6729 (1024) read 0x204400
6730 (1024) read 0x204800
6731 (1024) read 0x204C00
6732 (1024) read 0x224000
6733 (1024) read 0x224400
6734 (1024) read 0x224800
6735 (1024) read 0x224C00
6736 (1024) read 0x1C5000
6737 (1024) read 0x1C5400
6738 (1024) read 0x1C5800
6739 (1024) read 0x1C5C00
6740 (1024) read 0x1E5000
6741 (1024) read 0x1E5400
6742 (1024) read 0x1E5800
6743 (1024) read 0x1E5C00
6744 (1024) read 0x205000
6745 (1024) read 0x205400
6746 (1024) read 0x205800
6747 (1024) read 0x205C00
6748 (1024) read 0x225000
6749 (1024) read 0x225400
6750 (1024) read 0x225800
6751 (1024) read 0x225C00
6752 (1024) read 0x1C6000
6753 (1024) read 0x1C6400
6754 (1024) read 0x1C6800
6755 (1024) read 0x1C6C00
6756 (1024) read 0x1E6000
6757 (1024) read 0x1E6400
6758 (1024) read 0x1E6800
6759 (1024) read 0x1E6C00
6760 (1024) read 0x206000
6761 (1024) read 0x206400
6762 (1024) read 0x206800
6763 (1024) read 0x206C00
6764 (1024) read 0x226000
6765 (1024) read 0x226400
6766 (1024) read 0x226800
6767 (1024) read 0x226C00
6768 (1024) read 0x1C7000
6769 (1024) read 0x1C7400
6770 (1024) read 0x1C7800
6771 (1024) read 0x1C7C00
6772 (1024) read 0x1E7000
6773 (1024) read 0x1E7400
6774 (1024) read 0x1E7800
6775 (1024) read 0x1E7C00
6776 (1024) read 0x207000
6777 (1024) read 0x207400
6778 (1024) read 0x207800
6779 (1024) read 0x207C00
6780 (1024) read 0x227000
6781 (1024) read 0x227400
6782 (1024) read 0x227800
6783 (1024) read 0x227C00
6784 (1024) read 0x1C8000
6785 (1024) read 0x1C8400
6786 (1024) read 0x1C8800
6787 (1024) read 0x1C8C00
6788 (1024) read 0x1E8000
6789 (1024) read 0x1E8400
6790 (1024) read 0x1E8800
6791 (1024) read 0x1E8C00
6792 (1024) read 0x208000
6793 (1024) read 0x208400
6794 (1024) read 0x208800
6795 (1024) read 0x208C00
6796 (1024) read 0x228000
6797 (1024) read 0x228400
6798 (1024) read 0x228800
6799 (1024) read 0x228C00
6800 (1024) read 0x1C9000
6801 (1024) read 0x1C9400
6802 (1024) read 0x1C9800
6803 (1024) read 0x1C9C00
6804 (1024) read 0x1E9000
6805 (1024) read 0x1E9400
6806 (1024) read 0x1E9800
6807 (1024) read 0x1E9C00
6808 (1024) read 0x209000
6809 (1024) read 0x209400
6810 (1024) read 0x209800
6811 (1024) read 0x209C00
6812 (1024) read 0x229000
6813 (1024) read 0x229400
6814 (1024) read 0x229800
6815 (1024) read 0x229C00
6816 (1024) read 0x1CA000
6817 (1024) read 0x1CA400
6818 (1024) read 0x1CA800
6819 (1024) read 0x1CAC00
6820 (1024) read 0x1EA000
6821 (1024) read 0x1EA400
6822 (1024) read 0x1EA800
6823 (1024) read 0x1EAC00
6824 (1024) read 0x20A000
6825 (1024) read 0x20A400
6826 (1024) read 0x20A800
6827 (1024) read 0x20AC00
6828 (1024) read 0x22A000
6829 (1024) read 0x22A400
6830 (1024) read 0x22A800
6831 (1024) read 0x22AC00
6832 (1024) read 0x1CB000
6833 (1024) read 0x1CB400
6834 (1024) read 0x1CB800
6835 (1024) read 0x1CBC00
6836 (1024) read 0x1EB000
6837 (1024) read 0x1EB400
6838 (1024) read 0x1EB800
6839 (1024) read 0x1EBC00
6840 (1024) read 0x20B000
6841 (1024) read 0x20B400
6842 (1024) read 0x20B800
6843 (1024) read 0x20BC00
6844 (1024) read 0x22B000
6845 (1024) read 0x22B400
6846 (1024) read 0x22B800
6847 (1024) read 0x22BC00
6848 (1024) read 0x1CC000
6849 (1024) read 0x1CC400
6850 (1024) read 0x1CC800
6851 (1024) read 0x1CCC00
6852 (1024) read 0x1EC000
6853 (1024) read 0x1EC400
6854 (1024) read 0x1EC800
6855 (1024) read 0x1ECC00
6856 (1024) read 0x20C000
6857 (1024) read 0x20C400
6858 (1024) read 0x20C800
6859 (1024) read 0x20CC00
6860 (1024) read 0x22C000
6861 (1024) read 0x22C400
6862 (1024) read 0x22C800
6863 (1024) read 0x22CC00
6864 (1024) read 0x1CD000
6865 (1024) read 0x1CD400
6866 (1024) read 0x1CD800
6867 (1024) read 0x1CDC00
6868 (1024) read 0x1ED000
6869 (1024) read 0x1ED400
6870 (1024) read 0x1ED800
6871 (1024) read 0x1EDC00
6872 (1024) read 0x20D000
6873 (1024) read 0x20D400
6874 (1024) read 0x20D800
6875 (1024) read 0x20DC00
6876 (1024) read 0x22D000
6877 (1024) read 0x22D400
6878 (1024) read 0x22D800
6879 (1024) read 0x22DC00
6880 (1024) read 0x1CE000
6881 (1024) read 0x1CE400
6882 (1024) read 0x1CE800
6883 (1024) read 0x1CEC00
6884 (1024) read 0x1EE000
6885 (1024) read 0x1EE400
6886 (1024) read 0x1EE800
6887 (1024) read 0x1EEC00
6888 (1024) read 0x20E000
6889 (1024) read 0x20E400
6890 (1024) read 0x20E800
6891 (1024) read 0x20EC00
6892 (1024) read 0x22E000
6893 (1024) read 0x22E400
6894 (1024) read 0x22E800
6895 (1024) read 0x22EC00
6896 (1024) read 0x1CF000
6897 (1024) read 0x1CF400
6898 (1024) read 0x1CF800
6899 (1024) read 0x1CFC00
6900 (1024) read 0x1EF000
6901 (1024) read 0x1EF400
6902 (1024) read 0x1EF800
6903 (1024) read 0x1EFC00
6904 (1024) read 0x20F000
6905 (1024) read 0x20F400
6906 (1024) read 0x20F800
6907 (1024) read 0x20FC00
6908 (1024) read 0x22F000
6909 (1024) read 0x22F400
6910 (1024) read 0x22F800
6911 (1024) read 0x22FC00
6912 (1024) read 0x1D0000
6913 (1024) read 0x1D0400
6914 (1024) read 0x1D0800
6915 (1024) read 0x1D0C00
6916 (1024) read 0x1F0000
6917 (1024) read 0x1F0400
6918 (1024) read 0x1F0800
6919 (1024) read 0x1F0C00
6920 (1024) read 0x210000
6921 (1024) read 0x210400
6922 (1024) read 0x210800
6923 (1024) read 0x210C00
6924 (1024) read 0x230000
6925 (1024) read 0x230400
6926 (1024) read 0x230800
6927 (1024) read 0x230C00
6928 (1024) read 0x1D1000
6929 (1024) read 0x1D1400
6930 (1024) read 0x1D1800
6931 (1024) read 0x1D1C00
6932 (1024) read 0x1F1000
6933 (1024) read 0x1F1400
6934 (1024) read 0x1F1800
6935 (1024) read 0x1F1C00
6936 (1024) read 0x211000
6937 (1024) read 0x211400
6938 (1024) read 0x211800
6939 (1024) read 0x211C00
6940 (1024) read 0x231000
6941 (1024) read 0x231400
6942 (1024) read 0x231800
6943 (1024) read 0x231C00
6944 (1024) read 0x1D2000
6945 (1024) read 0x1D2400
6946 (1024) read 0x1D2800
6947 (1024) read 0x1D2C00
6948 (1024) read 0x1F2000
6949 (1024) read 0x1F2400
6950 (1024) read 0x1F2800
6951 (1024) read 0x1F2C00
6952 (1024) read 0x212000
6953 (1024) read 0x212400
6954 (1024) read 0x212800
6955 (1024) read 0x212C00
6956 (1024) read 0x232000
6957 (1024) read 0x232400
6958 (1024) read 0x232800
6959 (1024) read 0x232C00
6960 (1024) read 0x1D3000
6961 (1024) read 0x1D3400
6962 (1024) read 0x1D3800
6963 (1024) read 0x1D3C00
6964 (1024) read 0x1F3000
6965 (1024) read 0x1F3400
6966 (1024) read 0x1F3800
6967 (1024) read 0x1F3C00
6968 (1024) read 0x213000
6969 (1024) read 0x213400
6970 (1024) read 0x213800
6971 (1024) read 0x213C00
6972 (1024) read 0x233000
6973 (1024) read 0x233400
6974 (1024) read 0x233800
6975 (1024) read 0x233C00
6976 (1024) read 0x1D4000
6977 (1024) read 0x1D4400
6978 (1024) read 0x1D4800
6979 (1024) read 0x1D4C00
6980 (1024) read 0x1F4000
6981 (1024) read 0x1F4400
6982 (1024) read 0x1F4800
6983 (1024) read 0x1F4C00
6984 (1024) read 0x214000
6985 (1024) read 0x214400
6986 (1024) read 0x214800
6987 (1024) read 0x214C00
6988 (1024) read 0x234000
6989 (1024) read 0x234400
6990 (1024) read 0x234800
6991 (1024) read 0x234C00
6992 (1024) read 0x1D5000
6993 (1024) read 0x1D5400
6994 (1024) read 0x1D5800
6995 (1024) read 0x1D5C00
6996 (1024) read 0x1F5000
6997 (1024) read 0x1F5400
6998 (1024) read 0x1F5800
6999 (1024) read 0x1F5C00
7000 (1024) read 0x215000
7001 (1024) read 0x215400
7002 (1024) read 0x215800
7003 (1024) read 0x215C00
7004 (1024) read 0x235000
7005 (1024) read 0x235400
7006 (1024) read 0x235800
7007 (1024) read 0x235C00
7008 (1024) read 0x1D6000
7009 (1024) read 0x1D6400
7010 (1024) read 0x1D6800
7011 (1024) read 0x1D6C00
7012 (1024) read 0x1F6000
7013 (1024) read 0x1F6400
7014 (1024) read 0x1F6800
7015 (1024) read 0x1F6C00
7016 (1024) read 0x216000
7017 (1024) read 0x216400
7018 (1024) read 0x216800
7019 (1024) read 0x216C00
7020 (1024) read 0x236000
7021 (1024) read 0x236400
7022 (1024) read 0x236800
7023 (1024) read 0x236C00
7024 (1024) read 0x1D7000
7025 (1024) read 0x1D7400
7026 (1024) read 0x1D7800
7027 (1024) read 0x1D7C00
7028 (1024) read 0x1F7000
7029 (1024) read 0x1F7400
7030 (1024) read 0x1F7800
7031 (1024) read 0x1F7C00
7032 (1024) read 0x217000
7033 (1024) read 0x217400
7034 (1024) read 0x217800
7035 (1024) read 0x217C00
7036 (1024) read 0x237000
7037 (1024) read 0x237400
7038 (1024) read 0x237800
7039 (1024) read 0x237C00
7040 (1024) read 0x1D8000
7041 (1024) read 0x1D8400
7042 (1024) read 0x1D8800
7043 (1024) read 0x1D8C00
7044 (1024) read 0x1F8000
7045 (1024) read 0x1F8400
7046 (1024) read 0x1F8800
7047 (1024) read 0x1F8C00
7048 (1024) read 0x218000
7049 (1024) read 0x218400
7050 (1024) read 0x218800
7051 (1024) read 0x218C00
7052 (1024) read 0x238000
7053 (1024) read 0x238400
7054 (1024) read 0x238800
7055 (1024) read 0x238C00
7056 (1024) read 0x1D9000
7057 (1024) read 0x1D9400
7058 (1024) read 0x1D9800
7059 (1024) read 0x1D9C00
7060 (1024) read 0x1F9000
7061 (1024) read 0x1F9400
7062 (1024) read 0x1F9800
7063 (1024) read 0x1F9C00
7064 (1024) read 0x219000
7065 (1024) read 0x219400
7066 (1024) read 0x219800
7067 (1024) read 0x219C00
7068 (1024) read 0x239000
7069 (1024) read 0x239400
7070 (1024) read 0x239800
7071 (1024) read 0x239C00
7072 (1024) read 0x1DA000
7073 (1024) read 0x1DA400
7074 (1024) read 0x1DA800
7075 (1024) read 0x1DAC00
7076 (1024) read 0x1FA000
7077 (1024) read 0x1FA400
7078 (1024) read 0x1FA800
7079 (1024) read 0x1FAC00
7080 (1024) read 0x21A000
7081 (1024) read 0x21A400
7082 (1024) read 0x21A800
7083 (1024) read 0x21AC00
7084 (1024) read 0x23A000
7085 (1024) read 0x23A400
7086 (1024) read 0x23A800
7087 (1024) read 0x23AC00
7088 (1024) read 0x1DB000
7089 (1024) read 0x1DB400
7090 (1024) read 0x1DB800
7091 (1024) read 0x1DBC00
7092 (1024) read 0x1FB000
7093 (1024) read 0x1FB400
7094 (1024) read 0x1FB800
7095 (1024) read 0x1FBC00
7096 (1024) read 0x21B000
7097 (1024) read 0x21B400
7098 (1024) read 0x21B800
7099 (1024) read 0x21BC00
7100 (1024) read 0x23B000
7101 (1024) read 0x23B400
7102 (1024) read 0x23B800
7103 (1024) read 0x23BC00
7104 (1024) read 0x1DC000
7105 (1024) read 0x1DC400
7106 (1024) read 0x1DC800
7107 (1024) read 0x1DCC00
7108 (1024) read 0x1FC000
7109 (1024) read 0x1FC400
7110 (1024) read 0x1FC800
7111 (1024) read 0x1FCC00
7112 (1024) read 0x21C000
7113 (1024) read 0x21C400
7114 (1024) read 0x21C800
7115 (1024) read 0x21CC00
7116 (1024) read 0x23C000
7117 (1024) read 0x23C400
7118 (1024) read 0x23C800
7119 (1024) read 0x23CC00
7120 (1024) read 0x1DD000
7121 (1024) read 0x1DD400
7122 (1024) read 0x1DD800
7123 (1024) read 0x1DDC00
7124 (1024) read 0x1FD000
7125 (1024) read 0x1FD400
7126 (1024) read 0x1FD800
7127 (1024) read 0x1FDC00
7128 (1024) read 0x21D000
7129 (1024) read 0x21D400
7130 (1024) read 0x21D800
7131 (1024) read 0x21DC00
7132 (1024) read 0x23D000
7133 (1024) read 0x23D400
7134 (1024) read 0x23D800
7135 (1024) read 0x23DC00
7136 (1024) read 0x1DE000
7137 (1024) read 0x1DE400
7138 (1024) read 0x1DE800
7139 (1024) read 0x1DEC00
7140 (1024) read 0x1FE000
7141 (1024) read 0x1FE400
7142 (1024) read 0x1FE800
7143 (1024) read 0x1FEC00
7144 (1024) read 0x21E000
7145 (1024) read 0x21E400
7146 (1024) read 0x21E800
7147 (1024) read 0x21EC00
7148 (1024) read 0x23E000
7149 (1024) read 0x23E400
7150 (1024) read 0x23E800
7151 (1024) read 0x23EC00
7152 (1024) read 0x1DF000
7153 (1024) read 0x1DF400
7154 (1024) read 0x1DF800
7155 (1024) read 0x1DFC00
7156 (1024) read 0x1FF000
7157 (1024) read 0x1FF400
7158 (1024) read 0x1FF800
7159 (1024) read 0x1FFC00
7160 (1024) read 0x21F000
7161 (1024) read 0x21F400
7162 (1024) read 0x21F800
7163 (1024) read 0x21FC00
7164 (1024) read 0x23F000
7165 (1024) read 0x23F400
7166 (1024) read 0x23F800
7167 (1024) read 0x23FC00
7168 (1024) read 0x1E0000
7169 (1024) read 0x1E0400
7170 (1024) read 0x1E0800
7171 (1024) read 0x1E0C00
7172 (1024) read 0x200000
7173 (1024) read 0x200400
7174 (1024) read 0x200800
7175 (1024) read 0x200C00
7176 (1024) read 0x220000
7177 (1024) read 0x220400
7178 (1024) read 0x220800
7179 (1024) read 0x220C00
7180 (1024) read 0x240000
7181 (1024) read 0x240400
7182 (1024) read 0x240800
7183 (1024) read 0x240C00
7184 (1024) read 0x1E1000
7185 (1024) read 0x1E1400
7186 (1024) read 0x1E1800
7187 (1024) read 0x1E1C00
7188 (1024) read 0x201000
7189 (1024) read 0x201400
7190 (1024) read 0x201800
7191 (1024) read 0x201C00
7192 (1024) read 0x221000
7193 (1024) read 0x221400
7194 (1024) read 0x221800
7195 (1024) read 0x221C00
7196 (1024) read 0x241000
7197 (1024) read 0x241400
7198 (1024) read 0x241800
7199 (1024) read 0x241C00
7200 (1024) read 0x1E2000
7201 (1024) read 0x1E2400
7202 (1024) read 0x1E2800
7203 (1024) read 0x1E2C00
7204 (1024) read 0x202000
7205 (1024) read 0x202400
7206 (1024) read 0x202800
7207 (1024) read 0x202C00
7208 (1024) read 0x222000
7209 (1024) read 0x222400
7210 (1024) read 0x222800
7211 (1024) read 0x222C00
7212 (1024) read 0x242000
7213 (1024) read 0x242400
7214 (1024) read 0x242800
7215 (1024) read 0x242C00
7216 (1024) read 0x1E3000
7217 (1024) read 0x1E3400
7218 (1024) read 0x1E3800
7219 (1024) read 0x1E3C00
7220 (1024) read 0x203000
7221 (1024) read 0x203400
7222 (1024) read 0x203800
7223 (1024) read 0x203C00
7224 (1024) read 0x223000
7225 (1024) read 0x223400
7226 (1024) read 0x223800
7227 (1024) read 0x223C00
7228 (1024) read 0x243000
7229 (1024) read 0x243400
7230 (1024) read 0x243800
7231 (1024) read 0x243C00
7232 (1024) read 0x1E4000
7233 (1024) read 0x1E4400
7234 (1024) read 0x1E4800
7235 (1024) read 0x1E4C00
7236 (1024) read 0x204000
7237 (1024) read 0x204400
7238 (1024) read 0x204800
7239 (1024) read 0x204C00
7240 (1024) read 0x224000
7241 (1024) read 0x224400
7242 (1024) read 0x224800
7243 (1024) read 0x224C00
7244 (1024) read 0x244000
7245 (1024) read 0x244400
7246 (1024) read 0x244800
7247 (1024) read 0x244C00
7248 (1024) read 0x1E5000
7249 (1024) read 0x1E5400
7250 (1024) read 0x1E5800
7251 (1024) read 0x1E5C00
7252 (1024) read 0x205000
7253 (1024) read 0x205400
7254 (1024) read 0x205800
7255 (1024) read 0x205C00
7256 (1024) read 0x225000
7257 (1024) read 0x225400
7258 (1024) read 0x225800
7259 (1024) read 0x225C00
7260 (1024) read 0x245000
7261 (1024) read 0x245400
7262 (1024) read 0x245800
7263 (1024) read 0x245C00
7264 (1024) read 0x1E6000
7265 (1024) read 0x1E6400
7266 (1024) read 0x1E6800
7267 (1024) read 0x1E6C00
7268 (1024) read 0x206000
7269 (1024) read 0x206400
7270 (1024) read 0x206800
7271 (1024) read 0x206C00
7272 (1024) read 0x226000
7273 (1024) read 0x226400
7274 (1024) read 0x226800
7275 (1024) read 0x226C00
7276 (1024) read 0x246000
7277 (1024) read 0x246400
7278 (1024) read 0x246800
7279 (1024) read 0x246C00
7280 (1024) read 0x1E7000
7281 (1024) read 0x1E7400
7282 (1024) read 0x1E7800
7283 (1024) read 0x1E7C00
7284 (1024) read 0x207000
7285 (1024) read 0x207400
7286 (1024) read 0x207800
7287 (1024) read 0x207C00
7288 (1024) read 0x227000
7289 (1024) read 0x227400
7290 (1024) read 0x227800
7291 (1024) read 0x227C00
7292 (1024) read 0x247000
7293 (1024) read 0x247400
7294 (1024) read 0x247800
7295 (1024) read 0x247C00
7296 (1024) read 0x1E8000
7297 (1024) read 0x1E8400
7298 (1024) read 0x1E8800
7299 (1024) read 0x1E8C00
7300 (1024) read 0x208000
7301 (1024) read 0x208400
7302 (1024) read 0x208800
7303 (1024) read 0x208C00
7304 (1024) read 0x228000
7305 (1024) read 0x228400
7306 (1024) read 0x228800
7307 (1024) read 0x228C00
7308 (1024) read 0x248000
7309 (1024) read 0x248400
7310 (1024) read 0x248800
7311 (1024) read 0x248C00
7312 (1024) read 0x1E9000
7313 (1024) read 0x1E9400
7314 (1024) read 0x1E9800
7315 (1024) read 0x1E9C00
7316 (1024) read 0x209000
7317 (1024) read 0x209400
7318 (1024) read 0x209800
7319 (1024) read 0x209C00
7320 (1024) read 0x229000
7321 (1024) read 0x229400
7322 (1024) read 0x229800
7323 (1024) read 0x229C00
7324 (1024) read 0x249000
7325 (1024) read 0x249400
7326 (1024) read 0x249800
7327 (1024) read 0x249C00
7328 (1024) read 0x1EA000
7329 (1024) read 0x1EA400
7330 (1024) read 0x1EA800
7331 (1024) read 0x1EAC00
7332 (1024) read 0x20A000
7333 (1024) read 0x20A400
7334 (1024) read 0x20A800
7335 (1024) read 0x20AC00
7336 (1024) read 0x22A000
7337 (1024) read 0x22A400
7338 (1024) read 0x22A800
7339 (1024) read 0x22AC00
7340 (1024) read 0x24A000
7341 (1024) read 0x24A400
7342 (1024) read 0x24A800
7343 (1024) read 0x24AC00
7344 (1024) read 0x1EB000
7345 (1024) read 0x1EB400
7346 (1024) read 0x1EB800
7347 (1024) read 0x1EBC00
7348 (1024) read 0x20B000
7349 (1024) read 0x20B400
7350 (1024) read 0x20B800
7351 (1024) read 0x20BC00
7352 (1024) read 0x22B000
7353 (1024) read 0x22B400
7354 (1024) read 0x22B800
7355 (1024) read 0x22BC00
7356 (1024) read 0x24B000
7357 (1024) read 0x24B400
7358 (1024) read 0x24B800
7359 (1024) read 0x24BC00
7360 (1024) read 0x1EC000
7361 (1024) read 0x1EC400
7362 (1024) read 0x1EC800
7363 (1024) read 0x1ECC00
7364 (1024) read 0x20C000
7365 (1024) read 0x20C400
7366 (1024) read 0x20C800
7367 (1024) read 0x20CC00
7368 (1024) read 0x22C000
7369 (1024) read 0x22C400
7370 (1024) read 0x22C800
7371 (1024) read 0x22CC00
7372 (1024) read 0x24C000
7373 (1024) read 0x24C400
7374 (1024) read 0x24C800
7375 (1024) read 0x24CC00
7376 (1024) read 0x1ED000
7377 (1024) read 0x1ED400
7378 (1024) read 0x1ED800
7379 (1024) read 0x1EDC00
7380 (1024) read 0x20D000
7381 (1024) read 0x20D400
7382 (1024) read 0x20D800
7383 (1024) read 0x20DC00
7384 (1024) read 0x22D000
7385 (1024) read 0x22D400
7386 (1024) read 0x22D800
7387 (1024) read 0x22DC00
7388 (1024) read 0x24D000
7389 (1024) read 0x24D400
7390 (1024) read 0x24D800
7391 (1024) read 0x24DC00
7392 (1024) read 0x1EE000
7393 (1024) read 0x1EE400
7394 (1024) read 0x1EE800
7395 (1024) read 0x1EEC00
7396 (1024) read 0x20E000
7397 (1024) read 0x20E400
7398 (1024) read 0x20E800
7399 (1024) read 0x20EC00
7400 (1024) read 0x22E000
7401 (1024) read 0x22E400
7402 (1024) read 0x22E800
7403 (1024) read 0x22EC00
7404 (1024) read 0x24E000
7405 (1024) read 0x24E400
7406 (1024) read 0x24E800
7407 (1024) read 0x24EC00
7408 (1024) read 0x1EF000
7409 (1024) read 0x1EF400
7410 (1024) read 0x1EF800
7411 (1024) read 0x1EFC00
7412 (1024) read 0x20F000
7413 (1024) read 0x20F400
7414 (1024) read 0x20F800
7415 (1024) read 0x20FC00
7416 (1024) read 0x22F000
7417 (1024) read 0x22F400
7418 (1024) read 0x22F800
7419 (1024) read 0x22FC00
7420 (1024) read 0x24F000
7421 (1024) read 0x24F400
7422 (1024) read 0x24F800
7423 (1024) read 0x24FC00
7424 (1024) read 0x1F0000
7425 (1024) read 0x1F0400
7426 (1024) read 0x1F0800
7427 (1024) read 0x1F0C00
7428 (1024) read 0x210000
7429 (1024) read 0x210400
7430 (1024) read 0x210800
7431 (1024) read 0x210C00
7432 (1024) read 0x230000
7433 (1024) read 0x230400
7434 (1024) read 0x230800
7435 (1024) read 0x230C00
7436 (1024) read 0x250000
7437 (1024) read 0x250400
7438 (1024) read 0x250800
7439 (1024) read 0x250C00
7440 (1024) read 0x1F1000
7441 (1024) read 0x1F1400
7442 (1024) read 0x1F1800
7443 (1024) read 0x1F1C00
7444 (1024) read 0x211000
7445 (1024) read 0x211400
7446 (1024) read 0x211800
7447 (1024) read 0x211C00
7448 (1024) read 0x231000
7449 (1024) read 0x231400
7450 (1024) read 0x231800
7451 (1024) read 0x231C00
7452 (1024) read 0x251000
7453 (1024) read 0x251400
7454 (1024) read 0x251800
7455 (1024) read 0x251C00
7456 (1024) read 0x1F2000
7457 (1024) read 0x1F2400
7458 (1024) read 0x1F2800
7459 (1024) read 0x1F2C00
7460 (1024) read 0x212000
7461 (1024) read 0x212400
7462 (1024) read 0x212800
7463 (1024) read 0x212C00
7464 (1024) read 0x232000
7465 (1024) read 0x232400
7466 (1024) read 0x232800
7467 (1024) read 0x232C00
7468 (1024) read 0x252000
7469 (1024) read 0x252400
7470 (1024) read 0x252800
7471 (1024) read 0x252C00
7472 (1024) read 0x1F3000
7473 (1024) read 0x1F3400
7474 (1024) read 0x1F3800
7475 (1024) read 0x1F3C00
7476 (1024) read 0x213000
7477 (1024) read 0x213400
7478 (1024) read 0x213800
7479 (1024) read 0x213C00
7480 (1024) read 0x233000
7481 (1024) read 0x233400
7482 (1024) read 0x233800
7483 (1024) read 0x233C00
7484 (1024) read 0x253000
7485 (1024) read 0x253400
7486 (1024) read 0x253800
7487 (1024) read 0x253C00
7488 (1024) read 0x1F4000
7489 (1024) read 0x1F4400
7490 (1024) read 0x1F4800
7491 (1024) read 0x1F4C00
7492 (1024) read 0x214000
7493 (1024) read 0x214400
7494 (1024) read 0x214800
7495 (1024) read 0x214C00
7496 (1024) read 0x234000
7497 (1024) read 0x234400
7498 (1024) read 0x234800
7499 (1024) read 0x234C00
7500 (1024) read 0x254000
7501 (1024) read 0x254400
7502 (1024) read 0x254800
7503 (1024) read 0x254C00
7504 (1024) read 0x1F5000
7505 (1024) read 0x1F5400
7506 (1024) read 0x1F5800
7507 (1024) read 0x1F5C00
7508 (1024) read 0x215000
7509 (1024) read 0x215400
7510 (1024) read 0x215800
7511 (1024) read 0x215C00
7512 (1024) read 0x235000
7513 (1024) read 0x235400
7514 (1024) read 0x235800
7515 (1024) read 0x235C00
7516 (1024) read 0x255000
7517 (1024) read 0x255400
7518 (1024) read 0x255800
7519 (1024) read 0x255C00
7520 (1024) read 0x1F6000
7521 (1024) read 0x1F6400
7522 (1024) read 0x1F6800
7523 (1024) read 0x1F6C00
7524 (1024) read 0x216000
7525 (1024) read 0x216400
7526 (1024) read 0x216800
7527 (1024) read 0x216C00
7528 (1024) read 0x236000
7529 (1024) read 0x236400
7530 (1024) read 0x236800
7531 (1024) read 0x236C00
7532 (1024) read 0x256000
7533 (1024) read 0x256400
7534 (1024) read 0x256800
7535 (1024) read 0x256C00
7536 (1024) read 0x1F7000
7537 (1024) read 0x1F7400
7538 (1024) read 0x1F7800
7539 (1024) read 0x1F7C00
7540 (1024) read 0x217000
7541 (1024) read 0x217400
7542 (1024) read 0x217800
7543 (1024) read 0x217C00
7544 (1024) read 0x237000
7545 (1024) read 0x237400
7546 (1024) read 0x237800
7547 (1024) read 0x237C00
7548 (1024) read 0x257000
7549 (1024) read 0x257400
7550 (1024) read 0x257800
7551 (1024) read 0x257C00
7552 (1024) read 0x1F8000
7553 (1024) read 0x1F8400
7554 (1024) read 0x1F8800
7555 (1024) read 0x1F8C00
7556 (1024) read 0x218000
7557 (1024) read 0x218400
7558 (1024) read 0x218800
7559 (1024) read 0x218C00
7560 (1024) read 0x238000
7561 (1024) read 0x238400
7562 (1024) read 0x238800
7563 (1024) read 0x238C00
7564 (1024) read 0x258000
7565 (1024) read 0x258400
7566 (1024) read 0x258800
7567 (1024) read 0x258C00
7568 (1024) read 0x1F9000
7569 (1024) read 0x1F9400
7570 (1024) read 0x1F9800
7571 (1024) read 0x1F9C00
7572 (1024) read 0x219000
7573 (1024) read 0x219400
7574 (1024) read 0x219800
7575 (1024) read 0x219C00
7576 (1024) read 0x239000
7577 (1024) read 0x239400
7578 (1024) read 0x239800
7579 (1024) read 0x239C00
7580 (1024) read 0x259000
7581 (1024) read 0x259400
7582 (1024) read 0x259800
7583 (1024) read 0x259C00
7584 (1024) read 0x1FA000
7585 (1024) read 0x1FA400
7586 (1024) read 0x1FA800
7587 (1024) read 0x1FAC00
7588 (1024) read 0x21A000
7589 (1024) read 0x21A400
7590 (1024) read 0x21A800
7591 (1024) read 0x21AC00
7592 (1024) read 0x23A000
7593 (1024) read 0x23A400
7594 (1024) read 0x23A800
7595 (1024) read 0x23AC00
7596 (1024) read 0x25A000
7597 (1024) read 0x25A400
7598 (1024) read 0x25A800
7599 (1024) read 0x25AC00
7600 (1024) read 0x1FB000
7601 (1024) read 0x1FB400
7602 (1024) read 0x1FB800
7603 (1024) read 0x1FBC00
7604 (1024) read 0x21B000
7605 (1024) read 0x21B400
7606 (1024) read 0x21B800
7607 (1024) read 0x21BC00
7608 (1024) read 0x23B000
7609 (1024) read 0x23B400
7610 (1024) read 0x23B800
7611 (1024) read 0x23BC00
7612 (1024) read 0x25B000
7613 (1024) read 0x25B400
7614 (1024) read 0x25B800
7615 (1024) read 0x25BC00
7616 (1024) read 0x1FC000
7617 (1024) read 0x1FC400
7618 (1024) read 0x1FC800
7619 (1024) read 0x1FCC00
7620 (1024) read 0x21C000
7621 (1024) read 0x21C400
7622 (1024) read 0x21C800
7623 (1024) read 0x21CC00
7624 (1024) read 0x23C000
7625 (1024) read 0x23C400
7626 (1024) read 0x23C800
7627 (1024) read 0x23CC00
7628 (1024) read 0x25C000
7629 (1024) read 0x25C400
7630 (1024) read 0x25C800
7631 (1024) read 0x25CC00
7632 (1024) read 0x1FD000
7633 (1024) read 0x1FD400
7634 (1024) read 0x1FD800
7635 (1024) read 0x1FDC00
7636 (1024) read 0x21D000
7637 (1024) read 0x21D400
7638 (1024) read 0x21D800
7639 (1024) read 0x21DC00
7640 (1024) read 0x23D000
7641 (1024) read 0x23D400
7642 (1024) read 0x23D800
7643 (1024) read 0x23DC00
7644 (1024) read 0x25D000
7645 (1024) read 0x25D400
7646 (1024) read 0x25D800
7647 (1024) read 0x25DC00
7648 (1024) read 0x1FE000
7649 (1024) read 0x1FE400
7650 (1024) read 0x1FE800
7651 (1024) read 0x1FEC00
7652 (1024) read 0x21E000
7653 (1024) read 0x21E400
7654 (1024) read 0x21E800
7655 (1024) read 0x21EC00
7656 (1024) read 0x23E000
7657 (1024) read 0x23E400
7658 (1024) read 0x23E800
7659 (1024) read 0x23EC00
7660 (1024) read 0x25E000
7661 (1024) read 0x25E400
7662 (1024) read 0x25E800
7663 (1024) read 0x25EC00
7664 (1024) read 0x1FF000
7665 (1024) read 0x1FF400
7666 (1024) read 0x1FF800
7667 (1024) read 0x1FFC00
7668 (1024) read 0x21F000
7669 (1024) read 0x21F400
7670 (1024) read 0x21F800
7671 (1024) read 0x21FC00
7672 (1024) read 0x23F000
7673 (1024) read 0x23F400
7674 (1024) read 0x23F800
7675 (1024) read 0x23FC00
7676 (1024) read 0x25F000
7677 (1024) read 0x25F400
7678 (1024) read 0x25F800
7679 (1024) read 0x25FC00
7680 (1024) read 0x200000
7681 (1024) read 0x200400
7682 (1024) read 0x200800
7683 (1024) read 0x200C00
7684 (1024) read 0x220000
7685 (1024) read 0x220400
7686 (1024) read 0x220800
7687 (1024) read 0x220C00
7688 (1024) read 0x240000
7689 (1024) read 0x240400
7690 (1024) read 0x240800
7691 (1024) read 0x240C00
7692 (1024) read 0x260000
7693 (1024) read 0x260400
7694 (1024) read 0x260800
7695 (1024) read 0x260C00
7696 (1024) read 0x201000
7697 (1024) read 0x201400
7698 (1024) read 0x201800
7699 (1024) read 0x201C00
7700 (1024) read 0x221000
7701 (1024) read 0x221400
7702 (1024) read 0x221800
7703 (1024) read 0x221C00
7704 (1024) read 0x241000
7705 (1024) read 0x241400
7706 (1024) read 0x241800
7707 (1024) read 0x241C00
7708 (1024) read 0x261000
7709 (1024) read 0x261400
7710 (1024) read 0x261800
7711 (1024) read 0x261C00
7712 (1024) read 0x202000
7713 (1024) read 0x202400
7714 (1024) read 0x202800
7715 (1024) read 0x202C00
7716 (1024) read 0x222000
7717 (1024) read 0x222400
7718 (1024) read 0x222800
7719 (1024) read 0x222C00
7720 (1024) read 0x242000
7721 (1024) read 0x242400
7722 (1024) read 0x242800
7723 (1024) read 0x242C00
7724 (1024) read 0x262000
7725 (1024) read 0x262400
7726 (1024) read 0x262800
7727 (1024) read 0x262C00
7728 (1024) read 0x203000
7729 (1024) read 0x203400
7730 (1024) read 0x203800
7731 (1024) read 0x203C00
7732 (1024) read 0x223000
7733 (1024) read 0x223400
7734 (1024) read 0x223800
7735 (1024) read 0x223C00
7736 (1024) read 0x243000
7737 (1024) read 0x243400
7738 (1024) read 0x243800
7739 (1024) read 0x243C00
7740 (1024) read 0x263000
7741 (1024) read 0x263400
7742 (1024) read 0x263800
7743 (1024) read 0x263C00
7744 (1024) read 0x204000
7745 (1024) read 0x204400
7746 (1024) read 0x204800
7747 (1024) read 0x204C00
7748 (1024) read 0x224000
7749 (1024) read 0x224400
7750 (1024) read 0x224800
7751 (1024) read 0x224C00
7752 (1024) read 0x244000
7753 (1024) read 0x244400
7754 (1024) read 0x244800
7755 (1024) read 0x244C00
7756 (1024) read 0x264000
7757 (1024) read 0x264400
7758 (1024) read 0x264800
7759 (1024) read 0x264C00
7760 (1024) read 0x205000
7761 (1024) read 0x205400
7762 (1024) read 0x205800
7763 (1024) read 0x205C00
7764 (1024) read 0x225000
7765 (1024) read 0x225400
7766 (1024) read 0x225800
7767 (1024) read 0x225C00
7768 (1024) read 0x245000
7769 (1024) read 0x245400
7770 (1024) read 0x245800
7771 (1024) read 0x245C00
7772 (1024) read 0x265000
7773 (1024) read 0x265400
7774 (1024) read 0x265800
7775 (1024) read 0x265C00
7776 (1024) read 0x206000
7777 (1024) read 0x206400
7778 (1024) read 0x206800
7779 (1024) read 0x206C00
7780 (1024) read 0x226000
7781 (1024) read 0x226400
7782 (1024) read 0x226800
7783 (1024) read 0x226C00
7784 (1024) read 0x246000
7785 (1024) read 0x246400
7786 (1024) read 0x246800
7787 (1024) read 0x246C00
7788 (1024) read 0x266000
7789 (1024) read 0x266400
7790 (1024) read 0x266800
7791 (1024) read 0x266C00
7792 (1024) read 0x207000
7793 (1024) read 0x207400
7794 (1024) read 0x207800
7795 (1024) read 0x207C00
7796 (1024) read 0x227000
7797 (1024) read 0x227400
7798 (1024) read 0x227800
7799 (1024) read 0x227C00
7800 (1024) read 0x247000
7801 (1024) read 0x247400
7802 (1024) read 0x247800
7803 (1024) read 0x247C00
7804 (1024) read 0x267000
7805 (1024) read 0x267400
7806 (1024) read 0x267800
7807 (1024) read 0x267C00
7808 (1024) read 0x208000
7809 (1024) read 0x208400
7810 (1024) read 0x208800
7811 (1024) read 0x208C00
7812 (1024) read 0x228000
7813 (1024) read 0x228400
7814 (1024) read 0x228800
7815 (1024) read 0x228C00
7816 (1024) read 0x248000
7817 (1024) read 0x248400
7818 (1024) read 0x248800
7819 (1024) read 0x248C00
7820 (1024) read 0x268000
7821 (1024) read 0x268400
7822 (1024) read 0x268800
7823 (1024) read 0x268C00
7824 (1024) read 0x209000
7825 (1024) read 0x209400
7826 (1024) read 0x209800
7827 (1024) read 0x209C00
7828 (1024) read 0x229000
7829 (1024) read 0x229400
7830 (1024) read 0x229800
7831 (1024) read 0x229C00
7832 (1024) read 0x249000
7833 (1024) read 0x249400
7834 (1024) read 0x249800
7835 (1024) read 0x249C00
7836 (1024) read 0x269000
7837 (1024) read 0x269400
7838 (1024) read 0x269800
7839 (1024) read 0x269C00
7840 (1024) read 0x20A000
7841 (1024) read 0x20A400
7842 (1024) read 0x20A800
7843 (1024) read 0x20AC00
7844 (1024) read 0x22A000
7845 (1024) read 0x22A400
7846 (1024) read 0x22A800
7847 (1024) read 0x22AC00
7848 (1024) read 0x24A000
7849 (1024) read 0x24A400
7850 (1024) read 0x24A800
7851 (1024) read 0x24AC00
7852 (1024) read 0x26A000
7853 (1024) read 0x26A400
7854 (1024) read 0x26A800
7855 (1024) read 0x26AC00
7856 (1024) read 0x20B000
7857 (1024) read 0x20B400
7858 (1024) read 0x20B800
7859 (1024) read 0x20BC00
7860 (1024) read 0x22B000
7861 (1024) read 0x22B400
7862 (1024) read 0x22B800
7863 (1024) read 0x22BC00
7864 (1024) read 0x24B000
7865 (1024) read 0x24B400
7866 (1024) read 0x24B800
7867 (1024) read 0x24BC00
7868 (1024) read 0x26B000
7869 (1024) read 0x26B400
7870 (1024) read 0x26B800
7871 (1024) read 0x26BC00
7872 (1024) read 0x20C000
7873 (1024) read 0x20C400
7874 (1024) read 0x20C800
7875 (1024) read 0x20CC00
7876 (1024) read 0x22C000
7877 (1024) read 0x22C400
7878 (1024) read 0x22C800
7879 (1024) read 0x22CC00
7880 (1024) read 0x24C000
7881 (1024) read 0x24C400
7882 (1024) read 0x24C800
7883 (1024) read 0x24CC00
7884 (1024) read 0x26C000
7885 (1024) read 0x26C400
7886 (1024) read 0x26C800
7887 (1024) read 0x26CC00
7888 (1024) read 0x20D000
7889 (1024) read 0x20D400
7890 (1024) read 0x20D800
7891 (1024) read 0x20DC00
7892 (1024) read 0x22D000
7893 (1024) read 0x22D400
7894 (1024) read 0x22D800
7895 (1024) read 0x22DC00
7896 (1024) read 0x24D000
7897 (1024) read 0x24D400
7898 (1024) read 0x24D800
7899 (1024) read 0x24DC00
7900 (1024) read 0x26D000
7901 (1024) read 0x26D400
7902 (1024) read 0x26D800
7903 (1024) read 0x26DC00
7904 (1024) read 0x20E000
7905 (1024) read 0x20E400
7906 (1024) read 0x20E800
7907 (1024) read 0x20EC00
7908 (1024) read 0x22E000
7909 (1024) read 0x22E400
7910 (1024) read 0x22E800
7911 (1024) read 0x22EC00
7912 (1024) read 0x24E000
7913 (1024) read 0x24E400
7914 (1024) read 0x24E800
7915 (1024) read 0x24EC00
7916 (1024) read 0x26E000
7917 (1024) read 0x26E400
7918 (1024) read 0x26E800
7919 (1024) read 0x26EC00
7920 (1024) read 0x20F000
7921 (1024) read 0x20F400
7922 (1024) read 0x20F800
7923 (1024) read 0x20FC00
7924 (1024) read 0x22F000
7925 (1024) read 0x22F400
7926 (1024) read 0x22F800
7927 (1024) read 0x22FC00
7928 (1024) read 0x24F000
7929 (1024) read 0x24F400
7930 (1024) read 0x24F800
7931 (1024) read 0x24FC00
7932 (1024) read 0x26F000
7933 (1024) read 0x26F400
7934 (1024) read 0x26F800
7935 (1024) read 0x26FC00
7936 (1024) read 0x210000
7937 (1024) read 0x210400
7938 (1024) read 0x210800
7939 (1024) read 0x210C00
7940 (1024) read 0x230000
7941 (1024) read 0x230400
7942 (1024) read 0x230800
7943 (1024) read 0x230C00
7944 (1024) read 0x250000
7945 (1024) read 0x250400
7946 (1024) read 0x250800
7947 (1024) read 0x250C00
7948 (1024) read 0x270000
7949 (1024) read 0x270400
7950 (1024) read 0x270800
7951 (1024) read 0x270C00
7952 (1024) read 0x211000
7953 (1024) read 0x211400
7954 (1024) read 0x211800
7955 (1024) read 0x211C00
7956 (1024) read 0x231000
7957 (1024) read 0x231400
7958 (1024) read 0x231800
7959 (1024) read 0x231C00
7960 (1024) read 0x251000
7961 (1024) read 0x251400
7962 (1024) read 0x251800
7963 (1024) read 0x251C00
7964 (1024) read 0x271000
7965 (1024) read 0x271400
7966 (1024) read 0x271800
7967 (1024) read 0x271C00
7968 (1024) read 0x212000
7969 (1024) read 0x212400
7970 (1024) read 0x212800
7971 (1024) read 0x212C00
7972 (1024) read 0x232000
7973 (1024) read 0x232400
7974 (1024) read 0x232800
7975 (1024) read 0x232C00
7976 (1024) read 0x252000
7977 (1024) read 0x252400
7978 (1024) read 0x252800
7979 (1024) read 0x252C00
7980 (1024) read 0x272000
7981 (1024) read 0x272400
7982 (1024) read 0x272800
7983 (1024) read 0x272C00
7984 (1024) read 0x213000
7985 (1024) read 0x213400
7986 (1024) read 0x213800
7987 (1024) read 0x213C00
7988 (1024) read 0x233000
7989 (1024) read 0x233400
7990 (1024) read 0x233800
7991 (1024) read 0x233C00
7992 (1024) read 0x253000
7993 (1024) read 0x253400
7994 (1024) read 0x253800
7995 (1024) read 0x253C00
7996 (1024) read 0x273000
7997 (1024) read 0x273400
7998 (1024) read 0x273800
7999 (1024) read 0x273C00
8000 (1024) read 0x214000
8001 (1024) read 0x214400
8002 (1024) read 0x214800
8003 (1024) read 0x214C00
8004 (1024) read 0x234000
8005 (1024) read 0x234400
8006 (1024) read 0x234800
8007 (1024) read 0x234C00
8008 (1024) read 0x254000
8009 (1024) read 0x254400
8010 (1024) read 0x254800
8011 (1024) read 0x254C00
8012 (1024) read 0x274000
8013 (1024) read 0x274400
8014 (1024) read 0x274800
8015 (1024) read 0x274C00
8016 (1024) read 0x215000
8017 (1024) read 0x215400
8018 (1024) read 0x215800
8019 (1024) read 0x215C00
8020 (1024) read 0x235000
8021 (1024) read 0x235400
8022 (1024) read 0x235800
8023 (1024) read 0x235C00
8024 (1024) read 0x255000
8025 (1024) read 0x255400
8026 (1024) read 0x255800
8027 (1024) read 0x255C00
8028 (1024) read 0x275000
8029 (1024) read 0x275400
8030 (1024) read 0x275800
8031 (1024) read 0x275C00
8032 (1024) read 0x216000
8033 (1024) read 0x216400
8034 (1024) read 0x216800
8035 (1024) read 0x216C00
8036 (1024) read 0x236000
8037 (1024) read 0x236400
8038 (1024) read 0x236800
8039 (1024) read 0x236C00
8040 (1024) read 0x256000
8041 (1024) read 0x256400
8042 (1024) read 0x256800
8043 (1024) read 0x256C00
8044 (1024) read 0x276000
8045 (1024) read 0x276400
8046 (1024) read 0x276800
8047 (1024) read 0x276C00
8048 (1024) read 0x217000
8049 (1024) read 0x217400
8050 (1024) read 0x217800
8051 (1024) read 0x217C00
8052 (1024) read 0x237000
8053 (1024) read 0x237400
8054 (1024) read 0x237800
8055 (1024) read 0x237C00
8056 (1024) read 0x257000
8057 (1024) read 0x257400
8058 (1024) read 0x257800
8059 (1024) read 0x257C00
8060 (1024) read 0x277000
8061 (1024) read 0x277400
8062 (1024) read 0x277800
8063 (1024) read 0x277C00
8064 (1024) read 0x218000
8065 (1024) read 0x218400
8066 (1024) read 0x218800
8067 (1024) read 0x218C00
8068 (1024) read 0x238000
8069 (1024) read 0x238400
8070 (1024) read 0x238800
8071 (1024) read 0x238C00
8072 (1024) read 0x258000
8073 (1024) read 0x258400
8074 (1024) read 0x258800
8075 (1024) read 0x258C00
8076 (1024) read 0x278000
8077 (1024) read 0x278400
8078 (1024) read 0x278800
8079 (1024) read 0x278C00
8080 (1024) read 0x219000
8081 (1024) read 0x219400
8082 (1024) read 0x219800
8083 (1024) read 0x219C00
8084 (1024) read 0x239000
8085 (1024) read 0x239400
8086 (1024) read 0x239800
8087 (1024) read 0x239C00
8088 (1024) read 0x259000
8089 (1024) read 0x259400
8090 (1024) read 0x259800
8091 (1024) read 0x259C00
8092 (1024) read 0x279000
8093 (1024) read 0x279400
8094 (1024) read 0x279800
8095 (1024) read 0x279C00
8096 (1024) read 0x21A000
8097 (1024) read 0x21A400
8098 (1024) read 0x21A800
8099 (1024) read 0x21AC00
8100 (1024) read 0x23A000
8101 (1024) read 0x23A400
8102 (1024) read 0x23A800
8103 (1024) read 0x23AC00
8104 (1024) read 0x25A000
8105 (1024) read 0x25A400
8106 (1024) read 0x25A800
8107 (1024) read 0x25AC00
8108 (1024) read 0x27A000
8109 (1024) read 0x27A400
8110 (1024) read 0x27A800
8111 (1024) read 0x27AC00
8112 (1024) read 0x21B000
8113 (1024) read 0x21B400
8114 (1024) read 0x21B800
8115 (1024) read 0x21BC00
8116 (1024) read 0x23B000
8117 (1024) read 0x23B400
8118 (1024) read 0x23B800
8119 (1024) read 0x23BC00
8120 (1024) read 0x25B000
8121 (1024) read 0x25B400
8122 (1024) read 0x25B800
8123 (1024) read 0x25BC00
8124 (1024) read 0x27B000
8125 (1024) read 0x27B400
8126 (1024) read 0x27B800
8127 (1024) read 0x27BC00
8128 (1024) read 0x21C000
8129 (1024) read 0x21C400
8130 (1024) read 0x21C800
8131 (1024) read 0x21CC00
8132 (1024) read 0x23C000
8133 (1024) read 0x23C400
8134 (1024) read 0x23C800
8135 (1024) read 0x23CC00
8136 (1024) read 0x25C000
8137 (1024) read 0x25C400
8138 (1024) read 0x25C800
8139 (1024) read 0x25CC00
8140 (1024) read 0x27C000
8141 (1024) read 0x27C400
8142 (1024) read 0x27C800
8143 (1024) read 0x27CC00
8144 (1024) read 0x21D000
8145 (1024) read 0x21D400
8146 (1024) read 0x21D800
8147 (1024) read 0x21DC00
8148 (1024) read 0x23D000
8149 (1024) read 0x23D400
8150 (1024) read 0x23D800
8151 (1024) read 0x23DC00
8152 (1024) read 0x25D000
8153 (1024) read 0x25D400
8154 (1024) read 0x25D800
8155 (1024) read 0x25DC00
8156 (1024) read 0x27D000
8157 (1024) read 0x27D400
8158 (1024) read 0x27D800
8159 (1024) read 0x27DC00
8160 (1024) read 0x21E000
8161 (1024) read 0x21E400
8162 (1024) read 0x21E800
8163 (1024) read 0x21EC00
8164 (1024) read 0x23E000
8165 (1024) read 0x23E400
8166 (1024) read 0x23E800
8167 (1024) read 0x23EC00
8168 (1024) read 0x25E000
8169 (1024) read 0x25E400
8170 (1024) read 0x25E800
8171 (1024) read 0x25EC00
8172 (1024) read 0x27E000
8173 (1024) read 0x27E400
8174 (1024) read 0x27E800
8175 (1024) read 0x27EC00
8176 (1024) read 0x21F000
8177 (1024) read 0x21F400
8178 (1024) read 0x21F800
8179 (1024) read 0x21FC00
8180 (1024) read 0x23F000
8181 (1024) read 0x23F400
8182 (1024) read 0x23F800
8183 (1024) read 0x23FC00
8184 (1024) read 0x25F000
8185 (1024) read 0x25F400
8186 (1024) read 0x25F800
8187 (1024) read 0x25FC00
8188 (1024) read 0x27F000
8189 (1024) read 0x27F400
8190 (1024) read 0x27F800
8191 (1024) read 0x27FC00
8192 (1024) read 0x220000
8193 (1024) read 0x220400
8194 (1024) read 0x220800
8195 (1024) read 0x220C00
8196 (1024) read 0x240000
8197 (1024) read 0x240400
8198 (1024) read 0x240800
8199 (1024) read 0x240C00
8200 (1024) read 0x260000
8201 (1024) read 0x260400
8202 (1024) read 0x260800
8203 (1024) read 0x260C00
8204 (1024) read 0x280000
8205 (1024) read 0x280400
8206 (1024) read 0x280800
8207 (1024) read 0x280C00
8208 (1024) read 0x221000
8209 (1024) read 0x221400
8210 (1024) read 0x221800
8211 (1024) read 0x221C00
8212 (1024) read 0x241000
8213 (1024) read 0x241400
8214 (1024) read 0x241800
8215 (1024) read 0x241C00
8216 (1024) read 0x261000
8217 (1024) read 0x261400
8218 (1024) read 0x261800
8219 (1024) read 0x261C00
8220 (1024) read 0x281000
8221 (1024) read 0x281400
8222 (1024) read 0x281800
8223 (1024) read 0x281C00
8224 (1024) read 0x222000
8225 (1024) read 0x222400
8226 (1024) read 0x222800
8227 (1024) read 0x222C00
8228 (1024) read 0x242000
8229 (1024) read 0x242400
8230 (1024) read 0x242800
8231 (1024) read 0x242C00
8232 (1024) read 0x262000
8233 (1024) read 0x262400
8234 (1024) read 0x262800
8235 (1024) read 0x262C00
8236 (1024) read 0x282000
8237 (1024) read 0x282400
8238 (1024) read 0x282800
8239 (1024) read 0x282C00
8240 (1024) read 0x223000
8241 (1024) read 0x223400
8242 (1024) read 0x223800
8243 (1024) read 0x223C00
8244 (1024) read 0x243000
8245 (1024) read 0x243400
8246 (1024) read 0x243800
8247 (1024) read 0x243C00
8248 (1024) read 0x263000
8249 (1024) read 0x263400
8250 (1024) read 0x263800
8251 (1024) read 0x263C00
8252 (1024) read 0x283000
8253 (1024) read 0x283400
8254 (1024) read 0x283800
8255 (1024) read 0x283C00
8256 (1024) read 0x224000
8257 (1024) read 0x224400
8258 (1024) read 0x224800
8259 (1024) read 0x224C00
8260 (1024) read 0x244000
8261 (1024) read 0x244400
8262 (1024) read 0x244800
8263 (1024) read 0x244C00
8264 (1024) read 0x264000
8265 (1024) read 0x264400
8266 (1024) read 0x264800
8267 (1024) read 0x264C00
8268 (1024) read 0x284000
8269 (1024) read 0x284400
8270 (1024) read 0x284800
8271 (1024) read 0x284C00
8272 (1024) read 0x225000
8273 (1024) read 0x225400
8274 (1024) read 0x225800
8275 (1024) read 0x225C00
8276 (1024) read 0x245000
8277 (1024) read 0x245400
8278 (1024) read 0x245800
8279 (1024) read 0x245C00
8280 (1024) read 0x265000
8281 (1024) read 0x265400
8282 (1024) read 0x265800
8283 (1024) read 0x265C00
8284 (1024) read 0x285000
8285 (1024) read 0x285400
8286 (1024) read 0x285800
8287 (1024) read 0x285C00
8288 (1024) read 0x226000
8289 (1024) read 0x226400
8290 (1024) read 0x226800
8291 (1024) read 0x226C00
8292 (1024) read 0x246000
8293 (1024) read 0x246400
8294 (1024) read 0x246800
8295 (1024) read 0x246C00
8296 (1024) read 0x266000
8297 (1024) read 0x266400
8298 (1024) read 0x266800
8299 (1024) read 0x266C00
8300 (1024) read 0x286000
8301 (1024) read 0x286400
8302 (1024) read 0x286800
8303 (1024) read 0x286C00
8304 (1024) read 0x227000
8305 (1024) read 0x227400
8306 (1024) read 0x227800
8307 (1024) read 0x227C00
8308 (1024) read 0x247000
8309 (1024) read 0x247400
8310 (1024) read 0x247800
8311 (1024) read 0x247C00
8312 (1024) read 0x267000
8313 (1024) read 0x267400
8314 (1024) read 0x267800
8315 (1024) read 0x267C00
8316 (1024) read 0x287000
8317 (1024) read 0x287400
8318 (1024) read 0x287800
8319 (1024) read 0x287C00
8320 (1024) read 0x228000
8321 (1024) read 0x228400
8322 (1024) read 0x228800
8323 (1024) read 0x228C00
8324 (1024) read 0x248000
8325 (1024) read 0x248400
8326 (1024) read 0x248800
8327 (1024) read 0x248C00
8328 (1024) read 0x268000
8329 (1024) read 0x268400
8330 (1024) read 0x268800
8331 (1024) read 0x268C00
8332 (1024) read 0x288000
8333 (1024) read 0x288400
8334 (1024) read 0x288800
8335 (1024) read 0x288C00
8336 (1024) read 0x229000
8337 (1024) read 0x229400
8338 (1024) read 0x229800
8339 (1024) read 0x229C00
8340 (1024) read 0x249000
8341 (1024) read 0x249400
8342 (1024) read 0x249800
8343 (1024) read 0x249C00
8344 (1024) read 0x269000
8345 (1024) read 0x269400
8346 (1024) read 0x269800
8347 (1024) read 0x269C00
8348 (1024) read 0x289000
8349 (1024) read 0x289400
8350 (1024) read 0x289800
8351 (1024) read 0x289C00
8352 (1024) read 0x22A000
8353 (1024) read 0x22A400
8354 (1024) read 0x22A800
8355 (1024) read 0x22AC00
8356 (1024) read 0x24A000
8357 (1024) read 0x24A400
8358 (1024) read 0x24A800
8359 (1024) read 0x24AC00
8360 (1024) read 0x26A000
8361 (1024) read 0x26A400
8362 (1024) read 0x26A800
8363 (1024) read 0x26AC00
8364 (1024) read 0x28A000
8365 (1024) read 0x28A400
8366 (1024) read 0x28A800
8367 (1024) read 0x28AC00
8368 (1024) read 0x22B000
8369 (1024) read 0x22B400
8370 (1024) read 0x22B800
8371 (1024) read 0x22BC00
8372 (1024) read 0x24B000
8373 (1024) read 0x24B400
8374 (1024) read 0x24B800
8375 (1024) read 0x24BC00
8376 (1024) read 0x26B000
8377 (1024) read 0x26B400
8378 (1024) read 0x26B800
8379 (1024) read 0x26BC00
8380 (1024) read 0x28B000
8381 (1024) read 0x28B400
8382 (1024) read 0x28B800
8383 (1024) read 0x28BC00
8384 (1024) read 0x22C000
8385 (1024) read 0x22C400
8386 (1024) read 0x22C800
8387 (1024) read 0x22CC00
8388 (1024) read 0x24C000
8389 (1024) read 0x24C400
8390 (1024) read 0x24C800
8391 (1024) read 0x24CC00
8392 (1024) read 0x26C000
8393 (1024) read 0x26C400
8394 (1024) read 0x26C800
8395 (1024) read 0x26CC00
8396 (1024) read 0x28C000
8397 (1024) read 0x28C400
8398 (1024) read 0x28C800
8399 (1024) read 0x28CC00
8400 (1024) read 0x22D000
8401 (1024) read 0x22D400
8402 (1024) read 0x22D800
8403 (1024) read 0x22DC00
8404 (1024) read 0x24D000
8405 (1024) read 0x24D400
8406 (1024) read 0x24D800
8407 (1024) read 0x24DC00
8408 (1024) read 0x26D000
8409 (1024) read 0x26D400
8410 (1024) read 0x26D800
8411 (1024) read 0x26DC00
8412 (1024) read 0x28D000
8413 (1024) read 0x28D400
8414 (1024) read 0x28D800
8415 (1024) read 0x28DC00
8416 (1024) read 0x22E000
8417 (1024) read 0x22E400
8418 (1024) read 0x22E800
8419 (1024) read 0x22EC00
8420 (1024) read 0x24E000
8421 (1024) read 0x24E400
8422 (1024) read 0x24E800
8423 (1024) read 0x24EC00
8424 (1024) read 0x26E000
8425 (1024) read 0x26E400
8426 (1024) read 0x26E800
8427 (1024) read 0x26EC00
8428 (1024) read 0x28E000
8429 (1024) read 0x28E400
8430 (1024) read 0x28E800
8431 (1024) read 0x28EC00
8432 (1024) read 0x22F000
8433 (1024) read 0x22F400
8434 (1024) read 0x22F800
8435 (1024) read 0x22FC00
8436 (1024) read 0x24F000
8437 (1024) read 0x24F400
8438 (1024) read 0x24F800
8439 (1024) read 0x24FC00
8440 (1024) read 0x26F000
8441 (1024) read 0x26F400
8442 (1024) read 0x26F800
8443 (1024) read 0x26FC00
8444 (1024) read 0x28F000
8445 (1024) read 0x28F400
8446 (1024) read 0x28F800
8447 (1024) read 0x28FC00
8448 (1024) read 0x230000
8449 (1024) read 0x230400
8450 (1024) read 0x230800
8451 (1024) read 0x230C00
8452 (1024) read 0x250000
8453 (1024) read 0x250400
8454 (1024) read 0x250800
8455 (1024) read 0x250C00
8456 (1024) read 0x270000
8457 (1024) read 0x270400
8458 (1024) read 0x270800
8459 (1024) read 0x270C00
8460 (1024) read 0x290000
8461 (1024) read 0x290400
8462 (1024) read 0x290800
8463 (1024) read 0x290C00
8464 (1024) read 0x231000
8465 (1024) read 0x231400
8466 (1024) read 0x231800
8467 (1024) read 0x231C00
8468 (1024) read 0x251000
8469 (1024) read 0x251400
8470 (1024) read 0x251800
8471 (1024) read 0x251C00
8472 (1024) read 0x271000
8473 (1024) read 0x271400
8474 (1024) read 0x271800
8475 (1024) read 0x271C00
8476 (1024) read 0x291000
8477 (1024) read 0x291400
8478 (1024) read 0x291800
8479 (1024) read 0x291C00
8480 (1024) read 0x232000
8481 (1024) read 0x232400
8482 (1024) read 0x232800
8483 (1024) read 0x232C00
8484 (1024) read 0x252000
8485 (1024) read 0x252400
8486 (1024) read 0x252800
8487 (1024) read 0x252C00
8488 (1024) read 0x272000
8489 (1024) read 0x272400
8490 (1024) read 0x272800
8491 (1024) read 0x272C00
8492 (1024) read 0x292000
8493 (1024) read 0x292400
8494 (1024) read 0x292800
8495 (1024) read 0x292C00
8496 (1024) read 0x233000
8497 (1024) read 0x233400
8498 (1024) read 0x233800
8499 (1024) read 0x233C00
8500 (1024) read 0x253000
8501 (1024) read 0x253400
8502 (1024) read 0x253800
8503 (1024) read 0x253C00
8504 (1024) read 0x273000
8505 (1024) read 0x273400
8506 (1024) read 0x273800
8507 (1024) read 0x273C00
8508 (1024) read 0x293000
8509 (1024) read 0x293400
8510 (1024) read 0x293800
8511 (1024) read 0x293C00
8512 (1024) read 0x234000
8513 (1024) read 0x234400
8514 (1024) read 0x234800
8515 (1024) read 0x234C00
8516 (1024) read 0x254000
8517 (1024) read 0x254400
8518 (1024) read 0x254800
8519 (1024) read 0x254C00
8520 (1024) read 0x274000
8521 (1024) read 0x274400
8522 (1024) read 0x274800
8523 (1024) read 0x274C00
8524 (1024) read 0x294000
8525 (1024) read 0x294400
8526 (1024) read 0x294800
8527 (1024) read 0x294C00
8528 (1024) read 0x235000
8529 (1024) read 0x235400
8530 (1024) read 0x235800
8531 (1024) read 0x235C00
8532 (1024) read 0x255000
8533 (1024) read 0x255400
8534 (1024) read 0x255800
8535 (1024) read 0x255C00
8536 (1024) read 0x275000
8537 (1024) read 0x275400
8538 (1024) read 0x275800
8539 (1024) read 0x275C00
8540 (1024) read 0x295000
8541 (1024) read 0x295400
8542 (1024) read 0x295800
8543 (1024) read 0x295C00
8544 (1024) read 0x236000
8545 (1024) read 0x236400
8546 (1024) read 0x236800
8547 (1024) read 0x236C00
8548 (1024) read 0x256000
8549 (1024) read 0x256400
8550 (1024) read 0x256800
8551 (1024) read 0x256C00
8552 (1024) read 0x276000
8553 (1024) read 0x276400
8554 (1024) read 0x276800
8555 (1024) read 0x276C00
8556 (1024) read 0x296000
8557 (1024) read 0x296400
8558 (1024) read 0x296800
8559 (1024) read 0x296C00
8560 (1024) read 0x237000
8561 (1024) read 0x237400
8562 (1024) read 0x237800
8563 (1024) read 0x237C00
8564 (1024) read 0x257000
8565 (1024) read 0x257400
8566 (1024) read 0x257800
8567 (1024) read 0x257C00
8568 (1024) read 0x277000
8569 (1024) read 0x277400
8570 (1024) read 0x277800
8571 (1024) read 0x277C00
8572 (1024) read 0x297000
8573 (1024) read 0x297400
8574 (1024) read 0x297800
8575 (1024) read 0x297C00
8576 (1024) read 0x238000
8577 (1024) read 0x238400
8578 (1024) read 0x238800
8579 (1024) read 0x238C00
8580 (1024) read 0x258000
8581 (1024) read 0x258400
8582 (1024) read 0x258800
8583 (1024) read 0x258C00
8584 (1024) read 0x278000
8585 (1024) read 0x278400
8586 (1024) read 0x278800
8587 (1024) read 0x278C00
8588 (1024) read 0x298000
8589 (1024) read 0x298400
8590 (1024) read 0x298800
8591 (1024) read 0x298C00
8592 (1024) read 0x239000
8593 (1024) read 0x239400
8594 (1024) read 0x239800
8595 (1024) read 0x239C00
8596 (1024) read 0x259000
8597 (1024) read 0x259400
8598 (1024) read 0x259800
8599 (1024) read 0x259C00
8600 (1024) read 0x279000
8601 (1024) read 0x279400
8602 (1024) read 0x279800
8603 (1024) read 0x279C00
8604 (1024) read 0x299000
8605 (1024) read 0x299400
8606 (1024) read 0x299800
8607 (1024) read 0x299C00
8608 (1024) read 0x23A000
8609 (1024) read 0x23A400
8610 (1024) read 0x23A800
8611 (1024) read 0x23AC00
8612 (1024) read 0x25A000
8613 (1024) read 0x25A400
8614 (1024) read 0x25A800
8615 (1024) read 0x25AC00
8616 (1024) read 0x27A000
8617 (1024) read 0x27A400
8618 (1024) read 0x27A800
8619 (1024) read 0x27AC00
8620 (1024) read 0x29A000
8621 (1024) read 0x29A400
8622 (1024) read 0x29A800
8623 (1024) read 0x29AC00
8624 (1024) read 0x23B000
8625 (1024) read 0x23B400
8626 (1024) read 0x23B800
8627 (1024) read 0x23BC00
8628 (1024) read 0x25B000
8629 (1024) read 0x25B400
8630 (1024) read 0x25B800
8631 (1024) read 0x25BC00
8632 (1024) read 0x27B000
8633 (1024) read 0x27B400
8634 (1024) read 0x27B800
8635 (1024) read 0x27BC00
8636 (1024) read 0x29B000
8637 (1024) read 0x29B400
8638 (1024) read 0x29B800
8639 (1024) read 0x29BC00
8640 (1024) read 0x23C000
8641 (1024) read 0x23C400
8642 (1024) read 0x23C800
8643 (1024) read 0x23CC00
8644 (1024) read 0x25C000
8645 (1024) read 0x25C400
8646 (1024) read 0x25C800
8647 (1024) read 0x25CC00
8648 (1024) read 0x27C000
8649 (1024) read 0x27C400
8650 (1024) read 0x27C800
8651 (1024) read 0x27CC00
8652 (1024) read 0x29C000
8653 (1024) read 0x29C400
8654 (1024) read 0x29C800
8655 (1024) read 0x29CC00
8656 (1024) read 0x23D000
8657 (1024) read 0x23D400
8658 (1024) read 0x23D800
8659 (1024) read 0x23DC00
8660 (1024) read 0x25D000
8661 (1024) read 0x25D400
8662 (1024) read 0x25D800
8663 (1024) read 0x25DC00
8664 (1024) read 0x27D000
8665 (1024) read 0x27D400
8666 (1024) read 0x27D800
8667 (1024) read 0x27DC00
8668 (1024) read 0x29D000
8669 (1024) read 0x29D400
8670 (1024) read 0x29D800
8671 (1024) read 0x29DC00
8672 (1024) read 0x23E000
8673 (1024) read 0x23E400
8674 (1024) read 0x23E800
8675 (1024) read 0x23EC00
8676 (1024) read 0x25E000
8677 (1024) read 0x25E400
8678 (1024) read 0x25E800
8679 (1024) read 0x25EC00
8680 (1024) read 0x27E000
8681 (1024) read 0x27E400
8682 (1024) read 0x27E800
8683 (1024) read 0x27EC00
8684 (1024) read 0x29E000
8685 (1024) read 0x29E400
8686 (1024) read 0x29E800
8687 (1024) read 0x29EC00
8688 (1024) read 0x23F000
8689 (1024) read 0x23F400
8690 (1024) read 0x23F800
8691 (1024) read 0x23FC00
8692 (1024) read 0x25F000
8693 (1024) read 0x25F400
8694 (1024) read 0x25F800
8695 (1024) read 0x25FC00
8696 (1024) read 0x27F000
8697 (1024) read 0x27F400
8698 (1024) read 0x27F800
8699 (1024) read 0x27FC00
8700 (1024) read 0x29F000
8701 (1024) read 0x29F400
8702 (1024) read 0x29F800
8703 (1024) read 0x29FC00
8704 (1024) read 0x240000
8705 (1024) read 0x240400
8706 (1024) read 0x240800
8707 (1024) read 0x240C00
8708 (1024) read 0x260000
8709 (1024) read 0x260400
8710 (1024) read 0x260800
8711 (1024) read 0x260C00
8712 (1024) read 0x280000
8713 (1024) read 0x280400
8714 (1024) read 0x280800
8715 (1024) read 0x280C00
8716 (1024) read 0x2A0000
8717 (1024) read 0x2A0400
8718 (1024) read 0x2A0800
8719 (1024) read 0x2A0C00
8720 (1024) read 0x241000
8721 (1024) read 0x241400
8722 (1024) read 0x241800
8723 (1024) read 0x241C00
8724 (1024) read 0x261000
8725 (1024) read 0x261400
8726 (1024) read 0x261800
8727 (1024) read 0x261C00
8728 (1024) read 0x281000
8729 (1024) read 0x281400
8730 (1024) read 0x281800
8731 (1024) read 0x281C00
8732 (1024) read 0x2A1000
8733 (1024) read 0x2A1400
8734 (1024) read 0x2A1800
8735 (1024) read 0x2A1C00
8736 (1024) read 0x242000
8737 (1024) read 0x242400
8738 (1024) read 0x242800
8739 (1024) read 0x242C00
8740 (1024) read 0x262000
8741 (1024) read 0x262400
8742 (1024) read 0x262800
8743 (1024) read 0x262C00
8744 (1024) read 0x282000
8745 (1024) read 0x282400
8746 (1024) read 0x282800
8747 (1024) read 0x282C00
8748 (1024) read 0x2A2000
8749 (1024) read 0x2A2400
8750 (1024) read 0x2A2800
8751 (1024) read 0x2A2C00
8752 (1024) read 0x243000
8753 (1024) read 0x243400
8754 (1024) read 0x243800
8755 (1024) read 0x243C00
8756 (1024) read 0x263000
8757 (1024) read 0x263400
8758 (1024) read 0x263800
8759 (1024) read 0x263C00
8760 (1024) read 0x283000
8761 (1024) read 0x283400
8762 (1024) read 0x283800
8763 (1024) read 0x283C00
8764 (1024) read 0x2A3000
8765 (1024) read 0x2A3400
8766 (1024) read 0x2A3800
8767 (1024) read 0x2A3C00
8768 (1024) read 0x244000
8769 (1024) read 0x244400
8770 (1024) read 0x244800
8771 (1024) read 0x244C00
8772 (1024) read 0x264000
8773 (1024) read 0x264400
8774 (1024) read 0x264800
8775 (1024) read 0x264C00
8776 (1024) read 0x284000
8777 (1024) read 0x284400
8778 (1024) read 0x284800
8779 (1024) read 0x284C00
8780 (1024) read 0x2A4000
8781 (1024) read 0x2A4400
8782 (1024) read 0x2A4800
8783 (1024) read 0x2A4C00
8784 (1024) read 0x245000
8785 (1024) read 0x245400
8786 (1024) read 0x245800
8787 (1024) read 0x245C00
8788 (1024) read 0x265000
8789 (1024) read 0x265400
8790 (1024) read 0x265800
8791 (1024) read 0x265C00
8792 (1024) read 0x285000
8793 (1024) read 0x285400
8794 (1024) read 0x285800
8795 (1024) read 0x285C00
8796 (1024) read 0x2A5000
8797 (1024) read 0x2A5400
8798 (1024) read 0x2A5800
8799 (1024) read 0x2A5C00
8800 (1024) read 0x246000
8801 (1024) read 0x246400
8802 (1024) read 0x246800
8803 (1024) read 0x246C00
8804 (1024) read 0x266000
8805 (1024) read 0x266400
8806 (1024) read 0x266800
8807 (1024) read 0x266C00
8808 (1024) read 0x286000
8809 (1024) read 0x286400
8810 (1024) read 0x286800
8811 (1024) read 0x286C00
8812 (1024) read 0x2A6000
8813 (1024) read 0x2A6400
8814 (1024) read 0x2A6800
8815 (1024) read 0x2A6C00
8816 (1024) read 0x247000
8817 (1024) read 0x247400
8818 (1024) read 0x247800
8819 (1024) read 0x247C00
8820 (1024) read 0x267000
8821 (1024) read 0x267400
8822 (1024) read 0x267800
8823 (1024) read 0x267C00
8824 (1024) read 0x287000
8825 (1024) read 0x287400
8826 (1024) read 0x287800
8827 (1024) read 0x287C00
8828 (1024) read 0x2A7000
8829 (1024) read 0x2A7400
8830 (1024) read 0x2A7800
8831 (1024) read 0x2A7C00
8832 (1024) read 0x248000
8833 (1024) read 0x248400
8834 (1024) read 0x248800
8835 (1024) read 0x248C00
8836 (1024) read 0x268000
8837 (1024) read 0x268400
8838 (1024) read 0x268800
8839 (1024) read 0x268C00
8840 (1024) read 0x288000
8841 (1024) read 0x288400
8842 (1024) read 0x288800
8843 (1024) read 0x288C00
8844 (1024) read 0x2A8000
8845 (1024) read 0x2A8400
8846 (1024) read 0x2A8800
8847 (1024) read 0x2A8C00
8848 (1024) read 0x249000
8849 (1024) read 0x249400
8850 (1024) read 0x249800
8851 (1024) read 0x249C00
8852 (1024) read 0x269000
8853 (1024) read 0x269400
8854 (1024) read 0x269800
8855 (1024) read 0x269C00
8856 (1024) read 0x289000
8857 (1024) read 0x289400
8858 (1024) read 0x289800
8859 (1024) read 0x289C00
8860 (1024) read 0x2A9000
8861 (1024) read 0x2A9400
8862 (1024) read 0x2A9800
8863 (1024) read 0x2A9C00
8864 (1024) read 0x24A000
8865 (1024) read 0x24A400
8866 (1024) read 0x24A800
8867 (1024) read 0x24AC00
8868 (1024) read 0x26A000
8869 (1024) read 0x26A400
8870 (1024) read 0x26A800
8871 (1024) read 0x26AC00
8872 (1024) read 0x28A000
8873 (1024) read 0x28A400
8874 (1024) read 0x28A800
8875 (1024) read 0x28AC00
8876 (1024) read 0x2AA000
8877 (1024) read 0x2AA400
8878 (1024) read 0x2AA800
8879 (1024) read 0x2AAC00
8880 (1024) read 0x24B000
8881 (1024) read 0x24B400
8882 (1024) read 0x24B800
8883 (1024) read 0x24BC00
8884 (1024) read 0x26B000
8885 (1024) read 0x26B400
8886 (1024) read 0x26B800
8887 (1024) read 0x26BC00
8888 (1024) read 0x28B000
8889 (1024) read 0x28B400
8890 (1024) read 0x28B800
8891 (1024) read 0x28BC00
8892 (1024) read 0x2AB000
8893 (1024) read 0x2AB400
8894 (1024) read 0x2AB800
8895 (1024) read 0x2ABC00
8896 (1024) read 0x24C000
8897 (1024) read 0x24C400
8898 (1024) read 0x24C800
8899 (1024) read 0x24CC00
8900 (1024) read 0x26C000
8901 (1024) read 0x26C400
8902 (1024) read 0x26C800
8903 (1024) read 0x26CC00
8904 (1024) read 0x28C000
8905 (1024) read 0x28C400
8906 (1024) read 0x28C800
8907 (1024) read 0x28CC00
8908 (1024) read 0x2AC000
8909 (1024) read 0x2AC400
8910 (1024) read 0x2AC800
8911 (1024) read 0x2ACC00
8912 (1024) read 0x24D000
8913 (1024) read 0x24D400
8914 (1024) read 0x24D800
8915 (1024) read 0x24DC00
8916 (1024) read 0x26D000
8917 (1024) read 0x26D400
8918 (1024) read 0x26D800
8919 (1024) read 0x26DC00
8920 (1024) read 0x28D000
8921 (1024) read 0x28D400
8922 (1024) read 0x28D800
8923 (1024) read 0x28DC00
8924 (1024) read 0x2AD000
8925 (1024) read 0x2AD400
8926 (1024) read 0x2AD800
8927 (1024) read 0x2ADC00
8928 (1024) read 0x24E000
8929 (1024) read 0x24E400
8930 (1024) read 0x24E800
8931 (1024) read 0x24EC00
8932 (1024) read 0x26E000
8933 (1024) read 0x26E400
8934 (1024) read 0x26E800
8935 (1024) read 0x26EC00
8936 (1024) read 0x28E000
8937 (1024) read 0x28E400
8938 (1024) read 0x28E800
8939 (1024) read 0x28EC00
8940 (1024) read 0x2AE000
8941 (1024) read 0x2AE400
8942 (1024) read 0x2AE800
8943 (1024) read 0x2AEC00
8944 (1024) read 0x24F000
8945 (1024) read 0x24F400
8946 (1024) read 0x24F800
8947 (1024) read 0x24FC00
8948 (1024) read 0x26F000
8949 (1024) read 0x26F400
8950 (1024) read 0x26F800
8951 (1024) read 0x26FC00
8952 (1024) read 0x28F000
8953 (1024) read 0x28F400
8954 (1024) read 0x28F800
8955 (1024) read 0x28FC00
8956 (1024) read 0x2AF000
8957 (1024) read 0x2AF400
8958 (1024) read 0x2AF800
8959 (1024) read 0x2AFC00
8960 (1024) read 0x250000
8961 (1024) read 0x250400
8962 (1024) read 0x250800
8963 (1024) read 0x250C00
8964 (1024) read 0x270000
8965 (1024) read 0x270400
8966 (1024) read 0x270800
8967 (1024) read 0x270C00
8968 (1024) read 0x290000
8969 (1024) read 0x290400
8970 (1024) read 0x290800
8971 (1024) read 0x290C00
8972 (1024) read 0x2B0000
8973 (1024) read 0x2B0400
8974 (1024) read 0x2B0800
8975 (1024) read 0x2B0C00
8976 (1024) read 0x251000
8977 (1024) read 0x251400
8978 (1024) read 0x251800
8979 (1024) read 0x251C00
8980 (1024) read 0x271000
8981 (1024) read 0x271400
8982 (1024) read 0x271800
8983 (1024) read 0x271C00
8984 (1024) read 0x291000
8985 (1024) read 0x291400
8986 (1024) read 0x291800
8987 (1024) read 0x291C00
8988 (1024) read 0x2B1000
8989 (1024) read 0x2B1400
8990 (1024) read 0x2B1800
8991 (1024) read 0x2B1C00
8992 (1024) read 0x252000
8993 (1024) read 0x252400
8994 (1024) read 0x252800
8995 (1024) read 0x252C00
8996 (1024) read 0x272000
8997 (1024) read 0x272400
8998 (1024) read 0x272800
8999 (1024) read 0x272C00
9000 (1024) read 0x292000
9001 (1024) read 0x292400
9002 (1024) read 0x292800
9003 (1024) read 0x292C00
9004 (1024) read 0x2B2000
9005 (1024) read 0x2B2400
9006 (1024) read 0x2B2800
9007 (1024) read 0x2B2C00
9008 (1024) read 0x253000
9009 (1024) read 0x253400
9010 (1024) read 0x253800
9011 (1024) read 0x253C00
9012 (1024) read 0x273000
9013 (1024) read 0x273400
9014 (1024) read 0x273800
9015 (1024) read 0x273C00
9016 (1024) read 0x293000
9017 (1024) read 0x293400
9018 (1024) read 0x293800
9019 (1024) read 0x293C00
9020 (1024) read 0x2B3000
9021 (1024) read 0x2B3400
9022 (1024) read 0x2B3800
9023 (1024) read 0x2B3C00
9024 (1024) read 0x254000
9025 (1024) read 0x254400
9026 (1024) read 0x254800
9027 (1024) read 0x254C00
9028 (1024) read 0x274000
9029 (1024) read 0x274400
9030 (1024) read 0x274800
9031 (1024) read 0x274C00
9032 (1024) read 0x294000
9033 (1024) read 0x294400
9034 (1024) read 0x294800
9035 (1024) read 0x294C00
9036 (1024) read 0x2B4000
9037 (1024) read 0x2B4400
9038 (1024) read 0x2B4800
9039 (1024) read 0x2B4C00
9040 (1024) read 0x255000
9041 (1024) read 0x255400
9042 (1024) read 0x255800
9043 (1024) read 0x255C00
9044 (1024) read 0x275000
9045 (1024) read 0x275400
9046 (1024) read 0x275800
9047 (1024) read 0x275C00
9048 (1024) read 0x295000
9049 (1024) read 0x295400
9050 (1024) read 0x295800
9051 (1024) read 0x295C00
9052 (1024) read 0x2B5000
9053 (1024) read 0x2B5400
9054 (1024) read 0x2B5800
9055 (1024) read 0x2B5C00
9056 (1024) read 0x256000
9057 (1024) read 0x256400
9058 (1024) read 0x256800
9059 (1024) read 0x256C00
9060 (1024) read 0x276000
9061 (1024) read 0x276400
9062 (1024) read 0x276800
9063 (1024) read 0x276C00
9064 (1024) read 0x296000
9065 (1024) read 0x296400
9066 (1024) read 0x296800
9067 (1024) read 0x296C00
9068 (1024) read 0x2B6000
9069 (1024) read 0x2B6400
9070 (1024) read 0x2B6800
9071 (1024) read 0x2B6C00
9072 (1024) read 0x257000
9073 (1024) read 0x257400
9074 (1024) read 0x257800
9075 (1024) read 0x257C00
9076 (1024) read 0x277000
9077 (1024) read 0x277400
9078 (1024) read 0x277800
9079 (1024) read 0x277C00
9080 (1024) read 0x297000
9081 (1024) read 0x297400
9082 (1024) read 0x297800
9083 (1024) read 0x297C00
9084 (1024) read 0x2B7000
9085 (1024) read 0x2B7400
9086 (1024) read 0x2B7800
9087 (1024) read 0x2B7C00
9088 (1024) read 0x258000
9089 (1024) read 0x258400
9090 (1024) read 0x258800
9091 (1024) read 0x258C00
9092 (1024) read 0x278000
9093 (1024) read 0x278400
9094 (1024) read 0x278800
9095 (1024) read 0x278C00
9096 (1024) read 0x298000
9097 (1024) read 0x298400
9098 (1024) read 0x298800
9099 (1024) read 0x298C00
9100 (1024) read 0x2B8000
9101 (1024) read 0x2B8400
9102 (1024) read 0x2B8800
9103 (1024) read 0x2B8C00
9104 (1024) read 0x259000
9105 (1024) read 0x259400
9106 (1024) read 0x259800
9107 (1024) read 0x259C00
9108 (1024) read 0x279000
9109 (1024) read 0x279400
9110 (1024) read 0x279800
9111 (1024) read 0x279C00
9112 (1024) read 0x299000
9113 (1024) read 0x299400
9114 (1024) read 0x299800
9115 (1024) read 0x299C00
9116 (1024) read 0x2B9000
9117 (1024) read 0x2B9400
9118 (1024) read 0x2B9800
9119 (1024) read 0x2B9C00
9120 (1024) read 0x25A000
9121 (1024) read 0x25A400
9122 (1024) read 0x25A800
9123 (1024) read 0x25AC00
9124 (1024) read 0x27A000
9125 (1024) read 0x27A400
9126 (1024) read 0x27A800
9127 (1024) read 0x27AC00
9128 (1024) read 0x29A000
9129 (1024) read 0x29A400
9130 (1024) read 0x29A800
9131 (1024) read 0x29AC00
9132 (1024) read 0x2BA000
9133 (1024) read 0x2BA400
9134 (1024) read 0x2BA800
9135 (1024) read 0x2BAC00
9136 (1024) read 0x25B000
9137 (1024) read 0x25B400
9138 (1024) read 0x25B800
9139 (1024) read 0x25BC00
9140 (1024) read 0x27B000
9141 (1024) read 0x27B400
9142 (1024) read 0x27B800
9143 (1024) read 0x27BC00
9144 (1024) read 0x29B000
9145 (1024) read 0x29B400
9146 (1024) read 0x29B800
9147 (1024) read 0x29BC00
9148 (1024) read 0x2BB000
9149 (1024) read 0x2BB400
9150 (1024) read 0x2BB800
9151 (1024) read 0x2BBC00
9152 (1024) read 0x25C000
9153 (1024) read 0x25C400
9154 (1024) read 0x25C800
9155 (1024) read 0x25CC00
9156 (1024) read 0x27C000
9157 (1024) read 0x27C400
9158 (1024) read 0x27C800
9159 (1024) read 0x27CC00
9160 (1024) read 0x29C000
9161 (1024) read 0x29C400
9162 (1024) read 0x29C800
9163 (1024) read 0x29CC00
9164 (1024) read 0x2BC000
9165 (1024) read 0x2BC400
9166 (1024) read 0x2BC800
9167 (1024) read 0x2BCC00
9168 (1024) read 0x25D000
9169 (1024) read 0x25D400
9170 (1024) read 0x25D800
9171 (1024) read 0x25DC00
9172 (1024) read 0x27D000
9173 (1024) read 0x27D400
9174 (1024) read 0x27D800
9175 (1024) read 0x27DC00
9176 (1024) read 0x29D000
9177 (1024) read 0x29D400
9178 (1024) read 0x29D800
9179 (1024) read 0x29DC00
9180 (1024) read 0x2BD000
9181 (1024) read 0x2BD400
9182 (1024) read 0x2BD800
9183 (1024) read 0x2BDC00
9184 (1024) read 0x25E000
9185 (1024) read 0x25E400
9186 (1024) read 0x25E800
9187 (1024) read 0x25EC00
9188 (1024) read 0x27E000
9189 (1024) read 0x27E400
9190 (1024) read 0x27E800
9191 (1024) read 0x27EC00
9192 (1024) read 0x29E000
9193 (1024) read 0x29E400
9194 (1024) read 0x29E800
9195 (1024) read 0x29EC00
9196 (1024) read 0x2BE000
9197 (1024) read 0x2BE400
9198 (1024) read 0x2BE800
9199 (1024) read 0x2BEC00
9200 (1024) read 0x25F000
9201 (1024) read 0x25F400
9202 (1024) read 0x25F800
9203 (1024) read 0x25FC00
9204 (1024) read 0x27F000
9205 (1024) read 0x27F400
9206 (1024) read 0x27F800
9207 (1024) read 0x27FC00
9208 (1024) read 0x29F000
9209 (1024) read 0x29F400
9210 (1024) read 0x29F800
9211 (1024) read 0x29FC00
9212 (1024) read 0x2BF000
9213 (1024) read 0x2BF400
9214 (1024) read 0x2BF800
9215 (1024) read 0x2BFC00
9216 (1024) read 0x260000
9217 (1024) read 0x260400
9218 (1024) read 0x260800
9219 (1024) read 0x260C00
9220 (1024) read 0x280000
9221 (1024) read 0x280400
9222 (1024) read 0x280800
9223 (1024) read 0x280C00
9224 (1024) read 0x2A0000
9225 (1024) read 0x2A0400
9226 (1024) read 0x2A0800
9227 (1024) read 0x2A0C00
9228 (1024) read 0x2C0000
9229 (1024) read 0x2C0400
9230 (1024) read 0x2C0800
9231 (1024) read 0x2C0C00
9232 (1024) read 0x261000
9233 (1024) read 0x261400
9234 (1024) read 0x261800
9235 (1024) read 0x261C00
9236 (1024) read 0x281000
9237 (1024) read 0x281400
9238 (1024) read 0x281800
9239 (1024) read 0x281C00
9240 (1024) read 0x2A1000
9241 (1024) read 0x2A1400
9242 (1024) read 0x2A1800
9243 (1024) read 0x2A1C00
9244 (1024) read 0x2C1000
9245 (1024) read 0x2C1400
9246 (1024) read 0x2C1800
9247 (1024) read 0x2C1C00
9248 (1024) read 0x262000
9249 (1024) read 0x262400
9250 (1024) read 0x262800
9251 (1024) read 0x262C00
9252 (1024) read 0x282000
9253 (1024) read 0x282400
9254 (1024) read 0x282800
9255 (1024) read 0x282C00
9256 (1024) read 0x2A2000
9257 (1024) read 0x2A2400
9258 (1024) read 0x2A2800
9259 (1024) read 0x2A2C00
9260 (1024) read 0x2C2000
9261 (1024) read 0x2C2400
9262 (1024) read 0x2C2800
9263 (1024) read 0x2C2C00
9264 (1024) read 0x263000
9265 (1024) read 0x263400
9266 (1024) read 0x263800
9267 (1024) read 0x263C00
9268 (1024) read 0x283000
9269 (1024) read 0x283400
9270 (1024) read 0x283800
9271 (1024) read 0x283C00
9272 (1024) read 0x2A3000
9273 (1024) read 0x2A3400
9274 (1024) read 0x2A3800
9275 (1024) read 0x2A3C00
9276 (1024) read 0x2C3000
9277 (1024) read 0x2C3400
9278 (1024) read 0x2C3800
9279 (1024) read 0x2C3C00
9280 (1024) read 0x264000
9281 (1024) read 0x264400
9282 (1024) read 0x264800
9283 (1024) read 0x264C00
9284 (1024) read 0x284000
9285 (1024) read 0x284400
9286 (1024) read 0x284800
9287 (1024) read 0x284C00
9288 (1024) read 0x2A4000
9289 (1024) read 0x2A4400
9290 (1024) read 0x2A4800
9291 (1024) read 0x2A4C00
9292 (1024) read 0x2C4000
9293 (1024) read 0x2C4400
9294 (1024) read 0x2C4800
9295 (1024) read 0x2C4C00
9296 (1024) read 0x265000
9297 (1024) read 0x265400
9298 (1024) read 0x265800
9299 (1024) read 0x265C00
9300 (1024) read 0x285000
9301 (1024) read 0x285400
9302 (1024) read 0x285800
9303 (1024) read 0x285C00
9304 (1024) read 0x2A5000
9305 (1024) read 0x2A5400
9306 (1024) read 0x2A5800
9307 (1024) read 0x2A5C00
9308 (1024) read 0x2C5000
9309 (1024) read 0x2C5400
9310 (1024) read 0x2C5800
9311 (1024) read 0x2C5C00
9312 (1024) read 0x266000
9313 (1024) read 0x266400
9314 (1024) read 0x266800
9315 (1024) read 0x266C00
9316 (1024) read 0x286000
9317 (1024) read 0x286400
9318 (1024) read 0x286800
9319 (1024) read 0x286C00
9320 (1024) read 0x2A6000
9321 (1024) read 0x2A6400
9322 (1024) read 0x2A6800
9323 (1024) read 0x2A6C00
9324 (1024) read 0x2C6000
9325 (1024) read 0x2C6400
9326 (1024) read 0x2C6800
9327 (1024) read 0x2C6C00
9328 (1024) read 0x267000
9329 (1024) read 0x267400
9330 (1024) read 0x267800
9331 (1024) read 0x267C00
9332 (1024) read 0x287000
9333 (1024) read 0x287400
9334 (1024) read 0x287800
9335 (1024) read 0x287C00
9336 (1024) read 0x2A7000
9337 (1024) read 0x2A7400
9338 (1024) read 0x2A7800
9339 (1024) read 0x2A7C00
9340 (1024) read 0x2C7000
9341 (1024) read 0x2C7400
9342 (1024) read 0x2C7800
9343 (1024) read 0x2C7C00
9344 (1024) read 0x268000
9345 (1024) read 0x268400
9346 (1024) read 0x268800
9347 (1024) read 0x268C00
9348 (1024) read 0x288000
9349 (1024) read 0x288400
9350 (1024) read 0x288800
9351 (1024) read 0x288C00
9352 (1024) read 0x2A8000
9353 (1024) read 0x2A8400
9354 (1024) read 0x2A8800
9355 (1024) read 0x2A8C00
9356 (1024) read 0x2C8000
9357 (1024) read 0x2C8400
9358 (1024) read 0x2C8800
9359 (1024) read 0x2C8C00
9360 (1024) read 0x269000
9361 (1024) read 0x269400
9362 (1024) read 0x269800
9363 (1024) read 0x269C00
9364 (1024) read 0x289000
9365 (1024) read 0x289400
9366 (1024) read 0x289800
9367 (1024) read 0x289C00
9368 (1024) read 0x2A9000
9369 (1024) read 0x2A9400
9370 (1024) read 0x2A9800
9371 (1024) read 0x2A9C00
9372 (1024) read 0x2C9000
9373 (1024) read 0x2C9400
9374 (1024) read 0x2C9800
9375 (1024) read 0x2C9C00
9376 (1024) read 0x26A000
9377 (1024) read 0x26A400
9378 (1024) read 0x26A800
9379 (1024) read 0x26AC00
9380 (1024) read 0x28A000
9381 (1024) read 0x28A400
9382 (1024) read 0x28A800
9383 (1024) read 0x28AC00
9384 (1024) read 0x2AA000
9385 (1024) read 0x2AA400
9386 (1024) read 0x2AA800
9387 (1024) read 0x2AAC00
9388 (1024) read 0x2CA000
9389 (1024) read 0x2CA400
9390 (1024) read 0x2CA800
9391 (1024) read 0x2CAC00
9392 (1024) read 0x26B000
9393 (1024) read 0x26B400
9394 (1024) read 0x26B800
9395 (1024) read 0x26BC00
9396 (1024) read 0x28B000
9397 (1024) read 0x28B400
9398 (1024) read 0x28B800
9399 (1024) read 0x28BC00
9400 (1024) read 0x2AB000
9401 (1024) read 0x2AB400
9402 (1024) read 0x2AB800
9403 (1024) read 0x2ABC00
9404 (1024) read 0x2CB000
9405 (1024) read 0x2CB400
9406 (1024) read 0x2CB800
9407 (1024) read 0x2CBC00
9408 (1024) read 0x26C000
9409 (1024) read 0x26C400
9410 (1024) read 0x26C800
9411 (1024) read 0x26CC00
9412 (1024) read 0x28C000
9413 (1024) read 0x28C400
9414 (1024) read 0x28C800
9415 (1024) read 0x28CC00
9416 (1024) read 0x2AC000
9417 (1024) read 0x2AC400
9418 (1024) read 0x2AC800
9419 (1024) read 0x2ACC00
9420 (1024) read 0x2CC000
9421 (1024) read 0x2CC400
9422 (1024) read 0x2CC800
9423 (1024) read 0x2CCC00
9424 (1024) read 0x26D000
9425 (1024) read 0x26D400
9426 (1024) read 0x26D800
9427 (1024) read 0x26DC00
9428 (1024) read 0x28D000
9429 (1024) read 0x28D400
9430 (1024) read 0x28D800
9431 (1024) read 0x28DC00
9432 (1024) read 0x2AD000
9433 (1024) read 0x2AD400
9434 (1024) read 0x2AD800
9435 (1024) read 0x2ADC00
9436 (1024) read 0x2CD000
9437 (1024) read 0x2CD400
9438 (1024) read 0x2CD800
9439 (1024) read 0x2CDC00
9440 (1024) read 0x26E000
9441 (1024) read 0x26E400
9442 (1024) read 0x26E800
9443 (1024) read 0x26EC00
9444 (1024) read 0x28E000
9445 (1024) read 0x28E400
9446 (1024) read 0x28E800
9447 (1024) read 0x28EC00
9448 (1024) read 0x2AE000
9449 (1024) read 0x2AE400
9450 (1024) read 0x2AE800
9451 (1024) read 0x2AEC00
9452 (1024) read 0x2CE000
9453 (1024) read 0x2CE400
9454 (1024) read 0x2CE800
9455 (1024) read 0x2CEC00
9456 (1024) read 0x26F000
9457 (1024) read 0x26F400
9458 (1024) read 0x26F800
9459 (1024) read 0x26FC00
9460 (1024) read 0x28F000
9461 (1024) read 0x28F400
9462 (1024) read 0x28F800
9463 (1024) read 0x28FC00
9464 (1024) read 0x2AF000
9465 (1024) read 0x2AF400
9466 (1024) read 0x2AF800
9467 (1024) read 0x2AFC00
9468 (1024) read 0x2CF000
9469 (1024) read 0x2CF400
9470 (1024) read 0x2CF800
9471 (1024) read 0x2CFC00
9472 (1024) read 0x270000
9473 (1024) read 0x270400
9474 (1024) read 0x270800
9475 (1024) read 0x270C00
9476 (1024) read 0x290000
9477 (1024) read 0x290400
9478 (1024) read 0x290800
9479 (1024) read 0x290C00
9480 (1024) read 0x2B0000
9481 (1024) read 0x2B0400
9482 (1024) read 0x2B0800
9483 (1024) read 0x2B0C00
9484 (1024) read 0x2D0000
9485 (1024) read 0x2D0400
9486 (1024) read 0x2D0800
9487 (1024) read 0x2D0C00
9488 (1024) read 0x271000
9489 (1024) read 0x271400
9490 (1024) read 0x271800
9491 (1024) read 0x271C00
9492 (1024) read 0x291000
9493 (1024) read 0x291400
9494 (1024) read 0x291800
9495 (1024) read 0x291C00
9496 (1024) read 0x2B1000
9497 (1024) read 0x2B1400
9498 (1024) read 0x2B1800
9499 (1024) read 0x2B1C00
9500 (1024) read 0x2D1000
9501 (1024) read 0x2D1400
9502 (1024) read 0x2D1800
9503 (1024) read 0x2D1C00
9504 (1024) read 0x272000
9505 (1024) read 0x272400
9506 (1024) read 0x272800
9507 (1024) read 0x272C00
9508 (1024) read 0x292000
9509 (1024) read 0x292400
9510 (1024) read 0x292800
9511 (1024) read 0x292C00
9512 (1024) read 0x2B2000
9513 (1024) read 0x2B2400
9514 (1024) read 0x2B2800
9515 (1024) read 0x2B2C00
9516 (1024) read 0x2D2000
9517 (1024) read 0x2D2400
9518 (1024) read 0x2D2800
9519 (1024) read 0x2D2C00
9520 (1024) read 0x273000
9521 (1024) read 0x273400
9522 (1024) read 0x273800
9523 (1024) read 0x273C00
9524 (1024) read 0x293000
9525 (1024) read 0x293400
9526 (1024) read 0x293800
9527 (1024) read 0x293C00
9528 (1024) read 0x2B3000
9529 (1024) read 0x2B3400
9530 (1024) read 0x2B3800
9531 (1024) read 0x2B3C00
9532 (1024) read 0x2D3000
9533 (1024) read 0x2D3400
9534 (1024) read 0x2D3800
9535 (1024) read 0x2D3C00
9536 (1024) read 0x274000
9537 (1024) read 0x274400
9538 (1024) read 0x274800
9539 (1024) read 0x274C00
9540 (1024) read 0x294000
9541 (1024) read 0x294400
9542 (1024) read 0x294800
9543 (1024) read 0x294C00
9544 (1024) read 0x2B4000
9545 (1024) read 0x2B4400
9546 (1024) read 0x2B4800
9547 (1024) read 0x2B4C00
9548 (1024) read 0x2D4000
9549 (1024) read 0x2D4400
9550 (1024) read 0x2D4800
9551 (1024) read 0x2D4C00
9552 (1024) read 0x275000
9553 (1024) read 0x275400
9554 (1024) read 0x275800
9555 (1024) read 0x275C00
9556 (1024) read 0x295000
9557 (1024) read 0x295400
9558 (1024) read 0x295800
9559 (1024) read 0x295C00
9560 (1024) read 0x2B5000
9561 (1024) read 0x2B5400
9562 (1024) read 0x2B5800
9563 (1024) read 0x2B5C00
9564 (1024) read 0x2D5000
9565 (1024) read 0x2D5400
9566 (1024) read 0x2D5800
9567 (1024) read 0x2D5C00
9568 (1024) read 0x276000
9569 (1024) read 0x276400
9570 (1024) read 0x276800
9571 (1024) read 0x276C00
9572 (1024) read 0x296000
9573 (1024) read 0x296400
9574 (1024) read 0x296800
9575 (1024) read 0x296C00
9576 (1024) read 0x2B6000
9577 (1024) read 0x2B6400
9578 (1024) read 0x2B6800
9579 (1024) read 0x2B6C00
9580 (1024) read 0x2D6000
9581 (1024) read 0x2D6400
9582 (1024) read 0x2D6800
9583 (1024) read 0x2D6C00
9584 (1024) read 0x277000
9585 (1024) read 0x277400
9586 (1024) read 0x277800
9587 (1024) read 0x277C00
9588 (1024) read 0x297000
9589 (1024) read 0x297400
9590 (1024) read 0x297800
9591 (1024) read 0x297C00
9592 (1024) read 0x2B7000
9593 (1024) read 0x2B7400
9594 (1024) read 0x2B7800
9595 (1024) read 0x2B7C00
9596 (1024) read 0x2D7000
9597 (1024) read 0x2D7400
9598 (1024) read 0x2D7800
9599 (1024) read 0x2D7C00
9600 (1024) read 0x278000
9601 (1024) read 0x278400
9602 (1024) read 0x278800
9603 (1024) read 0x278C00
9604 (1024) read 0x298000
9605 (1024) read 0x298400
9606 (1024) read 0x298800
9607 (1024) read 0x298C00
9608 (1024) read 0x2B8000
9609 (1024) read 0x2B8400
9610 (1024) read 0x2B8800
9611 (1024) read 0x2B8C00
9612 (1024) read 0x2D8000
9613 (1024) read 0x2D8400
9614 (1024) read 0x2D8800
9615 (1024) read 0x2D8C00
9616 (1024) read 0x279000
9617 (1024) read 0x279400
9618 (1024) read 0x279800
9619 (1024) read 0x279C00
9620 (1024) read 0x299000
9621 (1024) read 0x299400
9622 (1024) read 0x299800
9623 (1024) read 0x299C00
9624 (1024) read 0x2B9000
9625 (1024) read 0x2B9400
9626 (1024) read 0x2B9800
9627 (1024) read 0x2B9C00
9628 (1024) read 0x2D9000
9629 (1024) read 0x2D9400
9630 (1024) read 0x2D9800
9631 (1024) read 0x2D9C00
9632 (1024) read 0x27A000
9633 (1024) read 0x27A400
9634 (1024) read 0x27A800
9635 (1024) read 0x27AC00
9636 (1024) read 0x29A000
9637 (1024) read 0x29A400
9638 (1024) read 0x29A800
9639 (1024) read 0x29AC00
9640 (1024) read 0x2BA000
9641 (1024) read 0x2BA400
9642 (1024) read 0x2BA800
9643 (1024) read 0x2BAC00
9644 (1024) read 0x2DA000
9645 (1024) read 0x2DA400
9646 (1024) read 0x2DA800
9647 (1024) read 0x2DAC00
9648 (1024) read 0x27B000
9649 (1024) read 0x27B400
9650 (1024) read 0x27B800
9651 (1024) read 0x27BC00
9652 (1024) read 0x29B000
9653 (1024) read 0x29B400
9654 (1024) read 0x29B800
9655 (1024) read 0x29BC00
9656 (1024) read 0x2BB000
9657 (1024) read 0x2BB400
9658 (1024) read 0x2BB800
9659 (1024) read 0x2BBC00
9660 (1024) read 0x2DB000
9661 (1024) read 0x2DB400
9662 (1024) read 0x2DB800
9663 (1024) read 0x2DBC00
9664 (1024) read 0x27C000
9665 (1024) read 0x27C400
9666 (1024) read 0x27C800
9667 (1024) read 0x27CC00
9668 (1024) read 0x29C000
9669 (1024) read 0x29C400
9670 (1024) read 0x29C800
9671 (1024) read 0x29CC00
9672 (1024) read 0x2BC000
9673 (1024) read 0x2BC400
9674 (1024) read 0x2BC800
9675 (1024) read 0x2BCC00
9676 (1024) read 0x2DC000
9677 (1024) read 0x2DC400
9678 (1024) read 0x2DC800
9679 (1024) read 0x2DCC00
9680 (1024) read 0x27D000
9681 (1024) read 0x27D400
9682 (1024) read 0x27D800
9683 (1024) read 0x27DC00
9684 (1024) read 0x29D000
9685 (1024) read 0x29D400
9686 (1024) read 0x29D800
9687 (1024) read 0x29DC00
9688 (1024) read 0x2BD000
9689 (1024) read 0x2BD400
9690 (1024) read 0x2BD800
9691 (1024) read 0x2BDC00
9692 (1024) read 0x2DD000
9693 (1024) read 0x2DD400
9694 (1024) read 0x2DD800
9695 (1024) read 0x2DDC00
9696 (1024) read 0x27E000
9697 (1024) read 0x27E400
9698 (1024) read 0x27E800
9699 (1024) read 0x27EC00
9700 (1024) read 0x29E000
9701 (1024) read 0x29E400
9702 (1024) read 0x29E800
9703 (1024) read 0x29EC00
9704 (1024) read 0x2BE000
9705 (1024) read 0x2BE400
9706 (1024) read 0x2BE800
9707 (1024) read 0x2BEC00
9708 (1024) read 0x2DE000
9709 (1024) read 0x2DE400
9710 (1024) read 0x2DE800
9711 (1024) read 0x2DEC00
9712 (1024) read 0x27F000
9713 (1024) read 0x27F400
9714 (1024) read 0x27F800
9715 (1024) read 0x27FC00
9716 (1024) read 0x29F000
9717 (1024) read 0x29F400
9718 (1024) read 0x29F800
9719 (1024) read 0x29FC00
9720 (1024) read 0x2BF000
9721 (1024) read 0x2BF400
9722 (1024) read 0x2BF800
9723 (1024) read 0x2BFC00
9724 (1024) read 0x2DF000
9725 (1024) read 0x2DF400
9726 (1024) read 0x2DF800
9727 (1024) read 0x2DFC00
9728 (1024) read 0x280000
9729 (1024) read 0x280400
9730 (1024) read 0x280800
9731 (1024) read 0x280C00
9732 (1024) read 0x2A0000
9733 (1024) read 0x2A0400
9734 (1024) read 0x2A0800
9735 (1024) read 0x2A0C00
9736 (1024) read 0x2C0000
9737 (1024) read 0x2C0400
9738 (1024) read 0x2C0800
9739 (1024) read 0x2C0C00
9740 (1024) read 0x2E0000
9741 (1024) read 0x2E0400
9742 (1024) read 0x2E0800
9743 (1024) read 0x2E0C00
9744 (1024) read 0x281000
9745 (1024) read 0x281400
9746 (1024) read 0x281800
9747 (1024) read 0x281C00
9748 (1024) read 0x2A1000
9749 (1024) read 0x2A1400
9750 (1024) read 0x2A1800
9751 (1024) read 0x2A1C00
9752 (1024) read 0x2C1000
9753 (1024) read 0x2C1400
9754 (1024) read 0x2C1800
9755 (1024) read 0x2C1C00
9756 (1024) read 0x2E1000
9757 (1024) read 0x2E1400
9758 (1024) read 0x2E1800
9759 (1024) read 0x2E1C00
9760 (1024) read 0x282000
9761 (1024) read 0x282400
9762 (1024) read 0x282800
9763 (1024) read 0x282C00
9764 (1024) read 0x2A2000
9765 (1024) read 0x2A2400
9766 (1024) read 0x2A2800
9767 (1024) read 0x2A2C00
9768 (1024) read 0x2C2000
9769 (1024) read 0x2C2400
9770 (1024) read 0x2C2800
9771 (1024) read 0x2C2C00
9772 (1024) read 0x2E2000
9773 (1024) read 0x2E2400
9774 (1024) read 0x2E2800
9775 (1024) read 0x2E2C00
9776 (1024) read 0x283000
9777 (1024) read 0x283400
9778 (1024) read 0x283800
9779 (1024) read 0x283C00
9780 (1024) read 0x2A3000
9781 (1024) read 0x2A3400
9782 (1024) read 0x2A3800
9783 (1024) read 0x2A3C00
9784 (1024) read 0x2C3000
9785 (1024) read 0x2C3400
9786 (1024) read 0x2C3800
9787 (1024) read 0x2C3C00
9788 (1024) read 0x2E3000
9789 (1024) read 0x2E3400
9790 (1024) read 0x2E3800
9791 (1024) read 0x2E3C00
9792 (1024) read 0x284000
9793 (1024) read 0x284400
9794 (1024) read 0x284800
9795 (1024) read 0x284C00
9796 (1024) read 0x2A4000
9797 (1024) read 0x2A4400
9798 (1024) read 0x2A4800
9799 (1024) read 0x2A4C00
9800 (1024) read 0x2C4000
9801 (1024) read 0x2C4400
9802 (1024) read 0x2C4800
9803 (1024) read 0x2C4C00
9804 (1024) read 0x2E4000
9805 (1024) read 0x2E4400
9806 (1024) read 0x2E4800
9807 (1024) read 0x2E4C00
9808 (1024) read 0x285000
9809 (1024) read 0x285400
9810 (1024) read 0x285800
9811 (1024) read 0x285C00
9812 (1024) read 0x2A5000
9813 (1024) read 0x2A5400
9814 (1024) read 0x2A5800
9815 (1024) read 0x2A5C00
9816 (1024) read 0x2C5000
9817 (1024) read 0x2C5400
9818 (1024) read 0x2C5800
9819 (1024) read 0x2C5C00
9820 (1024) read 0x2E5000
9821 (1024) read 0x2E5400
9822 (1024) read 0x2E5800
9823 (1024) read 0x2E5C00
9824 (1024) read 0x286000
9825 (1024) read 0x286400
9826 (1024) read 0x286800
9827 (1024) read 0x286C00
9828 (1024) read 0x2A6000
9829 (1024) read 0x2A6400
9830 (1024) read 0x2A6800
9831 (1024) read 0x2A6C00
9832 (1024) read 0x2C6000
9833 (1024) read 0x2C6400
9834 (1024) read 0x2C6800
9835 (1024) read 0x2C6C00
9836 (1024) read 0x2E6000
9837 (1024) read 0x2E6400
9838 (1024) read 0x2E6800
9839 (1024) read 0x2E6C00
9840 (1024) read 0x287000
9841 (1024) read 0x287400
9842 (1024) read 0x287800
9843 (1024) read 0x287C00
9844 (1024) read 0x2A7000
9845 (1024) read 0x2A7400
9846 (1024) read 0x2A7800
9847 (1024) read 0x2A7C00
9848 (1024) read 0x2C7000
9849 (1024) read 0x2C7400
9850 (1024) read 0x2C7800
9851 (1024) read 0x2C7C00
9852 (1024) read 0x2E7000
9853 (1024) read 0x2E7400
9854 (1024) read 0x2E7800
9855 (1024) read 0x2E7C00
9856 (1024) read 0x288000
9857 (1024) read 0x288400
9858 (1024) read 0x288800
9859 (1024) read 0x288C00
9860 (1024) read 0x2A8000
9861 (1024) read 0x2A8400
9862 (1024) read 0x2A8800
9863 (1024) read 0x2A8C00
9864 (1024) read 0x2C8000
9865 (1024) read 0x2C8400
9866 (1024) read 0x2C8800
9867 (1024) read 0x2C8C00
9868 (1024) read 0x2E8000
9869 (1024) read 0x2E8400
9870 (1024) read 0x2E8800
9871 (1024) read 0x2E8C00
9872 (1024) read 0x289000
9873 (1024) read 0x289400
9874 (1024) read 0x289800
9875 (1024) read 0x289C00
9876 (1024) read 0x2A9000
9877 (1024) read 0x2A9400
9878 (1024) read 0x2A9800
9879 (1024) read 0x2A9C00
9880 (1024) read 0x2C9000
9881 (1024) read 0x2C9400
9882 (1024) read 0x2C9800
9883 (1024) read 0x2C9C00
9884 (1024) read 0x2E9000
9885 (1024) read 0x2E9400
9886 (1024) read 0x2E9800
9887 (1024) read 0x2E9C00
9888 (1024) read 0x28A000
9889 (1024) read 0x28A400
9890 (1024) read 0x28A800
9891 (1024) read 0x28AC00
9892 (1024) read 0x2AA000
9893 (1024) read 0x2AA400
9894 (1024) read 0x2AA800
9895 (1024) read 0x2AAC00
9896 (1024) read 0x2CA000
9897 (1024) read 0x2CA400
9898 (1024) read 0x2CA800
9899 (1024) read 0x2CAC00
9900 (1024) read 0x2EA000
9901 (1024) read 0x2EA400
9902 (1024) read 0x2EA800
9903 (1024) read 0x2EAC00
9904 (1024) read 0x28B000
9905 (1024) read 0x28B400
9906 (1024) read 0x28B800
9907 (1024) read 0x28BC00
9908 (1024) read 0x2AB000
9909 (1024) read 0x2AB400
9910 (1024) read 0x2AB800
9911 (1024) read 0x2ABC00
9912 (1024) read 0x2CB000
9913 (1024) read 0x2CB400
9914 (1024) read 0x2CB800
9915 (1024) read 0x2CBC00
9916 (1024) read 0x2EB000
9917 (1024) read 0x2EB400
9918 (1024) read 0x2EB800
9919 (1024) read 0x2EBC00
9920 (1024) read 0x28C000
9921 (1024) read 0x28C400
9922 (1024) read 0x28C800
9923 (1024) read 0x28CC00
9924 (1024) read 0x2AC000
9925 (1024) read 0x2AC400
9926 (1024) read 0x2AC800
9927 (1024) read 0x2ACC00
9928 (1024) read 0x2CC000
9929 (1024) read 0x2CC400
9930 (1024) read 0x2CC800
9931 (1024) read 0x2CCC00
9932 (1024) read 0x2EC000
9933 (1024) read 0x2EC400
9934 (1024) read 0x2EC800
9935 (1024) read 0x2ECC00
9936 (1024) read 0x28D000
9937 (1024) read 0x28D400
9938 (1024) read 0x28D800
9939 (1024) read 0x28DC00
9940 (1024) read 0x2AD000
9941 (1024) read 0x2AD400
9942 (1024) read 0x2AD800
9943 (1024) read 0x2ADC00
9944 (1024) read 0x2CD000
9945 (1024) read 0x2CD400
9946 (1024) read 0x2CD800
9947 (1024) read 0x2CDC00
9948 (1024) read 0x2ED000
9949 (1024) read 0x2ED400
9950 (1024) read 0x2ED800
9951 (1024) read 0x2EDC00
9952 (1024) read 0x28E000
9953 (1024) read 0x28E400
9954 (1024) read 0x28E800
9955 (1024) read 0x28EC00
9956 (1024) read 0x2AE000
9957 (1024) read 0x2AE400
9958 (1024) read 0x2AE800
9959 (1024) read 0x2AEC00
9960 (1024) read 0x2CE000
9961 (1024) read 0x2CE400
9962 (1024) read 0x2CE800
9963 (1024) read 0x2CEC00
9964 (1024) read 0x2EE000
9965 (1024) read 0x2EE400
9966 (1024) read 0x2EE800
9967 (1024) read 0x2EEC00
9968 (1024) read 0x28F000
9969 (1024) read 0x28F400
9970 (1024) read 0x28F800
9971 (1024) read 0x28FC00
9972 (1024) read 0x2AF000
9973 (1024) read 0x2AF400
9974 (1024) read 0x2AF800
9975 (1024) read 0x2AFC00
9976 (1024) read 0x2CF000
9977 (1024) read 0x2CF400
9978 (1024) read 0x2CF800
9979 (1024) read 0x2CFC00
9980 (1024) read 0x2EF000
9981 (1024) read 0x2EF400
9982 (1024) read 0x2EF800
9983 (1024) read 0x2EFC00
9984 (1024) read 0x290000
9985 (1024) read 0x290400
9986 (1024) read 0x290800
9987 (1024) read 0x290C00
9988 (1024) read 0x2B0000
9989 (1024) read 0x2B0400
9990 (1024) read 0x2B0800
9991 (1024) read 0x2B0C00
9992 (1024) read 0x2D0000
9993 (1024) read 0x2D0400
9994 (1024) read 0x2D0800
9995 (1024) read 0x2D0C00
9996 (1024) read 0x2F0000
9997 (1024) read 0x2F0400
9998 (1024) read 0x2F0800
9999 (1024) read 0x2F0C00
10000 (1024) read 0x291000
10001 (1024) read 0x291400
10002 (1024) read 0x291800
10003 (1024) read 0x291C00
10004 (1024) read 0x2B1000
10005 (1024) read 0x2B1400
10006 (1024) read 0x2B1800
10007 (1024) read 0x2B1C00
10008 (1024) read 0x2D1000
10009 (1024) read 0x2D1400
10010 (1024) read 0x2D1800
10011 (1024) read 0x2D1C00
10012 (1024) read 0x2F1000
10013 (1024) read 0x2F1400
10014 (1024) read 0x2F1800
10015 (1024) read 0x2F1C00
10016 (1024) read 0x292000
10017 (1024) read 0x292400
10018 (1024) read 0x292800
10019 (1024) read 0x292C00
10020 (1024) read 0x2B2000
10021 (1024) read 0x2B2400
10022 (1024) read 0x2B2800
10023 (1024) read 0x2B2C00
10024 (1024) read 0x2D2000
10025 (1024) read 0x2D2400
10026 (1024) read 0x2D2800
10027 (1024) read 0x2D2C00
10028 (1024) read 0x2F2000
10029 (1024) read 0x2F2400
10030 (1024) read 0x2F2800
10031 (1024) read 0x2F2C00
10032 (1024) read 0x293000
10033 (1024) read 0x293400
10034 (1024) read 0x293800
10035 (1024) read 0x293C00
10036 (1024) read 0x2B3000
10037 (1024) read 0x2B3400
10038 (1024) read 0x2B3800
10039 (1024) read 0x2B3C00
10040 (1024) read 0x2D3000
10041 (1024) read 0x2D3400
10042 (1024) read 0x2D3800
10043 (1024) read 0x2D3C00
10044 (1024) read 0x2F3000
10045 (1024) read 0x2F3400
10046 (1024) read 0x2F3800
10047 (1024) read 0x2F3C00
10048 (1024) read 0x294000
10049 (1024) read 0x294400
10050 (1024) read 0x294800
10051 (1024) read 0x294C00
10052 (1024) read 0x2B4000
10053 (1024) read 0x2B4400
10054 (1024) read 0x2B4800
10055 (1024) read 0x2B4C00
10056 (1024) read 0x2D4000
10057 (1024) read 0x2D4400
10058 (1024) read 0x2D4800
10059 (1024) read 0x2D4C00
10060 (1024) read 0x2F4000
10061 (1024) read 0x2F4400
10062 (1024) read 0x2F4800
10063 (1024) read 0x2F4C00
10064 (1024) read 0x295000
10065 (1024) read 0x295400
10066 (1024) read 0x295800
10067 (1024) read 0x295C00
10068 (1024) read 0x2B5000
10069 (1024) read 0x2B5400
10070 (1024) read 0x2B5800
10071 (1024) read 0x2B5C00
10072 (1024) read 0x2D5000
10073 (1024) read 0x2D5400
10074 (1024) read 0x2D5800
10075 (1024) read 0x2D5C00
10076 (1024) read 0x2F5000
10077 (1024) read 0x2F5400
10078 (1024) read 0x2F5800
10079 (1024) read 0x2F5C00
10080 (1024) read 0x296000
10081 (1024) read 0x296400
10082 (1024) read 0x296800
10083 (1024) read 0x296C00
10084 (1024) read 0x2B6000
10085 (1024) read 0x2B6400
10086 (1024) read 0x2B6800
10087 (1024) read 0x2B6C00
10088 (1024) read 0x2D6000
10089 (1024) read 0x2D6400
10090 (1024) read 0x2D6800
10091 (1024) read 0x2D6C00
10092 (1024) read 0x2F6000
10093 (1024) read 0x2F6400
10094 (1024) read 0x2F6800
10095 (1024) read 0x2F6C00
10096 (1024) read 0x297000
10097 (1024) read 0x297400
10098 (1024) read 0x297800
10099 (1024) read 0x297C00
10100 (1024) read 0x2B7000
10101 (1024) read 0x2B7400
10102 (1024) read 0x2B7800
10103 (1024) read 0x2B7C00
10104 (1024) read 0x2D7000
10105 (1024) read 0x2D7400
10106 (1024) read 0x2D7800
10107 (1024) read 0x2D7C00
10108 (1024) read 0x2F7000
10109 (1024) read 0x2F7400
10110 (1024) read 0x2F7800
10111 (1024) read 0x2F7C00
10112 (1024) read 0x298000
10113 (1024) read 0x298400
10114 (1024) read 0x298800
10115 (1024) read 0x298C00
10116 (1024) read 0x2B8000
10117 (1024) read 0x2B8400
10118 (1024) read 0x2B8800
10119 (1024) read 0x2B8C00
10120 (1024) read 0x2D8000
10121 (1024) read 0x2D8400
10122 (1024) read 0x2D8800
10123 (1024) read 0x2D8C00
10124 (1024) read 0x2F8000
10125 (1024) read 0x2F8400
10126 (1024) read 0x2F8800
10127 (1024) read 0x2F8C00
10128 (1024) read 0x299000
10129 (1024) read 0x299400
10130 (1024) read 0x299800
10131 (1024) read 0x299C00
10132 (1024) read 0x2B9000
10133 (1024) read 0x2B9400
10134 (1024) read 0x2B9800
10135 (1024) read 0x2B9C00
10136 (1024) read 0x2D9000
10137 (1024) read 0x2D9400
10138 (1024) read 0x2D9800
10139 (1024) read 0x2D9C00
10140 (1024) read 0x2F9000
10141 (1024) read 0x2F9400
10142 (1024) read 0x2F9800
10143 (1024) read 0x2F9C00
10144 (1024) read 0x29A000
10145 (1024) read 0x29A400
10146 (1024) read 0x29A800
10147 (1024) read 0x29AC00
10148 (1024) read 0x2BA000
10149 (1024) read 0x2BA400
10150 (1024) read 0x2BA800
10151 (1024) read 0x2BAC00
10152 (1024) read 0x2DA000
10153 (1024) read 0x2DA400
10154 (1024) read 0x2DA800
10155 (1024) read 0x2DAC00
10156 (1024) read 0x2FA000
10157 (1024) read 0x2FA400
10158 (1024) read 0x2FA800
10159 (1024) read 0x2FAC00
10160 (1024) read 0x29B000
10161 (1024) read 0x29B400
10162 (1024) read 0x29B800
10163 (1024) read 0x29BC00
10164 (1024) read 0x2BB000
10165 (1024) read 0x2BB400
10166 (1024) read 0x2BB800
10167 (1024) read 0x2BBC00
10168 (1024) read 0x2DB000
10169 (1024) read 0x2DB400
10170 (1024) read 0x2DB800
10171 (1024) read 0x2DBC00
10172 (1024) read 0x2FB000
10173 (1024) read 0x2FB400
10174 (1024) read 0x2FB800
10175 (1024) read 0x2FBC00
10176 (1024) read 0x29C000
10177 (1024) read 0x29C400
10178 (1024) read 0x29C800
10179 (1024) read 0x29CC00
10180 (1024) read 0x2BC000
10181 (1024) read 0x2BC400
10182 (1024) read 0x2BC800
10183 (1024) read 0x2BCC00
10184 (1024) read 0x2DC000
10185 (1024) read 0x2DC400
10186 (1024) read 0x2DC800
10187 (1024) read 0x2DCC00
10188 (1024) read 0x2FC000
10189 (1024) read 0x2FC400
10190 (1024) read 0x2FC800
10191 (1024) read 0x2FCC00
10192 (1024) read 0x29D000
10193 (1024) read 0x29D400
10194 (1024) read 0x29D800
10195 (1024) read 0x29DC00
10196 (1024) read 0x2BD000
10197 (1024) read 0x2BD400
10198 (1024) read 0x2BD800
10199 (1024) read 0x2BDC00
10200 (1024) read 0x2DD000
10201 (1024) read 0x2DD400
10202 (1024) read 0x2DD800
10203 (1024) read 0x2DDC00
10204 (1024) read 0x2FD000
10205 (1024) read 0x2FD400
10206 (1024) read 0x2FD800
10207 (1024) read 0x2FDC00
10208 (1024) read 0x29E000
10209 (1024) read 0x29E400
10210 (1024) read 0x29E800
10211 (1024) read 0x29EC00
10212 (1024) read 0x2BE000
10213 (1024) read 0x2BE400
10214 (1024) read 0x2BE800
10215 (1024) read 0x2BEC00
10216 (1024) read 0x2DE000
10217 (1024) read 0x2DE400
10218 (1024) read 0x2DE800
10219 (1024) read 0x2DEC00
10220 (1024) read 0x2FE000
10221 (1024) read 0x2FE400
10222 (1024) read 0x2FE800
10223 (1024) read 0x2FEC00
10224 (1024) read 0x29F000
10225 (1024) read 0x29F400
10226 (1024) read 0x29F800
10227 (1024) read 0x29FC00
10228 (1024) read 0x2BF000
10229 (1024) read 0x2BF400
10230 (1024) read 0x2BF800
10231 (1024) read 0x2BFC00
10232 (1024) read 0x2DF000
10233 (1024) read 0x2DF400
10234 (1024) read 0x2DF800
10235 (1024) read 0x2DFC00
10236 (1024) read 0x2FF000
10237 (1024) read 0x2FF400
10238 (1024) read 0x2FF800
10239 (1024) read 0x2FFC00
10240 (1024) read 0x2A0000
10241 (1024) read 0x2A0400
10242 (1024) read 0x2A0800
10243 (1024) read 0x2A0C00
10244 (1024) read 0x2C0000
10245 (1024) read 0x2C0400
10246 (1024) read 0x2C0800
10247 (1024) read 0x2C0C00
10248 (1024) read 0x2E0000
10249 (1024) read 0x2E0400
10250 (1024) read 0x2E0800
10251 (1024) read 0x2E0C00
10252 (1024) read 0x300000
10253 (1024) read 0x300400
10254 (1024) read 0x300800
10255 (1024) read 0x300C00
10256 (1024) read 0x2A1000
10257 (1024) read 0x2A1400
10258 (1024) read 0x2A1800
10259 (1024) read 0x2A1C00
10260 (1024) read 0x2C1000
10261 (1024) read 0x2C1400
10262 (1024) read 0x2C1800
10263 (1024) read 0x2C1C00
10264 (1024) read 0x2E1000
10265 (1024) read 0x2E1400
10266 (1024) read 0x2E1800
10267 (1024) read 0x2E1C00
10268 (1024) read 0x301000
10269 (1024) read 0x301400
10270 (1024) read 0x301800
10271 (1024) read 0x301C00
10272 (1024) read 0x2A2000
10273 (1024) read 0x2A2400
10274 (1024) read 0x2A2800
10275 (1024) read 0x2A2C00
10276 (1024) read 0x2C2000
10277 (1024) read 0x2C2400
10278 (1024) read 0x2C2800
10279 (1024) read 0x2C2C00
10280 (1024) read 0x2E2000
10281 (1024) read 0x2E2400
10282 (1024) read 0x2E2800
10283 (1024) read 0x2E2C00
10284 (1024) read 0x302000
10285 (1024) read 0x302400
10286 (1024) read 0x302800
10287 (1024) read 0x302C00
10288 (1024) read 0x2A3000
10289 (1024) read 0x2A3400
10290 (1024) read 0x2A3800
10291 (1024) read 0x2A3C00
10292 (1024) read 0x2C3000
10293 (1024) read 0x2C3400
10294 (1024) read 0x2C3800
10295 (1024) read 0x2C3C00
10296 (1024) read 0x2E3000
10297 (1024) read 0x2E3400
10298 (1024) read 0x2E3800
10299 (1024) read 0x2E3C00
10300 (1024) read 0x303000
10301 (1024) read 0x303400
10302 (1024) read 0x303800
10303 (1024) read 0x303C00
10304 (1024) read 0x2A4000
10305 (1024) read 0x2A4400
10306 (1024) read 0x2A4800
10307 (1024) read 0x2A4C00
10308 (1024) read 0x2C4000
10309 (1024) read 0x2C4400
10310 (1024) read 0x2C4800
10311 (1024) read 0x2C4C00
10312 (1024) read 0x2E4000
10313 (1024) read 0x2E4400
10314 (1024) read 0x2E4800
10315 (1024) read 0x2E4C00
10316 (1024) read 0x304000
10317 (1024) read 0x304400
10318 (1024) read 0x304800
10319 (1024) read 0x304C00
10320 (1024) read 0x2A5000
10321 (1024) read 0x2A5400
10322 (1024) read 0x2A5800
10323 (1024) read 0x2A5C00
10324 (1024) read 0x2C5000
10325 (1024) read 0x2C5400
10326 (1024) read 0x2C5800
10327 (1024) read 0x2C5C00
10328 (1024) read 0x2E5000
10329 (1024) read 0x2E5400
10330 (1024) read 0x2E5800
10331 (1024) read 0x2E5C00
10332 (1024) read 0x305000
10333 (1024) read 0x305400
10334 (1024) read 0x305800
10335 (1024) read 0x305C00
10336 (1024) read 0x2A6000
10337 (1024) read 0x2A6400
10338 (1024) read 0x2A6800
10339 (1024) read 0x2A6C00
10340 (1024) read 0x2C6000
10341 (1024) read 0x2C6400
10342 (1024) read 0x2C6800
10343 (1024) read 0x2C6C00
10344 (1024) read 0x2E6000
10345 (1024) read 0x2E6400
10346 (1024) read 0x2E6800
10347 (1024) read 0x2E6C00
10348 (1024) read 0x306000
10349 (1024) read 0x306400
10350 (1024) read 0x306800
10351 (1024) read 0x306C00
10352 (1024) read 0x2A7000
10353 (1024) read 0x2A7400
10354 (1024) read 0x2A7800
10355 (1024) read 0x2A7C00
10356 (1024) read 0x2C7000
10357 (1024) read 0x2C7400
10358 (1024) read 0x2C7800
10359 (1024) read 0x2C7C00
10360 (1024) read 0x2E7000
10361 (1024) read 0x2E7400
10362 (1024) read 0x2E7800
10363 (1024) read 0x2E7C00
10364 (1024) read 0x307000
10365 (1024) read 0x307400
10366 (1024) read 0x307800
10367 (1024) read 0x307C00
10368 (1024) read 0x2A8000
10369 (1024) read 0x2A8400
10370 (1024) read 0x2A8800
10371 (1024) read 0x2A8C00
10372 (1024) read 0x2C8000
10373 (1024) read 0x2C8400
10374 (1024) read 0x2C8800
10375 (1024) read 0x2C8C00
10376 (1024) read 0x2E8000
10377 (1024) read 0x2E8400
10378 (1024) read 0x2E8800
10379 (1024) read 0x2E8C00
10380 (1024) read 0x308000
10381 (1024) read 0x308400
10382 (1024) read 0x308800
10383 (1024) read 0x308C00
10384 (1024) read 0x2A9000
10385 (1024) read 0x2A9400
10386 (1024) read 0x2A9800
10387 (1024) read 0x2A9C00
10388 (1024) read 0x2C9000
10389 (1024) read 0x2C9400
10390 (1024) read 0x2C9800
10391 (1024) read 0x2C9C00
10392 (1024) read 0x2E9000
10393 (1024) read 0x2E9400
10394 (1024) read 0x2E9800
10395 (1024) read 0x2E9C00
10396 (1024) read 0x309000
10397 (1024) read 0x309400
10398 (1024) read 0x309800
10399 (1024) read 0x309C00
10400 (1024) read 0x2AA000
10401 (1024) read 0x2AA400
10402 (1024) read 0x2AA800
10403 (1024) read 0x2AAC00
10404 (1024) read 0x2CA000
10405 (1024) read 0x2CA400
10406 (1024) read 0x2CA800
10407 (1024) read 0x2CAC00
10408 (1024) read 0x2EA000
10409 (1024) read 0x2EA400
10410 (1024) read 0x2EA800
10411 (1024) read 0x2EAC00
10412 (1024) read 0x30A000
10413 (1024) read 0x30A400
10414 (1024) read 0x30A800
10415 (1024) read 0x30AC00
10416 (1024) read 0x2AB000
10417 (1024) read 0x2AB400
10418 (1024) read 0x2AB800
10419 (1024) read 0x2ABC00
10420 (1024) read 0x2CB000
10421 (1024) read 0x2CB400
10422 (1024) read 0x2CB800
10423 (1024) read 0x2CBC00
10424 (1024) read 0x2EB000
10425 (1024) read 0x2EB400
10426 (1024) read 0x2EB800
10427 (1024) read 0x2EBC00
10428 (1024) read 0x30B000
10429 (1024) read 0x30B400
10430 (1024) read 0x30B800
10431 (1024) read 0x30BC00
10432 (1024) read 0x2AC000
10433 (1024) read 0x2AC400
10434 (1024) read 0x2AC800
10435 (1024) read 0x2ACC00
10436 (1024) read 0x2CC000
10437 (1024) read 0x2CC400
10438 (1024) read 0x2CC800
10439 (1024) read 0x2CCC00
10440 (1024) read 0x2EC000
10441 (1024) read 0x2EC400
10442 (1024) read 0x2EC800
10443 (1024) read 0x2ECC00
10444 (1024) read 0x30C000
10445 (1024) read 0x30C400
10446 (1024) read 0x30C800
10447 (1024) read 0x30CC00
10448 (1024) read 0x2AD000
10449 (1024) read 0x2AD400
10450 (1024) read 0x2AD800
10451 (1024) read 0x2ADC00
10452 (1024) read 0x2CD000
10453 (1024) read 0x2CD400
10454 (1024) read 0x2CD800
10455 (1024) read 0x2CDC00
10456 (1024) read 0x2ED000
10457 (1024) read 0x2ED400
10458 (1024) read 0x2ED800
10459 (1024) read 0x2EDC00
10460 (1024) read 0x30D000
10461 (1024) read 0x30D400
10462 (1024) read 0x30D800
10463 (1024) read 0x30DC00
10464 (1024) read 0x2AE000
10465 (1024) read 0x2AE400
10466 (1024) read 0x2AE800
10467 (1024) read 0x2AEC00
10468 (1024) read 0x2CE000
10469 (1024) read 0x2CE400
10470 (1024) read 0x2CE800
10471 (1024) read 0x2CEC00
10472 (1024) read 0x2EE000
10473 (1024) read 0x2EE400
10474 (1024) read 0x2EE800
10475 (1024) read 0x2EEC00
10476 (1024) read 0x30E000
10477 (1024) read 0x30E400
10478 (1024) read 0x30E800
10479 (1024) read 0x30EC00
10480 (1024) read 0x2AF000
10481 (1024) read 0x2AF400
10482 (1024) read 0x2AF800
10483 (1024) read 0x2AFC00
10484 (1024) read 0x2CF000
10485 (1024) read 0x2CF400
10486 (1024) read 0x2CF800
10487 (1024) read 0x2CFC00
10488 (1024) read 0x2EF000
10489 (1024) read 0x2EF400
10490 (1024) read 0x2EF800
10491 (1024) read 0x2EFC00
10492 (1024) read 0x30F000
10493 (1024) read 0x30F400
10494 (1024) read 0x30F800
10495 (1024) read 0x30FC00
10496 (1024) read 0x2B0000
10497 (1024) read 0x2B0400
10498 (1024) read 0x2B0800
10499 (1024) read 0x2B0C00
10500 (1024) read 0x2D0000
10501 (1024) read 0x2D0400
10502 (1024) read 0x2D0800
10503 (1024) read 0x2D0C00
10504 (1024) read 0x2F0000
10505 (1024) read 0x2F0400
10506 (1024) read 0x2F0800
10507 (1024) read 0x2F0C00
10508 (1024) read 0x310000
10509 (1024) read 0x310400
10510 (1024) read 0x310800
10511 (1024) read 0x310C00
10512 (1024) read 0x2B1000
10513 (1024) read 0x2B1400
10514 (1024) read 0x2B1800
10515 (1024) read 0x2B1C00
10516 (1024) read 0x2D1000
10517 (1024) read 0x2D1400
10518 (1024) read 0x2D1800
10519 (1024) read 0x2D1C00
10520 (1024) read 0x2F1000
10521 (1024) read 0x2F1400
10522 (1024) read 0x2F1800
10523 (1024) read 0x2F1C00
10524 (1024) read 0x311000
10525 (1024) read 0x311400
10526 (1024) read 0x311800
10527 (1024) read 0x311C00
10528 (1024) read 0x2B2000
10529 (1024) read 0x2B2400
10530 (1024) read 0x2B2800
10531 (1024) read 0x2B2C00
10532 (1024) read 0x2D2000
10533 (1024) read 0x2D2400
10534 (1024) read 0x2D2800
10535 (1024) read 0x2D2C00
10536 (1024) read 0x2F2000
10537 (1024) read 0x2F2400
10538 (1024) read 0x2F2800
10539 (1024) read 0x2F2C00
10540 (1024) read 0x312000
10541 (1024) read 0x312400
10542 (1024) read 0x312800
10543 (1024) read 0x312C00
10544 (1024) read 0x2B3000
10545 (1024) read 0x2B3400
10546 (1024) read 0x2B3800
10547 (1024) read 0x2B3C00
10548 (1024) read 0x2D3000
10549 (1024) read 0x2D3400
10550 (1024) read 0x2D3800
10551 (1024) read 0x2D3C00
10552 (1024) read 0x2F3000
10553 (1024) read 0x2F3400
10554 (1024) read 0x2F3800
10555 (1024) read 0x2F3C00
10556 (1024) read 0x313000
10557 (1024) read 0x313400
10558 (1024) read 0x313800
10559 (1024) read 0x313C00
10560 (1024) read 0x2B4000
10561 (1024) read 0x2B4400
10562 (1024) read 0x2B4800
10563 (1024) read 0x2B4C00
10564 (1024) read 0x2D4000
10565 (1024) read 0x2D4400
10566 (1024) read 0x2D4800
10567 (1024) read 0x2D4C00
10568 (1024) read 0x2F4000
10569 (1024) read 0x2F4400
10570 (1024) read 0x2F4800
10571 (1024) read 0x2F4C00
10572 (1024) read 0x314000
10573 (1024) read 0x314400
10574 (1024) read 0x314800
10575 (1024) read 0x314C00
10576 (1024) read 0x2B5000
10577 (1024) read 0x2B5400
10578 (1024) read 0x2B5800
10579 (1024) read 0x2B5C00
10580 (1024) read 0x2D5000
10581 (1024) read 0x2D5400
10582 (1024) read 0x2D5800
10583 (1024) read 0x2D5C00
10584 (1024) read 0x2F5000
10585 (1024) read 0x2F5400
10586 (1024) read 0x2F5800
10587 (1024) read 0x2F5C00
10588 (1024) read 0x315000
10589 (1024) read 0x315400
10590 (1024) read 0x315800
10591 (1024) read 0x315C00
10592 (1024) read 0x2B6000
10593 (1024) read 0x2B6400
10594 (1024) read 0x2B6800
10595 (1024) read 0x2B6C00
10596 (1024) read 0x2D6000
10597 (1024) read 0x2D6400
10598 (1024) read 0x2D6800
10599 (1024) read 0x2D6C00
10600 (1024) read 0x2F6000
10601 (1024) read 0x2F6400
10602 (1024) read 0x2F6800
10603 (1024) read 0x2F6C00
10604 (1024) read 0x316000
10605 (1024) read 0x316400
10606 (1024) read 0x316800
10607 (1024) read 0x316C00
10608 (1024) read 0x2B7000
10609 (1024) read 0x2B7400
10610 (1024) read 0x2B7800
10611 (1024) read 0x2B7C00
10612 (1024) read 0x2D7000
10613 (1024) read 0x2D7400
10614 (1024) read 0x2D7800
10615 (1024) read 0x2D7C00
10616 (1024) read 0x2F7000
10617 (1024) read 0x2F7400
10618 (1024) read 0x2F7800
10619 (1024) read 0x2F7C00
10620 (1024) read 0x317000
10621 (1024) read 0x317400
10622 (1024) read 0x317800
10623 (1024) read 0x317C00
10624 (1024) read 0x2B8000
10625 (1024) read 0x2B8400
10626 (1024) read 0x2B8800
10627 (1024) read 0x2B8C00
10628 (1024) read 0x2D8000
10629 (1024) read 0x2D8400
10630 (1024) read 0x2D8800
10631 (1024) read 0x2D8C00
10632 (1024) read 0x2F8000
10633 (1024) read 0x2F8400
10634 (1024) read 0x2F8800
10635 (1024) read 0x2F8C00
10636 (1024) read 0x318000
10637 (1024) read 0x318400
10638 (1024) read 0x318800
10639 (1024) read 0x318C00
10640 (1024) read 0x2B9000
10641 (1024) read 0x2B9400
10642 (1024) read 0x2B9800
10643 (1024) read 0x2B9C00
10644 (1024) read 0x2D9000
10645 (1024) read 0x2D9400
10646 (1024) read 0x2D9800
10647 (1024) read 0x2D9C00
10648 (1024) read 0x2F9000
10649 (1024) read 0x2F9400
10650 (1024) read 0x2F9800
10651 (1024) read 0x2F9C00
10652 (1024) read 0x319000
10653 (1024) read 0x319400
10654 (1024) read 0x319800
10655 (1024) read 0x319C00
10656 (1024) read 0x2BA000
10657 (1024) read 0x2BA400
10658 (1024) read 0x2BA800
10659 (1024) read 0x2BAC00
10660 (1024) read 0x2DA000
10661 (1024) read 0x2DA400
10662 (1024) read 0x2DA800
10663 (1024) read 0x2DAC00
10664 (1024) read 0x2FA000
10665 (1024) read 0x2FA400
10666 (1024) read 0x2FA800
10667 (1024) read 0x2FAC00
10668 (1024) read 0x31A000
10669 (1024) read 0x31A400
10670 (1024) read 0x31A800
10671 (1024) read 0x31AC00
10672 (1024) read 0x2BB000
10673 (1024) read 0x2BB400
10674 (1024) read 0x2BB800
10675 (1024) read 0x2BBC00
10676 (1024) read 0x2DB000
10677 (1024) read 0x2DB400
10678 (1024) read 0x2DB800
10679 (1024) read 0x2DBC00
10680 (1024) read 0x2FB000
10681 (1024) read 0x2FB400
10682 (1024) read 0x2FB800
10683 (1024) read 0x2FBC00
10684 (1024) read 0x31B000
10685 (1024) read 0x31B400
10686 (1024) read 0x31B800
10687 (1024) read 0x31BC00
10688 (1024) read 0x2BC000
10689 (1024) read 0x2BC400
10690 (1024) read 0x2BC800
10691 (1024) read 0x2BCC00
10692 (1024) read 0x2DC000
10693 (1024) read 0x2DC400
10694 (1024) read 0x2DC800
10695 (1024) read 0x2DCC00
10696 (1024) read 0x2FC000
10697 (1024) read 0x2FC400
10698 (1024) read 0x2FC800
10699 (1024) read 0x2FCC00
10700 (1024) read 0x31C000
10701 (1024) read 0x31C400
10702 (1024) read 0x31C800
10703 (1024) read 0x31CC00
10704 (1024) read 0x2BD000
10705 (1024) read 0x2BD400
10706 (1024) read 0x2BD800
10707 (1024) read 0x2BDC00
10708 (1024) read 0x2DD000
10709 (1024) read 0x2DD400
10710 (1024) read 0x2DD800
10711 (1024) read 0x2DDC00
10712 (1024) read 0x2FD000
10713 (1024) read 0x2FD400
10714 (1024) read 0x2FD800
10715 (1024) read 0x2FDC00
10716 (1024) read 0x31D000
10717 (1024) read 0x31D400
10718 (1024) read 0x31D800
10719 (1024) read 0x31DC00
10720 (1024) read 0x2BE000
10721 (1024) read 0x2BE400
10722 (1024) read 0x2BE800
10723 (1024) read 0x2BEC00
10724 (1024) read 0x2DE000
10725 (1024) read 0x2DE400
10726 (1024) read 0x2DE800
10727 (1024) read 0x2DEC00
10728 (1024) read 0x2FE000
10729 (1024) read 0x2FE400
10730 (1024) read 0x2FE800
10731 (1024) read 0x2FEC00
10732 (1024) read 0x31E000
10733 (1024) read 0x31E400
10734 (1024) read 0x31E800
10735 (1024) read 0x31EC00
10736 (1024) read 0x2BF000
10737 (1024) read 0x2BF400
10738 (1024) read 0x2BF800
10739 (1024) read 0x2BFC00
10740 (1024) read 0x2DF000
10741 (1024) read 0x2DF400
10742 (1024) read 0x2DF800
10743 (1024) read 0x2DFC00
10744 (1024) read 0x2FF000
10745 (1024) read 0x2FF400
10746 (1024) read 0x2FF800
10747 (1024) read 0x2FFC00
10748 (1024) read 0x31F000
10749 (1024) read 0x31F400
10750 (1024) read 0x31F800
10751 (1024) read 0x31FC00
10752 (1024) read 0x2C0000
10753 (1024) read 0x2C0400
10754 (1024) read 0x2C0800
10755 (1024) read 0x2C0C00
10756 (1024) read 0x2E0000
10757 (1024) read 0x2E0400
10758 (1024) read 0x2E0800
10759 (1024) read 0x2E0C00
10760 (1024) read 0x300000
10761 (1024) read 0x300400
10762 (1024) read 0x300800
10763 (1024) read 0x300C00
10764 (1024) read 0x320000
10765 (1024) read 0x320400
10766 (1024) read 0x320800
10767 (1024) read 0x320C00
10768 (1024) read 0x2C1000
10769 (1024) read 0x2C1400
10770 (1024) read 0x2C1800
10771 (1024) read 0x2C1C00
10772 (1024) read 0x2E1000
10773 (1024) read 0x2E1400
10774 (1024) read 0x2E1800
10775 (1024) read 0x2E1C00
10776 (1024) read 0x301000
10777 (1024) read 0x301400
10778 (1024) read 0x301800
10779 (1024) read 0x301C00
10780 (1024) read 0x321000
10781 (1024) read 0x321400
10782 (1024) read 0x321800
10783 (1024) read 0x321C00
10784 (1024) read 0x2C2000
10785 (1024) read 0x2C2400
10786 (1024) read 0x2C2800
10787 (1024) read 0x2C2C00
10788 (1024) read 0x2E2000
10789 (1024) read 0x2E2400
10790 (1024) read 0x2E2800
10791 (1024) read 0x2E2C00
10792 (1024) read 0x302000
10793 (1024) read 0x302400
10794 (1024) read 0x302800
10795 (1024) read 0x302C00
10796 (1024) read 0x322000
10797 (1024) read 0x322400
10798 (1024) read 0x322800
10799 (1024) read 0x322C00
10800 (1024) read 0x2C3000
10801 (1024) read 0x2C3400
10802 (1024) read 0x2C3800
10803 (1024) read 0x2C3C00
10804 (1024) read 0x2E3000
10805 (1024) read 0x2E3400
10806 (1024) read 0x2E3800
10807 (1024) read 0x2E3C00
10808 (1024) read 0x303000
10809 (1024) read 0x303400
10810 (1024) read 0x303800
10811 (1024) read 0x303C00
10812 (1024) read 0x323000
10813 (1024) read 0x323400
10814 (1024) read 0x323800
10815 (1024) read 0x323C00
10816 (1024) read 0x2C4000
10817 (1024) read 0x2C4400
10818 (1024) read 0x2C4800
10819 (1024) read 0x2C4C00
10820 (1024) read 0x2E4000
10821 (1024) read 0x2E4400
10822 (1024) read 0x2E4800
10823 (1024) read 0x2E4C00
10824 (1024) read 0x304000
10825 (1024) read 0x304400
10826 (1024) read 0x304800
10827 (1024) read 0x304C00
10828 (1024) read 0x324000
10829 (1024) read 0x324400
10830 (1024) read 0x324800
10831 (1024) read 0x324C00
10832 (1024) read 0x2C5000
10833 (1024) read 0x2C5400
10834 (1024) read 0x2C5800
10835 (1024) read 0x2C5C00
10836 (1024) read 0x2E5000
10837 (1024) read 0x2E5400
10838 (1024) read 0x2E5800
10839 (1024) read 0x2E5C00
10840 (1024) read 0x305000
10841 (1024) read 0x305400
10842 (1024) read 0x305800
10843 (1024) read 0x305C00
10844 (1024) read 0x325000
10845 (1024) read 0x325400
10846 (1024) read 0x325800
10847 (1024) read 0x325C00
10848 (1024) read 0x2C6000
10849 (1024) read 0x2C6400
10850 (1024) read 0x2C6800
10851 (1024) read 0x2C6C00
10852 (1024) read 0x2E6000
10853 (1024) read 0x2E6400
10854 (1024) read 0x2E6800
10855 (1024) read 0x2E6C00
10856 (1024) read 0x306000
10857 (1024) read 0x306400
10858 (1024) read 0x306800
10859 (1024) read 0x306C00
10860 (1024) read 0x326000
10861 (1024) read 0x326400
10862 (1024) read 0x326800
10863 (1024) read 0x326C00
10864 (1024) read 0x2C7000
10865 (1024) read 0x2C7400
10866 (1024) read 0x2C7800
10867 (1024) read 0x2C7C00
10868 (1024) read 0x2E7000
10869 (1024) read 0x2E7400
10870 (1024) read 0x2E7800
10871 (1024) read 0x2E7C00
10872 (1024) read 0x307000
10873 (1024) read 0x307400
10874 (1024) read 0x307800
10875 (1024) read 0x307C00
10876 (1024) read 0x327000
10877 (1024) read 0x327400
10878 (1024) read 0x327800
10879 (1024) read 0x327C00
10880 (1024) read 0x2C8000
10881 (1024) read 0x2C8400
10882 (1024) read 0x2C8800
10883 (1024) read 0x2C8C00
10884 (1024) read 0x2E8000
10885 (1024) read 0x2E8400
10886 (1024) read 0x2E8800
10887 (1024) read 0x2E8C00
10888 (1024) read 0x308000
10889 (1024) read 0x308400
10890 (1024) read 0x308800
10891 (1024) read 0x308C00
10892 (1024) read 0x328000
10893 (1024) read 0x328400
10894 (1024) read 0x328800
10895 (1024) read 0x328C00
10896 (1024) read 0x2C9000
10897 (1024) read 0x2C9400
10898 (1024) read 0x2C9800
10899 (1024) read 0x2C9C00
10900 (1024) read 0x2E9000
10901 (1024) read 0x2E9400
10902 (1024) read 0x2E9800
10903 (1024) read 0x2E9C00
10904 (1024) read 0x309000
10905 (1024) read 0x309400
10906 (1024) read 0x309800
10907 (1024) read 0x309C00
10908 (1024) read 0x329000
10909 (1024) read 0x329400
10910 (1024) read 0x329800
10911 (1024) read 0x329C00
10912 (1024) read 0x2CA000
10913 (1024) read 0x2CA400
10914 (1024) read 0x2CA800
10915 (1024) read 0x2CAC00
10916 (1024) read 0x2EA000
10917 (1024) read 0x2EA400
10918 (1024) read 0x2EA800
10919 (1024) read 0x2EAC00
10920 (1024) read 0x30A000
10921 (1024) read 0x30A400
10922 (1024) read 0x30A800
10923 (1024) read 0x30AC00
10924 (1024) read 0x32A000
10925 (1024) read 0x32A400
10926 (1024) read 0x32A800
10927 (1024) read 0x32AC00
10928 (1024) read 0x2CB000
10929 (1024) read 0x2CB400
10930 (1024) read 0x2CB800
10931 (1024) read 0x2CBC00
10932 (1024) read 0x2EB000
10933 (1024) read 0x2EB400
10934 (1024) read 0x2EB800
10935 (1024) read 0x2EBC00
10936 (1024) read 0x30B000
10937 (1024) read 0x30B400
10938 (1024) read 0x30B800
10939 (1024) read 0x30BC00
10940 (1024) read 0x32B000
10941 (1024) read 0x32B400
10942 (1024) read 0x32B800
10943 (1024) read 0x32BC00
10944 (1024) read 0x2CC000
10945 (1024) read 0x2CC400
10946 (1024) read 0x2CC800
10947 (1024) read 0x2CCC00
10948 (1024) read 0x2EC000
10949 (1024) read 0x2EC400
10950 (1024) read 0x2EC800
10951 (1024) read 0x2ECC00
10952 (1024) read 0x30C000
10953 (1024) read 0x30C400
10954 (1024) read 0x30C800
10955 (1024) read 0x30CC00
10956 (1024) read 0x32C000
10957 (1024) read 0x32C400
10958 (1024) read 0x32C800
10959 (1024) read 0x32CC00
10960 (1024) read 0x2CD000
10961 (1024) read 0x2CD400
10962 (1024) read 0x2CD800
10963 (1024) read 0x2CDC00
10964 (1024) read 0x2ED000
10965 (1024) read 0x2ED400
10966 (1024) read 0x2ED800
10967 (1024) read 0x2EDC00
10968 (1024) read 0x30D000
10969 (1024) read 0x30D400
10970 (1024) read 0x30D800
10971 (1024) read 0x30DC00
10972 (1024) read 0x32D000
10973 (1024) read 0x32D400
10974 (1024) read 0x32D800
10975 (1024) read 0x32DC00
10976 (1024) read 0x2CE000
10977 (1024) read 0x2CE400
10978 (1024) read 0x2CE800
10979 (1024) read 0x2CEC00
10980 (1024) read 0x2EE000
10981 (1024) read 0x2EE400
10982 (1024) read 0x2EE800
10983 (1024) read 0x2EEC00
10984 (1024) read 0x30E000
10985 (1024) read 0x30E400
10986 (1024) read 0x30E800
10987 (1024) read 0x30EC00
10988 (1024) read 0x32E000
10989 (1024) read 0x32E400
10990 (1024) read 0x32E800
10991 (1024) read 0x32EC00
10992 (1024) read 0x2CF000
10993 (1024) read 0x2CF400
10994 (1024) read 0x2CF800
10995 (1024) read 0x2CFC00
10996 (1024) read 0x2EF000
10997 (1024) read 0x2EF400
10998 (1024) read 0x2EF800
10999 (1024) read 0x2EFC00
11000 (1024) read 0x30F000
11001 (1024) read 0x30F400
11002 (1024) read 0x30F800
11003 (1024) read 0x30FC00
11004 (1024) read 0x32F000
11005 (1024) read 0x32F400
11006 (1024) read 0x32F800
11007 (1024) read 0x32FC00
11008 (1024) read 0x2D0000
11009 (1024) read 0x2D0400
11010 (1024) read 0x2D0800
11011 (1024) read 0x2D0C00
11012 (1024) read 0x2F0000
11013 (1024) read 0x2F0400
11014 (1024) read 0x2F0800
11015 (1024) read 0x2F0C00
11016 (1024) read 0x310000
11017 (1024) read 0x310400
11018 (1024) read 0x310800
11019 (1024) read 0x310C00
11020 (1024) read 0x330000
11021 (1024) read 0x330400
11022 (1024) read 0x330800
11023 (1024) read 0x330C00
11024 (1024) read 0x2D1000
11025 (1024) read 0x2D1400
11026 (1024) read 0x2D1800
11027 (1024) read 0x2D1C00
11028 (1024) read 0x2F1000
11029 (1024) read 0x2F1400
11030 (1024) read 0x2F1800
11031 (1024) read 0x2F1C00
11032 (1024) read 0x311000
11033 (1024) read 0x311400
11034 (1024) read 0x311800
11035 (1024) read 0x311C00
11036 (1024) read 0x331000
11037 (1024) read 0x331400
11038 (1024) read 0x331800
11039 (1024) read 0x331C00
11040 (1024) read 0x2D2000
11041 (1024) read 0x2D2400
11042 (1024) read 0x2D2800
11043 (1024) read 0x2D2C00
11044 (1024) read 0x2F2000
11045 (1024) read 0x2F2400
11046 (1024) read 0x2F2800
11047 (1024) read 0x2F2C00
11048 (1024) read 0x312000
11049 (1024) read 0x312400
11050 (1024) read 0x312800
11051 (1024) read 0x312C00
11052 (1024) read 0x332000
11053 (1024) read 0x332400
11054 (1024) read 0x332800
11055 (1024) read 0x332C00
11056 (1024) read 0x2D3000
11057 (1024) read 0x2D3400
11058 (1024) read 0x2D3800
11059 (1024) read 0x2D3C00
11060 (1024) read 0x2F3000
11061 (1024) read 0x2F3400
11062 (1024) read 0x2F3800
11063 (1024) read 0x2F3C00
11064 (1024) read 0x313000
11065 (1024) read 0x313400
11066 (1024) read 0x313800
11067 (1024) read 0x313C00
11068 (1024) read 0x333000
11069 (1024) read 0x333400
11070 (1024) read 0x333800
11071 (1024) read 0x333C00
11072 (1024) read 0x2D4000
11073 (1024) read 0x2D4400
11074 (1024) read 0x2D4800
11075 (1024) read 0x2D4C00
11076 (1024) read 0x2F4000
11077 (1024) read 0x2F4400
11078 (1024) read 0x2F4800
11079 (1024) read 0x2F4C00
11080 (1024) read 0x314000
11081 (1024) read 0x314400
11082 (1024) read 0x314800
11083 (1024) read 0x314C00
11084 (1024) read 0x334000
11085 (1024) read 0x334400
11086 (1024) read 0x334800
11087 (1024) read 0x334C00
11088 (1024) read 0x2D5000
11089 (1024) read 0x2D5400
11090 (1024) read 0x2D5800
11091 (1024) read 0x2D5C00
11092 (1024) read 0x2F5000
11093 (1024) read 0x2F5400
11094 (1024) read 0x2F5800
11095 (1024) read 0x2F5C00
11096 (1024) read 0x315000
11097 (1024) read 0x315400
11098 (1024) read 0x315800
11099 (1024) read 0x315C00
11100 (1024) read 0x335000
11101 (1024) read 0x335400
11102 (1024) read 0x335800
11103 (1024) read 0x335C00
11104 (1024) read 0x2D6000
11105 (1024) read 0x2D6400
11106 (1024) read 0x2D6800
11107 (1024) read 0x2D6C00
11108 (1024) read 0x2F6000
11109 (1024) read 0x2F6400
11110 (1024) read 0x2F6800
11111 (1024) read 0x2F6C00
11112 (1024) read 0x316000
11113 (1024) read 0x316400
11114 (1024) read 0x316800
11115 (1024) read 0x316C00
11116 (1024) read 0x336000
11117 (1024) read 0x336400
11118 (1024) read 0x336800
11119 (1024) read 0x336C00
11120 (1024) read 0x2D7000
11121 (1024) read 0x2D7400
11122 (1024) read 0x2D7800
11123 (1024) read 0x2D7C00
11124 (1024) read 0x2F7000
11125 (1024) read 0x2F7400
11126 (1024) read 0x2F7800
11127 (1024) read 0x2F7C00
11128 (1024) read 0x317000
11129 (1024) read 0x317400
11130 (1024) read 0x317800
11131 (1024) read 0x317C00
11132 (1024) read 0x337000
11133 (1024) read 0x337400
11134 (1024) read 0x337800
11135 (1024) read 0x337C00
11136 (1024) read 0x2D8000
11137 (1024) read 0x2D8400
11138 (1024) read 0x2D8800
11139 (1024) read 0x2D8C00
11140 (1024) read 0x2F8000
11141 (1024) read 0x2F8400
11142 (1024) read 0x2F8800
11143 (1024) read 0x2F8C00
11144 (1024) read 0x318000
11145 (1024) read 0x318400
11146 (1024) read 0x318800
11147 (1024) read 0x318C00
11148 (1024) read 0x338000
11149 (1024) read 0x338400
11150 (1024) read 0x338800
11151 (1024) read 0x338C00
11152 (1024) read 0x2D9000
11153 (1024) read 0x2D9400
11154 (1024) read 0x2D9800
11155 (1024) read 0x2D9C00
11156 (1024) read 0x2F9000
11157 (1024) read 0x2F9400
11158 (1024) read 0x2F9800
11159 (1024) read 0x2F9C00
11160 (1024) read 0x319000
11161 (1024) read 0x319400
11162 (1024) read 0x319800
11163 (1024) read 0x319C00
11164 (1024) read 0x339000
11165 (1024) read 0x339400
11166 (1024) read 0x339800
11167 (1024) read 0x339C00
11168 (1024) read 0x2DA000
11169 (1024) read 0x2DA400
11170 (1024) read 0x2DA800
11171 (1024) read 0x2DAC00
11172 (1024) read 0x2FA000
11173 (1024) read 0x2FA400
11174 (1024) read 0x2FA800
11175 (1024) read 0x2FAC00
11176 (1024) read 0x31A000
11177 (1024) read 0x31A400
11178 (1024) read 0x31A800
11179 (1024) read 0x31AC00
11180 (1024) read 0x33A000
11181 (1024) read 0x33A400
11182 (1024) read 0x33A800
11183 (1024) read 0x33AC00
11184 (1024) read 0x2DB000
11185 (1024) read 0x2DB400
11186 (1024) read 0x2DB800
11187 (1024) read 0x2DBC00
11188 (1024) read 0x2FB000
11189 (1024) read 0x2FB400
11190 (1024) read 0x2FB800
11191 (1024) read 0x2FBC00
11192 (1024) read 0x31B000
11193 (1024) read 0x31B400
11194 (1024) read 0x31B800
11195 (1024) read 0x31BC00
11196 (1024) read 0x33B000
11197 (1024) read 0x33B400
11198 (1024) read 0x33B800
11199 (1024) read 0x33BC00
11200 (1024) read 0x2DC000
11201 (1024) read 0x2DC400
11202 (1024) read 0x2DC800
11203 (1024) read 0x2DCC00
11204 (1024) read 0x2FC000
11205 (1024) read 0x2FC400
11206 (1024) read 0x2FC800
11207 (1024) read 0x2FCC00
11208 (1024) read 0x31C000
11209 (1024) read 0x31C400
11210 (1024) read 0x31C800
11211 (1024) read 0x31CC00
11212 (1024) read 0x33C000
11213 (1024) read 0x33C400
11214 (1024) read 0x33C800
11215 (1024) read 0x33CC00
11216 (1024) read 0x2DD000
11217 (1024) read 0x2DD400
11218 (1024) read 0x2DD800
11219 (1024) read 0x2DDC00
11220 (1024) read 0x2FD000
11221 (1024) read 0x2FD400
11222 (1024) read 0x2FD800
11223 (1024) read 0x2FDC00
11224 (1024) read 0x31D000
11225 (1024) read 0x31D400
11226 (1024) read 0x31D800
11227 (1024) read 0x31DC00
11228 (1024) read 0x33D000
11229 (1024) read 0x33D400
11230 (1024) read 0x33D800
11231 (1024) read 0x33DC00
11232 (1024) read 0x2DE000
11233 (1024) read 0x2DE400
11234 (1024) read 0x2DE800
11235 (1024) read 0x2DEC00
11236 (1024) read 0x2FE000
11237 (1024) read 0x2FE400
11238 (1024) read 0x2FE800
11239 (1024) read 0x2FEC00
11240 (1024) read 0x31E000
11241 (1024) read 0x31E400
11242 (1024) read 0x31E800
11243 (1024) read 0x31EC00
11244 (1024) read 0x33E000
11245 (1024) read 0x33E400
11246 (1024) read 0x33E800
11247 (1024) read 0x33EC00
11248 (1024) read 0x2DF000
11249 (1024) read 0x2DF400
11250 (1024) read 0x2DF800
11251 (1024) read 0x2DFC00
11252 (1024) read 0x2FF000
11253 (1024) read 0x2FF400
11254 (1024) read 0x2FF800
11255 (1024) read 0x2FFC00
11256 (1024) read 0x31F000
11257 (1024) read 0x31F400
11258 (1024) read 0x31F800
11259 (1024) read 0x31FC00
11260 (1024) read 0x33F000
11261 (1024) read 0x33F400
11262 (1024) read 0x33F800
11263 (1024) read 0x33FC00
11264 (1024) read 0x2E0000
11265 (1024) read 0x2E0400
11266 (1024) read 0x2E0800
11267 (1024) read 0x2E0C00
11268 (1024) read 0x300000
11269 (1024) read 0x300400
11270 (1024) read 0x300800
11271 (1024) read 0x300C00
11272 (1024) read 0x320000
11273 (1024) read 0x320400
11274 (1024) read 0x320800
11275 (1024) read 0x320C00
11276 (1024) read 0x340000
11277 (1024) read 0x340400
11278 (1024) read 0x340800
11279 (1024) read 0x340C00
11280 (1024) read 0x2E1000
11281 (1024) read 0x2E1400
11282 (1024) read 0x2E1800
11283 (1024) read 0x2E1C00
11284 (1024) read 0x301000
11285 (1024) read 0x301400
11286 (1024) read 0x301800
11287 (1024) read 0x301C00
11288 (1024) read 0x321000
11289 (1024) read 0x321400
11290 (1024) read 0x321800
11291 (1024) read 0x321C00
11292 (1024) read 0x341000
11293 (1024) read 0x341400
11294 (1024) read 0x341800
11295 (1024) read 0x341C00
11296 (1024) read 0x2E2000
11297 (1024) read 0x2E2400
11298 (1024) read 0x2E2800
11299 (1024) read 0x2E2C00
11300 (1024) read 0x302000
11301 (1024) read 0x302400
11302 (1024) read 0x302800
11303 (1024) read 0x302C00
11304 (1024) read 0x322000
11305 (1024) read 0x322400
11306 (1024) read 0x322800
11307 (1024) read 0x322C00
11308 (1024) read 0x342000
11309 (1024) read 0x342400
11310 (1024) read 0x342800
11311 (1024) read 0x342C00
11312 (1024) read 0x2E3000
11313 (1024) read 0x2E3400
11314 (1024) read 0x2E3800
11315 (1024) read 0x2E3C00
11316 (1024) read 0x303000
11317 (1024) read 0x303400
11318 (1024) read 0x303800
11319 (1024) read 0x303C00
11320 (1024) read 0x323000
11321 (1024) read 0x323400
11322 (1024) read 0x323800
11323 (1024) read 0x323C00
11324 (1024) read 0x343000
11325 (1024) read 0x343400
11326 (1024) read 0x343800
11327 (1024) read 0x343C00
11328 (1024) read 0x2E4000
11329 (1024) read 0x2E4400
11330 (1024) read 0x2E4800
11331 (1024) read 0x2E4C00
11332 (1024) read 0x304000
11333 (1024) read 0x304400
11334 (1024) read 0x304800
11335 (1024) read 0x304C00
11336 (1024) read 0x324000
11337 (1024) read 0x324400
11338 (1024) read 0x324800
11339 (1024) read 0x324C00
11340 (1024) read 0x344000
11341 (1024) read 0x344400
11342 (1024) read 0x344800
11343 (1024) read 0x344C00
11344 (1024) read 0x2E5000
11345 (1024) read 0x2E5400
11346 (1024) read 0x2E5800
11347 (1024) read 0x2E5C00
11348 (1024) read 0x305000
11349 (1024) read 0x305400
11350 (1024) read 0x305800
11351 (1024) read 0x305C00
11352 (1024) read 0x325000
11353 (1024) read 0x325400
11354 (1024) read 0x325800
11355 (1024) read 0x325C00
11356 (1024) read 0x345000
11357 (1024) read 0x345400
11358 (1024) read 0x345800
11359 (1024) read 0x345C00
11360 (1024) read 0x2E6000
11361 (1024) read 0x2E6400
11362 (1024) read 0x2E6800
11363 (1024) read 0x2E6C00
11364 (1024) read 0x306000
11365 (1024) read 0x306400
11366 (1024) read 0x306800
11367 (1024) read 0x306C00
11368 (1024) read 0x326000
11369 (1024) read 0x326400
11370 (1024) read 0x326800
11371 (1024) read 0x326C00
11372 (1024) read 0x346000
11373 (1024) read 0x346400
11374 (1024) read 0x346800
11375 (1024) read 0x346C00
11376 (1024) read 0x2E7000
11377 (1024) read 0x2E7400
11378 (1024) read 0x2E7800
11379 (1024) read 0x2E7C00
11380 (1024) read 0x307000
11381 (1024) read 0x307400
11382 (1024) read 0x307800
11383 (1024) read 0x307C00
11384 (1024) read 0x327000
11385 (1024) read 0x327400
11386 (1024) read 0x327800
11387 (1024) read 0x327C00
11388 (1024) read 0x347000
11389 (1024) read 0x347400
11390 (1024) read 0x347800
11391 (1024) read 0x347C00
11392 (1024) read 0x2E8000
11393 (1024) read 0x2E8400
11394 (1024) read 0x2E8800
11395 (1024) read 0x2E8C00
11396 (1024) read 0x308000
11397 (1024) read 0x308400
11398 (1024) read 0x308800
11399 (1024) read 0x308C00
11400 (1024) read 0x328000
11401 (1024) read 0x328400
11402 (1024) read 0x328800
11403 (1024) read 0x328C00
11404 (1024) read 0x348000
11405 (1024) read 0x348400
11406 (1024) read 0x348800
11407 (1024) read 0x348C00
11408 (1024) read 0x2E9000
11409 (1024) read 0x2E9400
11410 (1024) read 0x2E9800
11411 (1024) read 0x2E9C00
11412 (1024) read 0x309000
11413 (1024) read 0x309400
11414 (1024) read 0x309800
11415 (1024) read 0x309C00
11416 (1024) read 0x329000
11417 (1024) read 0x329400
11418 (1024) read 0x329800
11419 (1024) read 0x329C00
11420 (1024) read 0x349000
11421 (1024) read 0x349400
11422 (1024) read 0x349800
11423 (1024) read 0x349C00
11424 (1024) read 0x2EA000
11425 (1024) read 0x2EA400
11426 (1024) read 0x2EA800
11427 (1024) read 0x2EAC00
11428 (1024) read 0x30A000
11429 (1024) read 0x30A400
11430 (1024) read 0x30A800
11431 (1024) read 0x30AC00
11432 (1024) read 0x32A000
11433 (1024) read 0x32A400
11434 (1024) read 0x32A800
11435 (1024) read 0x32AC00
11436 (1024) read 0x34A000
11437 (1024) read 0x34A400
11438 (1024) read 0x34A800
11439 (1024) read 0x34AC00
11440 (1024) read 0x2EB000
11441 (1024) read 0x2EB400
11442 (1024) read 0x2EB800
11443 (1024) read 0x2EBC00
11444 (1024) read 0x30B000
11445 (1024) read 0x30B400
11446 (1024) read 0x30B800
11447 (1024) read 0x30BC00
11448 (1024) read 0x32B000
11449 (1024) read 0x32B400
11450 (1024) read 0x32B800
11451 (1024) read 0x32BC00
11452 (1024) read 0x34B000
11453 (1024) read 0x34B400
11454 (1024) read 0x34B800
11455 (1024) read 0x34BC00
11456 (1024) read 0x2EC000
11457 (1024) read 0x2EC400
11458 (1024) read 0x2EC800
11459 (1024) read 0x2ECC00
11460 (1024) read 0x30C000
11461 (1024) read 0x30C400
11462 (1024) read 0x30C800
11463 (1024) read 0x30CC00
11464 (1024) read 0x32C000
11465 (1024) read 0x32C400
11466 (1024) read 0x32C800
11467 (1024) read 0x32CC00
11468 (1024) read 0x34C000
11469 (1024) read 0x34C400
11470 (1024) read 0x34C800
11471 (1024) read 0x34CC00
11472 (1024) read 0x2ED000
11473 (1024) read 0x2ED400
11474 (1024) read 0x2ED800
11475 (1024) read 0x2EDC00
11476 (1024) read 0x30D000
11477 (1024) read 0x30D400
11478 (1024) read 0x30D800
11479 (1024) read 0x30DC00
11480 (1024) read 0x32D000
11481 (1024) read 0x32D400
11482 (1024) read 0x32D800
11483 (1024) read 0x32DC00
11484 (1024) read 0x34D000
11485 (1024) read 0x34D400
11486 (1024) read 0x34D800
11487 (1024) read 0x34DC00
11488 (1024) read 0x2EE000
11489 (1024) read 0x2EE400
11490 (1024) read 0x2EE800
11491 (1024) read 0x2EEC00
11492 (1024) read 0x30E000
11493 (1024) read 0x30E400
11494 (1024) read 0x30E800
11495 (1024) read 0x30EC00
11496 (1024) read 0x32E000
11497 (1024) read 0x32E400
11498 (1024) read 0x32E800
11499 (1024) read 0x32EC00
11500 (1024) read 0x34E000
11501 (1024) read 0x34E400
11502 (1024) read 0x34E800
11503 (1024) read 0x34EC00
11504 (1024) read 0x2EF000
11505 (1024) read 0x2EF400
11506 (1024) read 0x2EF800
11507 (1024) read 0x2EFC00
11508 (1024) read 0x30F000
11509 (1024) read 0x30F400
11510 (1024) read 0x30F800
11511 (1024) read 0x30FC00
11512 (1024) read 0x32F000
11513 (1024) read 0x32F400
11514 (1024) read 0x32F800
11515 (1024) read 0x32FC00
11516 (1024) read 0x34F000
11517 (1024) read 0x34F400
11518 (1024) read 0x34F800
11519 (1024) read 0x34FC00
11520 (1024) read 0x2F0000
11521 (1024) read 0x2F0400
11522 (1024) read 0x2F0800
11523 (1024) read 0x2F0C00
11524 (1024) read 0x310000
11525 (1024) read 0x310400
11526 (1024) read 0x310800
11527 (1024) read 0x310C00
11528 (1024) read 0x330000
11529 (1024) read 0x330400
11530 (1024) read 0x330800
11531 (1024) read 0x330C00
11532 (1024) read 0x350000
11533 (1024) read 0x350400
11534 (1024) read 0x350800
11535 (1024) read 0x350C00
11536 (1024) read 0x2F1000
11537 (1024) read 0x2F1400
11538 (1024) read 0x2F1800
11539 (1024) read 0x2F1C00
11540 (1024) read 0x311000
11541 (1024) read 0x311400
11542 (1024) read 0x311800
11543 (1024) read 0x311C00
11544 (1024) read 0x331000
11545 (1024) read 0x331400
11546 (1024) read 0x331800
11547 (1024) read 0x331C00
11548 (1024) read 0x351000
11549 (1024) read 0x351400
11550 (1024) read 0x351800
11551 (1024) read 0x351C00
11552 (1024) read 0x2F2000
11553 (1024) read 0x2F2400
11554 (1024) read 0x2F2800
11555 (1024) read 0x2F2C00
11556 (1024) read 0x312000
11557 (1024) read 0x312400
11558 (1024) read 0x312800
11559 (1024) read 0x312C00
11560 (1024) read 0x332000
11561 (1024) read 0x332400
11562 (1024) read 0x332800
11563 (1024) read 0x332C00
11564 (1024) read 0x352000
11565 (1024) read 0x352400
11566 (1024) read 0x352800
11567 (1024) read 0x352C00
11568 (1024) read 0x2F3000
11569 (1024) read 0x2F3400
11570 (1024) read 0x2F3800
11571 (1024) read 0x2F3C00
11572 (1024) read 0x313000
11573 (1024) read 0x313400
11574 (1024) read 0x313800
11575 (1024) read 0x313C00
11576 (1024) read 0x333000
11577 (1024) read 0x333400
11578 (1024) read 0x333800
11579 (1024) read 0x333C00
11580 (1024) read 0x353000
11581 (1024) read 0x353400
11582 (1024) read 0x353800
11583 (1024) read 0x353C00
11584 (1024) read 0x2F4000
11585 (1024) read 0x2F4400
11586 (1024) read 0x2F4800
11587 (1024) read 0x2F4C00
11588 (1024) read 0x314000
11589 (1024) read 0x314400
11590 (1024) read 0x314800
11591 (1024) read 0x314C00
11592 (1024) read 0x334000
11593 (1024) read 0x334400
11594 (1024) read 0x334800
11595 (1024) read 0x334C00
11596 (1024) read 0x354000
11597 (1024) read 0x354400
11598 (1024) read 0x354800
11599 (1024) read 0x354C00
11600 (1024) read 0x2F5000
11601 (1024) read 0x2F5400
11602 (1024) read 0x2F5800
11603 (1024) read 0x2F5C00
11604 (1024) read 0x315000
11605 (1024) read 0x315400
11606 (1024) read 0x315800
11607 (1024) read 0x315C00
11608 (1024) read 0x335000
11609 (1024) read 0x335400
11610 (1024) read 0x335800
11611 (1024) read 0x335C00
11612 (1024) read 0x355000
11613 (1024) read 0x355400
11614 (1024) read 0x355800
11615 (1024) read 0x355C00
11616 (1024) read 0x2F6000
11617 (1024) read 0x2F6400
11618 (1024) read 0x2F6800
11619 (1024) read 0x2F6C00
11620 (1024) read 0x316000
11621 (1024) read 0x316400
11622 (1024) read 0x316800
11623 (1024) read 0x316C00
11624 (1024) read 0x336000
11625 (1024) read 0x336400
11626 (1024) read 0x336800
11627 (1024) read 0x336C00
11628 (1024) read 0x356000
11629 (1024) read 0x356400
11630 (1024) read 0x356800
11631 (1024) read 0x356C00
11632 (1024) read 0x2F7000
11633 (1024) read 0x2F7400
11634 (1024) read 0x2F7800
11635 (1024) read 0x2F7C00
11636 (1024) read 0x317000
11637 (1024) read 0x317400
11638 (1024) read 0x317800
11639 (1024) read 0x317C00
11640 (1024) read 0x337000
11641 (1024) read 0x337400
11642 (1024) read 0x337800
11643 (1024) read 0x337C00
11644 (1024) read 0x357000
11645 (1024) read 0x357400
11646 (1024) read 0x357800
11647 (1024) read 0x357C00
11648 (1024) read 0x2F8000
11649 (1024) read 0x2F8400
11650 (1024) read 0x2F8800
11651 (1024) read 0x2F8C00
11652 (1024) read 0x318000
11653 (1024) read 0x318400
11654 (1024) read 0x318800
11655 (1024) read 0x318C00
11656 (1024) read 0x338000
11657 (1024) read 0x338400
11658 (1024) read 0x338800
11659 (1024) read 0x338C00
11660 (1024) read 0x358000
11661 (1024) read 0x358400
11662 (1024) read 0x358800
11663 (1024) read 0x358C00
11664 (1024) read 0x2F9000
11665 (1024) read 0x2F9400
11666 (1024) read 0x2F9800
11667 (1024) read 0x2F9C00
11668 (1024) read 0x319000
11669 (1024) read 0x319400
11670 (1024) read 0x319800
11671 (1024) read 0x319C00
11672 (1024) read 0x339000
11673 (1024) read 0x339400
11674 (1024) read 0x339800
11675 (1024) read 0x339C00
11676 (1024) read 0x359000
11677 (1024) read 0x359400
11678 (1024) read 0x359800
11679 (1024) read 0x359C00
11680 (1024) read 0x2FA000
11681 (1024) read 0x2FA400
11682 (1024) read 0x2FA800
11683 (1024) read 0x2FAC00
11684 (1024) read 0x31A000
11685 (1024) read 0x31A400
11686 (1024) read 0x31A800
11687 (1024) read 0x31AC00
11688 (1024) read 0x33A000
11689 (1024) read 0x33A400
11690 (1024) read 0x33A800
11691 (1024) read 0x33AC00
11692 (1024) read 0x35A000
11693 (1024) read 0x35A400
11694 (1024) read 0x35A800
11695 (1024) read 0x35AC00
11696 (1024) read 0x2FB000
11697 (1024) read 0x2FB400
11698 (1024) read 0x2FB800
11699 (1024) read 0x2FBC00
11700 (1024) read 0x31B000
11701 (1024) read 0x31B400
11702 (1024) read 0x31B800
11703 (1024) read 0x31BC00
11704 (1024) read 0x33B000
11705 (1024) read 0x33B400
11706 (1024) read 0x33B800
11707 (1024) read 0x33BC00
11708 (1024) read 0x35B000
11709 (1024) read 0x35B400
11710 (1024) read 0x35B800
11711 (1024) read 0x35BC00
11712 (1024) read 0x2FC000
11713 (1024) read 0x2FC400
11714 (1024) read 0x2FC800
11715 (1024) read 0x2FCC00
11716 (1024) read 0x31C000
11717 (1024) read 0x31C400
11718 (1024) read 0x31C800
11719 (1024) read 0x31CC00
11720 (1024) read 0x33C000
11721 (1024) read 0x33C400
11722 (1024) read 0x33C800
11723 (1024) read 0x33CC00
11724 (1024) read 0x35C000
11725 (1024) read 0x35C400
11726 (1024) read 0x35C800
11727 (1024) read 0x35CC00
11728 (1024) read 0x2FD000
11729 (1024) read 0x2FD400
11730 (1024) read 0x2FD800
11731 (1024) read 0x2FDC00
11732 (1024) read 0x31D000
11733 (1024) read 0x31D400
11734 (1024) read 0x31D800
11735 (1024) read 0x31DC00
11736 (1024) read 0x33D000
11737 (1024) read 0x33D400
11738 (1024) read 0x33D800
11739 (1024) read 0x33DC00
11740 (1024) read 0x35D000
11741 (1024) read 0x35D400
11742 (1024) read 0x35D800
11743 (1024) read 0x35DC00
11744 (1024) read 0x2FE000
11745 (1024) read 0x2FE400
11746 (1024) read 0x2FE800
11747 (1024) read 0x2FEC00
11748 (1024) read 0x31E000
11749 (1024) read 0x31E400
11750 (1024) read 0x31E800
11751 (1024) read 0x31EC00
11752 (1024) read 0x33E000
11753 (1024) read 0x33E400
11754 (1024) read 0x33E800
11755 (1024) read 0x33EC00
11756 (1024) read 0x35E000
11757 (1024) read 0x35E400
11758 (1024) read 0x35E800
11759 (1024) read 0x35EC00
11760 (1024) read 0x2FF000
11761 (1024) read 0x2FF400
11762 (1024) read 0x2FF800
11763 (1024) read 0x2FFC00
11764 (1024) read 0x31F000
11765 (1024) read 0x31F400
11766 (1024) read 0x31F800
11767 (1024) read 0x31FC00
11768 (1024) read 0x33F000
11769 (1024) read 0x33F400
11770 (1024) read 0x33F800
11771 (1024) read 0x33FC00
11772 (1024) read 0x35F000
11773 (1024) read 0x35F400
11774 (1024) read 0x35F800
11775 (1024) read 0x35FC00
11776 (1024) read 0x300000
11777 (1024) read 0x300400
11778 (1024) read 0x300800
11779 (1024) read 0x300C00
11780 (1024) read 0x320000
11781 (1024) read 0x320400
11782 (1024) read 0x320800
11783 (1024) read 0x320C00
11784 (1024) read 0x340000
11785 (1024) read 0x340400
11786 (1024) read 0x340800
11787 (1024) read 0x340C00
11788 (1024) read 0x360000
11789 (1024) read 0x360400
11790 (1024) read 0x360800
11791 (1024) read 0x360C00
11792 (1024) read 0x301000
11793 (1024) read 0x301400
11794 (1024) read 0x301800
11795 (1024) read 0x301C00
11796 (1024) read 0x321000
11797 (1024) read 0x321400
11798 (1024) read 0x321800
11799 (1024) read 0x321C00
11800 (1024) read 0x341000
11801 (1024) read 0x341400
11802 (1024) read 0x341800
11803 (1024) read 0x341C00
11804 (1024) read 0x361000
11805 (1024) read 0x361400
11806 (1024) read 0x361800
11807 (1024) read 0x361C00
11808 (1024) read 0x302000
11809 (1024) read 0x302400
11810 (1024) read 0x302800
11811 (1024) read 0x302C00
11812 (1024) read 0x322000
11813 (1024) read 0x322400
11814 (1024) read 0x322800
11815 (1024) read 0x322C00
11816 (1024) read 0x342000
11817 (1024) read 0x342400
11818 (1024) read 0x342800
11819 (1024) read 0x342C00
11820 (1024) read 0x362000
11821 (1024) read 0x362400
11822 (1024) read 0x362800
11823 (1024) read 0x362C00
11824 (1024) read 0x303000
11825 (1024) read 0x303400
11826 (1024) read 0x303800
11827 (1024) read 0x303C00
11828 (1024) read 0x323000
11829 (1024) read 0x323400
11830 (1024) read 0x323800
11831 (1024) read 0x323C00
11832 (1024) read 0x343000
11833 (1024) read 0x343400
11834 (1024) read 0x343800
11835 (1024) read 0x343C00
11836 (1024) read 0x363000
11837 (1024) read 0x363400
11838 (1024) read 0x363800
11839 (1024) read 0x363C00
11840 (1024) read 0x304000
11841 (1024) read 0x304400
11842 (1024) read 0x304800
11843 (1024) read 0x304C00
11844 (1024) read 0x324000
11845 (1024) read 0x324400
11846 (1024) read 0x324800
11847 (1024) read 0x324C00
11848 (1024) read 0x344000
11849 (1024) read 0x344400
11850 (1024) read 0x344800
11851 (1024) read 0x344C00
11852 (1024) read 0x364000
11853 (1024) read 0x364400
11854 (1024) read 0x364800
11855 (1024) read 0x364C00
11856 (1024) read 0x305000
11857 (1024) read 0x305400
11858 (1024) read 0x305800
11859 (1024) read 0x305C00
11860 (1024) read 0x325000
11861 (1024) read 0x325400
11862 (1024) read 0x325800
11863 (1024) read 0x325C00
11864 (1024) read 0x345000
11865 (1024) read 0x345400
11866 (1024) read 0x345800
11867 (1024) read 0x345C00
11868 (1024) read 0x365000
11869 (1024) read 0x365400
11870 (1024) read 0x365800
11871 (1024) read 0x365C00
11872 (1024) read 0x306000
11873 (1024) read 0x306400
11874 (1024) read 0x306800
11875 (1024) read 0x306C00
11876 (1024) read 0x326000
11877 (1024) read 0x326400
11878 (1024) read 0x326800
11879 (1024) read 0x326C00
11880 (1024) read 0x346000
11881 (1024) read 0x346400
11882 (1024) read 0x346800
11883 (1024) read 0x346C00
11884 (1024) read 0x366000
11885 (1024) read 0x366400
11886 (1024) read 0x366800
11887 (1024) read 0x366C00
11888 (1024) read 0x307000
11889 (1024) read 0x307400
11890 (1024) read 0x307800
11891 (1024) read 0x307C00
11892 (1024) read 0x327000
11893 (1024) read 0x327400
11894 (1024) read 0x327800
11895 (1024) read 0x327C00
11896 (1024) read 0x347000
11897 (1024) read 0x347400
11898 (1024) read 0x347800
11899 (1024) read 0x347C00
11900 (1024) read 0x367000
11901 (1024) read 0x367400
11902 (1024) read 0x367800
11903 (1024) read 0x367C00
11904 (1024) read 0x308000
11905 (1024) read 0x308400
11906 (1024) read 0x308800
11907 (1024) read 0x308C00
11908 (1024) read 0x328000
11909 (1024) read 0x328400
11910 (1024) read 0x328800
11911 (1024) read 0x328C00
11912 (1024) read 0x348000
11913 (1024) read 0x348400
11914 (1024) read 0x348800
11915 (1024) read 0x348C00
11916 (1024) read 0x368000
11917 (1024) read 0x368400
11918 (1024) read 0x368800
11919 (1024) read 0x368C00
11920 (1024) read 0x309000
11921 (1024) read 0x309400
11922 (1024) read 0x309800
11923 (1024) read 0x309C00
11924 (1024) read 0x329000
11925 (1024) read 0x329400
11926 (1024) read 0x329800
11927 (1024) read 0x329C00
11928 (1024) read 0x349000
11929 (1024) read 0x349400
11930 (1024) read 0x349800
11931 (1024) read 0x349C00
11932 (1024) read 0x369000
11933 (1024) read 0x369400
11934 (1024) read 0x369800
11935 (1024) read 0x369C00
11936 (1024) read 0x30A000
11937 (1024) read 0x30A400
11938 (1024) read 0x30A800
11939 (1024) read 0x30AC00
11940 (1024) read 0x32A000
11941 (1024) read 0x32A400
11942 (1024) read 0x32A800
11943 (1024) read 0x32AC00
11944 (1024) read 0x34A000
11945 (1024) read 0x34A400
11946 (1024) read 0x34A800
11947 (1024) read 0x34AC00
11948 (1024) read 0x36A000
11949 (1024) read 0x36A400
11950 (1024) read 0x36A800
11951 (1024) read 0x36AC00
11952 (1024) read 0x30B000
11953 (1024) read 0x30B400
11954 (1024) read 0x30B800
11955 (1024) read 0x30BC00
11956 (1024) read 0x32B000
11957 (1024) read 0x32B400
11958 (1024) read 0x32B800
11959 (1024) read 0x32BC00
11960 (1024) read 0x34B000
11961 (1024) read 0x34B400
11962 (1024) read 0x34B800
11963 (1024) read 0x34BC00
11964 (1024) read 0x36B000
11965 (1024) read 0x36B400
11966 (1024) read 0x36B800
11967 (1024) read 0x36BC00
11968 (1024) read 0x30C000
11969 (1024) read 0x30C400
11970 (1024) read 0x30C800
11971 (1024) read 0x30CC00
11972 (1024) read 0x32C000
11973 (1024) read 0x32C400
11974 (1024) read 0x32C800
11975 (1024) read 0x32CC00
11976 (1024) read 0x34C000
11977 (1024) read 0x34C400
11978 (1024) read 0x34C800
11979 (1024) read 0x34CC00
11980 (1024) read 0x36C000
11981 (1024) read 0x36C400
11982 (1024) read 0x36C800
11983 (1024) read 0x36CC00
11984 (1024) read 0x30D000
11985 (1024) read 0x30D400
11986 (1024) read 0x30D800
11987 (1024) read 0x30DC00
11988 (1024) read 0x32D000
11989 (1024) read 0x32D400
11990 (1024) read 0x32D800
11991 (1024) read 0x32DC00
11992 (1024) read 0x34D000
11993 (1024) read 0x34D400
11994 (1024) read 0x34D800
11995 (1024) read 0x34DC00
11996 (1024) read 0x36D000
11997 (1024) read 0x36D400
11998 (1024) read 0x36D800
11999 (1024) read 0x36DC00
12000 (1024) read 0x30E000
12001 (1024) read 0x30E400
12002 (1024) read 0x30E800
12003 (1024) read 0x30EC00
12004 (1024) read 0x32E000
12005 (1024) read 0x32E400
12006 (1024) read 0x32E800
12007 (1024) read 0x32EC00
12008 (1024) read 0x34E000
12009 (1024) read 0x34E400
12010 (1024) read 0x34E800
12011 (1024) read 0x34EC00
12012 (1024) read 0x36E000
12013 (1024) read 0x36E400
12014 (1024) read 0x36E800
12015 (1024) read 0x36EC00
12016 (1024) read 0x30F000
12017 (1024) read 0x30F400
12018 (1024) read 0x30F800
12019 (1024) read 0x30FC00
12020 (1024) read 0x32F000
12021 (1024) read 0x32F400
12022 (1024) read 0x32F800
12023 (1024) read 0x32FC00
12024 (1024) read 0x34F000
12025 (1024) read 0x34F400
12026 (1024) read 0x34F800
12027 (1024) read 0x34FC00
12028 (1024) read 0x36F000
12029 (1024) read 0x36F400
12030 (1024) read 0x36F800
12031 (1024) read 0x36FC00
12032 (1024) read 0x310000
12033 (1024) read 0x310400
12034 (1024) read 0x310800
12035 (1024) read 0x310C00
12036 (1024) read 0x330000
12037 (1024) read 0x330400
12038 (1024) read 0x330800
12039 (1024) read 0x330C00
12040 (1024) read 0x350000
12041 (1024) read 0x350400
12042 (1024) read 0x350800
12043 (1024) read 0x350C00
12044 (1024) read 0x370000
12045 (1024) read 0x370400
12046 (1024) read 0x370800
12047 (1024) read 0x370C00
12048 (1024) read 0x311000
12049 (1024) read 0x311400
12050 (1024) read 0x311800
12051 (1024) read 0x311C00
12052 (1024) read 0x331000
12053 (1024) read 0x331400
12054 (1024) read 0x331800
12055 (1024) read 0x331C00
12056 (1024) read 0x351000
12057 (1024) read 0x351400
12058 (1024) read 0x351800
12059 (1024) read 0x351C00
12060 (1024) read 0x371000
12061 (1024) read 0x371400
12062 (1024) read 0x371800
12063 (1024) read 0x371C00
12064 (1024) read 0x312000
12065 (1024) read 0x312400
12066 (1024) read 0x312800
12067 (1024) read 0x312C00
12068 (1024) read 0x332000
12069 (1024) read 0x332400
12070 (1024) read 0x332800
12071 (1024) read 0x332C00
12072 (1024) read 0x352000
12073 (1024) read 0x352400
12074 (1024) read 0x352800
12075 (1024) read 0x352C00
12076 (1024) read 0x372000
12077 (1024) read 0x372400
12078 (1024) read 0x372800
12079 (1024) read 0x372C00
12080 (1024) read 0x313000
12081 (1024) read 0x313400
12082 (1024) read 0x313800
12083 (1024) read 0x313C00
12084 (1024) read 0x333000
12085 (1024) read 0x333400
12086 (1024) read 0x333800
12087 (1024) read 0x333C00
12088 (1024) read 0x353000
12089 (1024) read 0x353400
12090 (1024) read 0x353800
12091 (1024) read 0x353C00
12092 (1024) read 0x373000
12093 (1024) read 0x373400
12094 (1024) read 0x373800
12095 (1024) read 0x373C00
12096 (1024) read 0x314000
12097 (1024) read 0x314400
12098 (1024) read 0x314800
12099 (1024) read 0x314C00
12100 (1024) read 0x334000
12101 (1024) read 0x334400
12102 (1024) read 0x334800
12103 (1024) read 0x334C00
12104 (1024) read 0x354000
12105 (1024) read 0x354400
12106 (1024) read 0x354800
12107 (1024) read 0x354C00
12108 (1024) read 0x374000
12109 (1024) read 0x374400
12110 (1024) read 0x374800
12111 (1024) read 0x374C00
12112 (1024) read 0x315000
12113 (1024) read 0x315400
12114 (1024) read 0x315800
12115 (1024) read 0x315C00
12116 (1024) read 0x335000
12117 (1024) read 0x335400
12118 (1024) read 0x335800
12119 (1024) read 0x335C00
12120 (1024) read 0x355000
12121 (1024) read 0x355400
12122 (1024) read 0x355800
12123 (1024) read 0x355C00
12124 (1024) read 0x375000
12125 (1024) read 0x375400
12126 (1024) read 0x375800
12127 (1024) read 0x375C00
12128 (1024) read 0x316000
12129 (1024) read 0x316400
12130 (1024) read 0x316800
12131 (1024) read 0x316C00
12132 (1024) read 0x336000
12133 (1024) read 0x336400
12134 (1024) read 0x336800
12135 (1024) read 0x336C00
12136 (1024) read 0x356000
12137 (1024) read 0x356400
12138 (1024) read 0x356800
12139 (1024) read 0x356C00
12140 (1024) read 0x376000
12141 (1024) read 0x376400
12142 (1024) read 0x376800
12143 (1024) read 0x376C00
12144 (1024) read 0x317000
12145 (1024) read 0x317400
12146 (1024) read 0x317800
12147 (1024) read 0x317C00
12148 (1024) read 0x337000
12149 (1024) read 0x337400
12150 (1024) read 0x337800
12151 (1024) read 0x337C00
12152 (1024) read 0x357000
12153 (1024) read 0x357400
12154 (1024) read 0x357800
12155 (1024) read 0x357C00
12156 (1024) read 0x377000
12157 (1024) read 0x377400
12158 (1024) read 0x377800
12159 (1024) read 0x377C00
12160 (1024) read 0x318000
12161 (1024) read 0x318400
12162 (1024) read 0x318800
12163 (1024) read 0x318C00
12164 (1024) read 0x338000
12165 (1024) read 0x338400
12166 (1024) read 0x338800
12167 (1024) read 0x338C00
12168 (1024) read 0x358000
12169 (1024) read 0x358400
12170 (1024) read 0x358800
12171 (1024) read 0x358C00
12172 (1024) read 0x378000
12173 (1024) read 0x378400
12174 (1024) read 0x378800
12175 (1024) read 0x378C00
12176 (1024) read 0x319000
12177 (1024) read 0x319400
12178 (1024) read 0x319800
12179 (1024) read 0x319C00
12180 (1024) read 0x339000
12181 (1024) read 0x339400
12182 (1024) read 0x339800
12183 (1024) read 0x339C00
12184 (1024) read 0x359000
12185 (1024) read 0x359400
12186 (1024) read 0x359800
12187 (1024) read 0x359C00
12188 (1024) read 0x379000
12189 (1024) read 0x379400
12190 (1024) read 0x379800
12191 (1024) read 0x379C00
12192 (1024) read 0x31A000
12193 (1024) read 0x31A400
12194 (1024) read 0x31A800
12195 (1024) read 0x31AC00
12196 (1024) read 0x33A000
12197 (1024) read 0x33A400
12198 (1024) read 0x33A800
12199 (1024) read 0x33AC00
12200 (1024) read 0x35A000
12201 (1024) read 0x35A400
12202 (1024) read 0x35A800
12203 (1024) read 0x35AC00
12204 (1024) read 0x37A000
12205 (1024) read 0x37A400
12206 (1024) read 0x37A800
12207 (1024) read 0x37AC00
12208 (1024) read 0x31B000
12209 (1024) read 0x31B400
12210 (1024) read 0x31B800
12211 (1024) read 0x31BC00
12212 (1024) read 0x33B000
12213 (1024) read 0x33B400
12214 (1024) read 0x33B800
12215 (1024) read 0x33BC00
12216 (1024) read 0x35B000
12217 (1024) read 0x35B400
12218 (1024) read 0x35B800
12219 (1024) read 0x35BC00
12220 (1024) read 0x37B000
12221 (1024) read 0x37B400
12222 (1024) read 0x37B800
12223 (1024) read 0x37BC00
12224 (1024) read 0x31C000
12225 (1024) read 0x31C400
12226 (1024) read 0x31C800
12227 (1024) read 0x31CC00
12228 (1024) read 0x33C000
12229 (1024) read 0x33C400
12230 (1024) read 0x33C800
12231 (1024) read 0x33CC00
12232 (1024) read 0x35C000
12233 (1024) read 0x35C400
12234 (1024) read 0x35C800
12235 (1024) read 0x35CC00
12236 (1024) read 0x37C000
12237 (1024) read 0x37C400
12238 (1024) read 0x37C800
12239 (1024) read 0x37CC00
12240 (1024) read 0x31D000
12241 (1024) read 0x31D400
12242 (1024) read 0x31D800
12243 (1024) read 0x31DC00
12244 (1024) read 0x33D000
12245 (1024) read 0x33D400
12246 (1024) read 0x33D800
12247 (1024) read 0x33DC00
12248 (1024) read 0x35D000
12249 (1024) read 0x35D400
12250 (1024) read 0x35D800
12251 (1024) read 0x35DC00
12252 (1024) read 0x37D000
12253 (1024) read 0x37D400
12254 (1024) read 0x37D800
12255 (1024) read 0x37DC00
12256 (1024) read 0x31E000
12257 (1024) read 0x31E400
12258 (1024) read 0x31E800
12259 (1024) read 0x31EC00
12260 (1024) read 0x33E000
12261 (1024) read 0x33E400
12262 (1024) read 0x33E800
12263 (1024) read 0x33EC00
12264 (1024) read 0x35E000
12265 (1024) read 0x35E400
12266 (1024) read 0x35E800
12267 (1024) read 0x35EC00
12268 (1024) read 0x37E000
12269 (1024) read 0x37E400
12270 (1024) read 0x37E800
12271 (1024) read 0x37EC00
12272 (1024) read 0x31F000
12273 (1024) read 0x31F400
12274 (1024) read 0x31F800
12275 (1024) read 0x31FC00
12276 (1024) read 0x33F000
12277 (1024) read 0x33F400
12278 (1024) read 0x33F800
12279 (1024) read 0x33FC00
12280 (1024) read 0x35F000
12281 (1024) read 0x35F400
12282 (1024) read 0x35F800
12283 (1024) read 0x35FC00
12284 (1024) read 0x37F000
12285 (1024) read 0x37F400
12286 (1024) read 0x37F800
12287 (1024) read 0x37FC00
12288 (1024) read 0x320000
12289 (1024) read 0x320400
12290 (1024) read 0x320800
12291 (1024) read 0x320C00
12292 (1024) read 0x340000
12293 (1024) read 0x340400
12294 (1024) read 0x340800
12295 (1024) read 0x340C00
12296 (1024) read 0x360000
12297 (1024) read 0x360400
12298 (1024) read 0x360800
12299 (1024) read 0x360C00
12300 (1024) read 0x380000
12301 (1024) read 0x380400
12302 (1024) read 0x380800
12303 (1024) read 0x380C00
12304 (1024) read 0x321000
12305 (1024) read 0x321400
12306 (1024) read 0x321800
12307 (1024) read 0x321C00
12308 (1024) read 0x341000
12309 (1024) read 0x341400
12310 (1024) read 0x341800
12311 (1024) read 0x341C00
12312 (1024) read 0x361000
12313 (1024) read 0x361400
12314 (1024) read 0x361800
12315 (1024) read 0x361C00
12316 (1024) read 0x381000
12317 (1024) read 0x381400
12318 (1024) read 0x381800
12319 (1024) read 0x381C00
12320 (1024) read 0x322000
12321 (1024) read 0x322400
12322 (1024) read 0x322800
12323 (1024) read 0x322C00
12324 (1024) read 0x342000
12325 (1024) read 0x342400
12326 (1024) read 0x342800
12327 (1024) read 0x342C00
12328 (1024) read 0x362000
12329 (1024) read 0x362400
12330 (1024) read 0x362800
12331 (1024) read 0x362C00
12332 (1024) read 0x382000
12333 (1024) read 0x382400
12334 (1024) read 0x382800
12335 (1024) read 0x382C00
12336 (1024) read 0x323000
12337 (1024) read 0x323400
12338 (1024) read 0x323800
12339 (1024) read 0x323C00
12340 (1024) read 0x343000
12341 (1024) read 0x343400
12342 (1024) read 0x343800
12343 (1024) read 0x343C00
12344 (1024) read 0x363000
12345 (1024) read 0x363400
12346 (1024) read 0x363800
12347 (1024) read 0x363C00
12348 (1024) read 0x383000
12349 (1024) read 0x383400
12350 (1024) read 0x383800
12351 (1024) read 0x383C00
12352 (1024) read 0x324000
12353 (1024) read 0x324400
12354 (1024) read 0x324800
12355 (1024) read 0x324C00
12356 (1024) read 0x344000
12357 (1024) read 0x344400
12358 (1024) read 0x344800
12359 (1024) read 0x344C00
12360 (1024) read 0x364000
12361 (1024) read 0x364400
12362 (1024) read 0x364800
12363 (1024) read 0x364C00
12364 (1024) read 0x384000
12365 (1024) read 0x384400
12366 (1024) read 0x384800
12367 (1024) read 0x384C00
12368 (1024) read 0x325000
12369 (1024) read 0x325400
12370 (1024) read 0x325800
12371 (1024) read 0x325C00
12372 (1024) read 0x345000
12373 (1024) read 0x345400
12374 (1024) read 0x345800
12375 (1024) read 0x345C00
12376 (1024) read 0x365000
12377 (1024) read 0x365400
12378 (1024) read 0x365800
12379 (1024) read 0x365C00
12380 (1024) read 0x385000
12381 (1024) read 0x385400
12382 (1024) read 0x385800
12383 (1024) read 0x385C00
12384 (1024) read 0x326000
12385 (1024) read 0x326400
12386 (1024) read 0x326800
12387 (1024) read 0x326C00
12388 (1024) read 0x346000
12389 (1024) read 0x346400
12390 (1024) read 0x346800
12391 (1024) read 0x346C00
12392 (1024) read 0x366000
12393 (1024) read 0x366400
12394 (1024) read 0x366800
12395 (1024) read 0x366C00
12396 (1024) read 0x386000
12397 (1024) read 0x386400
12398 (1024) read 0x386800
12399 (1024) read 0x386C00
12400 (1024) read 0x327000
12401 (1024) read 0x327400
12402 (1024) read 0x327800
12403 (1024) read 0x327C00
12404 (1024) read 0x347000
12405 (1024) read 0x347400
12406 (1024) read 0x347800
12407 (1024) read 0x347C00
12408 (1024) read 0x367000
12409 (1024) read 0x367400
12410 (1024) read 0x367800
12411 (1024) read 0x367C00
12412 (1024) read 0x387000
12413 (1024) read 0x387400
12414 (1024) read 0x387800
12415 (1024) read 0x387C00
12416 (1024) read 0x328000
12417 (1024) read 0x328400
12418 (1024) read 0x328800
12419 (1024) read 0x328C00
12420 (1024) read 0x348000
12421 (1024) read 0x348400
12422 (1024) read 0x348800
12423 (1024) read 0x348C00
12424 (1024) read 0x368000
12425 (1024) read 0x368400
12426 (1024) read 0x368800
12427 (1024) read 0x368C00
12428 (1024) read 0x388000
12429 (1024) read 0x388400
12430 (1024) read 0x388800
12431 (1024) read 0x388C00
12432 (1024) read 0x329000
12433 (1024) read 0x329400
12434 (1024) read 0x329800
12435 (1024) read 0x329C00
12436 (1024) read 0x349000
12437 (1024) read 0x349400
12438 (1024) read 0x349800
12439 (1024) read 0x349C00
12440 (1024) read 0x369000
12441 (1024) read 0x369400
12442 (1024) read 0x369800
12443 (1024) read 0x369C00
12444 (1024) read 0x389000
12445 (1024) read 0x389400
12446 (1024) read 0x389800
12447 (1024) read 0x389C00
12448 (1024) read 0x32A000
12449 (1024) read 0x32A400
12450 (1024) read 0x32A800
12451 (1024) read 0x32AC00
12452 (1024) read 0x34A000
12453 (1024) read 0x34A400
12454 (1024) read 0x34A800
12455 (1024) read 0x34AC00
12456 (1024) read 0x36A000
12457 (1024) read 0x36A400
12458 (1024) read 0x36A800
12459 (1024) read 0x36AC00
12460 (1024) read 0x38A000
12461 (1024) read 0x38A400
12462 (1024) read 0x38A800
12463 (1024) read 0x38AC00
12464 (1024) read 0x32B000
12465 (1024) read 0x32B400
12466 (1024) read 0x32B800
12467 (1024) read 0x32BC00
12468 (1024) read 0x34B000
12469 (1024) read 0x34B400
12470 (1024) read 0x34B800
12471 (1024) read 0x34BC00
12472 (1024) read 0x36B000
12473 (1024) read 0x36B400
12474 (1024) read 0x36B800
12475 (1024) read 0x36BC00
12476 (1024) read 0x38B000
12477 (1024) read 0x38B400
12478 (1024) read 0x38B800
12479 (1024) read 0x38BC00
12480 (1024) read 0x32C000
12481 (1024) read 0x32C400
12482 (1024) read 0x32C800
12483 (1024) read 0x32CC00
12484 (1024) read 0x34C000
12485 (1024) read 0x34C400
12486 (1024) read 0x34C800
12487 (1024) read 0x34CC00
12488 (1024) read 0x36C000
12489 (1024) read 0x36C400
12490 (1024) read 0x36C800
12491 (1024) read 0x36CC00
12492 (1024) read 0x38C000
12493 (1024) read 0x38C400
12494 (1024) read 0x38C800
12495 (1024) read 0x38CC00
12496 (1024) read 0x32D000
12497 (1024) read 0x32D400
12498 (1024) read 0x32D800
12499 (1024) read 0x32DC00
12500 (1024) read 0x34D000
12501 (1024) read 0x34D400
12502 (1024) read 0x34D800
12503 (1024) read 0x34DC00
12504 (1024) read 0x36D000
12505 (1024) read 0x36D400
12506 (1024) read 0x36D800
12507 (1024) read 0x36DC00
12508 (1024) read 0x38D000
12509 (1024) read 0x38D400
12510 (1024) read 0x38D800
12511 (1024) read 0x38DC00
12512 (1024) read 0x32E000
12513 (1024) read 0x32E400
12514 (1024) read 0x32E800
12515 (1024) read 0x32EC00
12516 (1024) read 0x34E000
12517 (1024) read 0x34E400
12518 (1024) read 0x34E800
12519 (1024) read 0x34EC00
12520 (1024) read 0x36E000
12521 (1024) read 0x36E400
12522 (1024) read 0x36E800
12523 (1024) read 0x36EC00
12524 (1024) read 0x38E000
12525 (1024) read 0x38E400
12526 (1024) read 0x38E800
12527 (1024) read 0x38EC00
12528 (1024) read 0x32F000
12529 (1024) read 0x32F400
12530 (1024) read 0x32F800
12531 (1024) read 0x32FC00
12532 (1024) read 0x34F000
12533 (1024) read 0x34F400
12534 (1024) read 0x34F800
12535 (1024) read 0x34FC00
12536 (1024) read 0x36F000
12537 (1024) read 0x36F400
12538 (1024) read 0x36F800
12539 (1024) read 0x36FC00
12540 (1024) read 0x38F000
12541 (1024) read 0x38F400
12542 (1024) read 0x38F800
12543 (1024) read 0x38FC00
12544 (1024) read 0x330000
12545 (1024) read 0x330400
12546 (1024) read 0x330800
12547 (1024) read 0x330C00
12548 (1024) read 0x350000
12549 (1024) read 0x350400
12550 (1024) read 0x350800
12551 (1024) read 0x350C00
12552 (1024) read 0x370000
12553 (1024) read 0x370400
12554 (1024) read 0x370800
12555 (1024) read 0x370C00
12556 (1024) read 0x390000
12557 (1024) read 0x390400
12558 (1024) read 0x390800
12559 (1024) read 0x390C00
12560 (1024) read 0x331000
12561 (1024) read 0x331400
12562 (1024) read 0x331800
12563 (1024) read 0x331C00
12564 (1024) read 0x351000
12565 (1024) read 0x351400
12566 (1024) read 0x351800
12567 (1024) read 0x351C00
12568 (1024) read 0x371000
12569 (1024) read 0x371400
12570 (1024) read 0x371800
12571 (1024) read 0x371C00
12572 (1024) read 0x391000
12573 (1024) read 0x391400
12574 (1024) read 0x391800
12575 (1024) read 0x391C00
12576 (1024) read 0x332000
12577 (1024) read 0x332400
12578 (1024) read 0x332800
12579 (1024) read 0x332C00
12580 (1024) read 0x352000
12581 (1024) read 0x352400
12582 (1024) read 0x352800
12583 (1024) read 0x352C00
12584 (1024) read 0x372000
12585 (1024) read 0x372400
12586 (1024) read 0x372800
12587 (1024) read 0x372C00
12588 (1024) read 0x392000
12589 (1024) read 0x392400
12590 (1024) read 0x392800
12591 (1024) read 0x392C00
12592 (1024) read 0x333000
12593 (1024) read 0x333400
12594 (1024) read 0x333800
12595 (1024) read 0x333C00
12596 (1024) read 0x353000
12597 (1024) read 0x353400
12598 (1024) read 0x353800
12599 (1024) read 0x353C00
12600 (1024) read 0x373000
12601 (1024) read 0x373400
12602 (1024) read 0x373800
12603 (1024) read 0x373C00
12604 (1024) read 0x393000
12605 (1024) read 0x393400
12606 (1024) read 0x393800
12607 (1024) read 0x393C00
12608 (1024) read 0x334000
12609 (1024) read 0x334400
12610 (1024) read 0x334800
12611 (1024) read 0x334C00
12612 (1024) read 0x354000
12613 (1024) read 0x354400
12614 (1024) read 0x354800
12615 (1024) read 0x354C00
12616 (1024) read 0x374000
12617 (1024) read 0x374400
12618 (1024) read 0x374800
12619 (1024) read 0x374C00
12620 (1024) read 0x394000
12621 (1024) read 0x394400
12622 (1024) read 0x394800
12623 (1024) read 0x394C00
12624 (1024) read 0x335000
12625 (1024) read 0x335400
12626 (1024) read 0x335800
12627 (1024) read 0x335C00
12628 (1024) read 0x355000
12629 (1024) read 0x355400
12630 (1024) read 0x355800
12631 (1024) read 0x355C00
12632 (1024) read 0x375000
12633 (1024) read 0x375400
12634 (1024) read 0x375800
12635 (1024) read 0x375C00
12636 (1024) read 0x395000
12637 (1024) read 0x395400
12638 (1024) read 0x395800
12639 (1024) read 0x395C00
12640 (1024) read 0x336000
12641 (1024) read 0x336400
12642 (1024) read 0x336800
12643 (1024) read 0x336C00
12644 (1024) read 0x356000
12645 (1024) read 0x356400
12646 (1024) read 0x356800
12647 (1024) read 0x356C00
12648 (1024) read 0x376000
12649 (1024) read 0x376400
12650 (1024) read 0x376800
12651 (1024) read 0x376C00
12652 (1024) read 0x396000
12653 (1024) read 0x396400
12654 (1024) read 0x396800
12655 (1024) read 0x396C00
12656 (1024) read 0x337000
12657 (1024) read 0x337400
12658 (1024) read 0x337800
12659 (1024) read 0x337C00
12660 (1024) read 0x357000
12661 (1024) read 0x357400
12662 (1024) read 0x357800
12663 (1024) read 0x357C00
12664 (1024) read 0x377000
12665 (1024) read 0x377400
12666 (1024) read 0x377800
12667 (1024) read 0x377C00
12668 (1024) read 0x397000
12669 (1024) read 0x397400
12670 (1024) read 0x397800
12671 (1024) read 0x397C00
12672 (1024) read 0x338000
12673 (1024) read 0x338400
12674 (1024) read 0x338800
12675 (1024) read 0x338C00
12676 (1024) read 0x358000
12677 (1024) read 0x358400
12678 (1024) read 0x358800
12679 (1024) read 0x358C00
12680 (1024) read 0x378000
12681 (1024) read 0x378400
12682 (1024) read 0x378800
12683 (1024) read 0x378C00
12684 (1024) read 0x398000
12685 (1024) read 0x398400
12686 (1024) read 0x398800
12687 (1024) read 0x398C00
12688 (1024) read 0x339000
12689 (1024) read 0x339400
12690 (1024) read 0x339800
12691 (1024) read 0x339C00
12692 (1024) read 0x359000
12693 (1024) read 0x359400
12694 (1024) read 0x359800
12695 (1024) read 0x359C00
12696 (1024) read 0x379000
12697 (1024) read 0x379400
12698 (1024) read 0x379800
12699 (1024) read 0x379C00
12700 (1024) read 0x399000
12701 (1024) read 0x399400
12702 (1024) read 0x399800
12703 (1024) read 0x399C00
12704 (1024) read 0x33A000
12705 (1024) read 0x33A400
12706 (1024) read 0x33A800
12707 (1024) read 0x33AC00
12708 (1024) read 0x35A000
12709 (1024) read 0x35A400
12710 (1024) read 0x35A800
12711 (1024) read 0x35AC00
12712 (1024) read 0x37A000
12713 (1024) read 0x37A400
12714 (1024) read 0x37A800
12715 (1024) read 0x37AC00
12716 (1024) read 0x39A000
12717 (1024) read 0x39A400
12718 (1024) read 0x39A800
12719 (1024) read 0x39AC00
12720 (1024) read 0x33B000
12721 (1024) read 0x33B400
12722 (1024) read 0x33B800
12723 (1024) read 0x33BC00
12724 (1024) read 0x35B000
12725 (1024) read 0x35B400
12726 (1024) read 0x35B800
12727 (1024) read 0x35BC00
12728 (1024) read 0x37B000
12729 (1024) read 0x37B400
12730 (1024) read 0x37B800
12731 (1024) read 0x37BC00
12732 (1024) read 0x39B000
12733 (1024) read 0x39B400
12734 (1024) read 0x39B800
12735 (1024) read 0x39BC00
12736 (1024) read 0x33C000
12737 (1024) read 0x33C400
12738 (1024) read 0x33C800
12739 (1024) read 0x33CC00
12740 (1024) read 0x35C000
12741 (1024) read 0x35C400
12742 (1024) read 0x35C800
12743 (1024) read 0x35CC00
12744 (1024) read 0x37C000
12745 (1024) read 0x37C400
12746 (1024) read 0x37C800
12747 (1024) read 0x37CC00
12748 (1024) read 0x39C000
12749 (1024) read 0x39C400
12750 (1024) read 0x39C800
12751 (1024) read 0x39CC00
12752 (1024) read 0x33D000
12753 (1024) read 0x33D400
12754 (1024) read 0x33D800
12755 (1024) read 0x33DC00
12756 (1024) read 0x35D000
12757 (1024) read 0x35D400
12758 (1024) read 0x35D800
12759 (1024) read 0x35DC00
12760 (1024) read 0x37D000
12761 (1024) read 0x37D400
12762 (1024) read 0x37D800
12763 (1024) read 0x37DC00
12764 (1024) read 0x39D000
12765 (1024) read 0x39D400
12766 (1024) read 0x39D800
12767 (1024) read 0x39DC00
12768 (1024) read 0x33E000
12769 (1024) read 0x33E400
12770 (1024) read 0x33E800
12771 (1024) read 0x33EC00
12772 (1024) read 0x35E000
12773 (1024) read 0x35E400
12774 (1024) read 0x35E800
12775 (1024) read 0x35EC00
12776 (1024) read 0x37E000
12777 (1024) read 0x37E400
12778 (1024) read 0x37E800
12779 (1024) read 0x37EC00
12780 (1024) read 0x39E000
12781 (1024) read 0x39E400
12782 (1024) read 0x39E800
12783 (1024) read 0x39EC00
12784 (1024) read 0x33F000
12785 (1024) read 0x33F400
12786 (1024) read 0x33F800
12787 (1024) read 0x33FC00
12788 (1024) read 0x35F000
12789 (1024) read 0x35F400
12790 (1024) read 0x35F800
12791 (1024) read 0x35FC00
12792 (1024) read 0x37F000
12793 (1024) read 0x37F400
12794 (1024) read 0x37F800
12795 (1024) read 0x37FC00
12796 (1024) read 0x39F000
12797 (1024) read 0x39F400
12798 (1024) read 0x39F800
12799 (1024) read 0x39FC00
12800 (1024) read 0x340000
12801 (1024) read 0x340400
12802 (1024) read 0x340800
12803 (1024) read 0x340C00
12804 (1024) read 0x360000
12805 (1024) read 0x360400
12806 (1024) read 0x360800
12807 (1024) read 0x360C00
12808 (1024) read 0x380000
12809 (1024) read 0x380400
12810 (1024) read 0x380800
12811 (1024) read 0x380C00
12812 (1024) read 0x3A0000
12813 (1024) read 0x3A0400
12814 (1024) read 0x3A0800
12815 (1024) read 0x3A0C00
12816 (1024) read 0x341000
12817 (1024) read 0x341400
12818 (1024) read 0x341800
12819 (1024) read 0x341C00
12820 (1024) read 0x361000
12821 (1024) read 0x361400
12822 (1024) read 0x361800
12823 (1024) read 0x361C00
12824 (1024) read 0x381000
12825 (1024) read 0x381400
12826 (1024) read 0x381800
12827 (1024) read 0x381C00
12828 (1024) read 0x3A1000
12829 (1024) read 0x3A1400
12830 (1024) read 0x3A1800
12831 (1024) read 0x3A1C00
12832 (1024) read 0x342000
12833 (1024) read 0x342400
12834 (1024) read 0x342800
12835 (1024) read 0x342C00
12836 (1024) read 0x362000
12837 (1024) read 0x362400
12838 (1024) read 0x362800
12839 (1024) read 0x362C00
12840 (1024) read 0x382000
12841 (1024) read 0x382400
12842 (1024) read 0x382800
12843 (1024) read 0x382C00
12844 (1024) read 0x3A2000
12845 (1024) read 0x3A2400
12846 (1024) read 0x3A2800
12847 (1024) read 0x3A2C00
12848 (1024) read 0x343000
12849 (1024) read 0x343400
12850 (1024) read 0x343800
12851 (1024) read 0x343C00
12852 (1024) read 0x363000
12853 (1024) read 0x363400
12854 (1024) read 0x363800
12855 (1024) read 0x363C00
12856 (1024) read 0x383000
12857 (1024) read 0x383400
12858 (1024) read 0x383800
12859 (1024) read 0x383C00
12860 (1024) read 0x3A3000
12861 (1024) read 0x3A3400
12862 (1024) read 0x3A3800
12863 (1024) read 0x3A3C00
12864 (1024) read 0x344000
12865 (1024) read 0x344400
12866 (1024) read 0x344800
12867 (1024) read 0x344C00
12868 (1024) read 0x364000
12869 (1024) read 0x364400
12870 (1024) read 0x364800
12871 (1024) read 0x364C00
12872 (1024) read 0x384000
12873 (1024) read 0x384400
12874 (1024) read 0x384800
12875 (1024) read 0x384C00
12876 (1024) read 0x3A4000
12877 (1024) read 0x3A4400
12878 (1024) read 0x3A4800
12879 (1024) read 0x3A4C00
12880 (1024) read 0x345000
12881 (1024) read 0x345400
12882 (1024) read 0x345800
12883 (1024) read 0x345C00
12884 (1024) read 0x365000
12885 (1024) read 0x365400
12886 (1024) read 0x365800
12887 (1024) read 0x365C00
12888 (1024) read 0x385000
12889 (1024) read 0x385400
12890 (1024) read 0x385800
12891 (1024) read 0x385C00
12892 (1024) read 0x3A5000
12893 (1024) read 0x3A5400
12894 (1024) read 0x3A5800
12895 (1024) read 0x3A5C00
12896 (1024) read 0x346000
12897 (1024) read 0x346400
12898 (1024) read 0x346800
12899 (1024) read 0x346C00
12900 (1024) read 0x366000
12901 (1024) read 0x366400
12902 (1024) read 0x366800
12903 (1024) read 0x366C00
12904 (1024) read 0x386000
12905 (1024) read 0x386400
12906 (1024) read 0x386800
12907 (1024) read 0x386C00
12908 (1024) read 0x3A6000
12909 (1024) read 0x3A6400
12910 (1024) read 0x3A6800
12911 (1024) read 0x3A6C00
12912 (1024) read 0x347000
12913 (1024) read 0x347400
12914 (1024) read 0x347800
12915 (1024) read 0x347C00
12916 (1024) read 0x367000
12917 (1024) read 0x367400
12918 (1024) read 0x367800
12919 (1024) read 0x367C00
12920 (1024) read 0x387000
12921 (1024) read 0x387400
12922 (1024) read 0x387800
12923 (1024) read 0x387C00
12924 (1024) read 0x3A7000
12925 (1024) read 0x3A7400
12926 (1024) read 0x3A7800
12927 (1024) read 0x3A7C00
12928 (1024) read 0x348000
12929 (1024) read 0x348400
12930 (1024) read 0x348800
12931 (1024) read 0x348C00
12932 (1024) read 0x368000
12933 (1024) read 0x368400
12934 (1024) read 0x368800
12935 (1024) read 0x368C00
12936 (1024) read 0x388000
12937 (1024) read 0x388400
12938 (1024) read 0x388800
12939 (1024) read 0x388C00
12940 (1024) read 0x3A8000
12941 (1024) read 0x3A8400
12942 (1024) read 0x3A8800
12943 (1024) read 0x3A8C00
12944 (1024) read 0x349000
12945 (1024) read 0x349400
12946 (1024) read 0x349800
12947 (1024) read 0x349C00
12948 (1024) read 0x369000
12949 (1024) read 0x369400
12950 (1024) read 0x369800
12951 (1024) read 0x369C00
12952 (1024) read 0x389000
12953 (1024) read 0x389400
12954 (1024) read 0x389800
12955 (1024) read 0x389C00
12956 (1024) read 0x3A9000
12957 (1024) read 0x3A9400
12958 (1024) read 0x3A9800
12959 (1024) read 0x3A9C00
12960 (1024) read 0x34A000
12961 (1024) read 0x34A400
12962 (1024) read 0x34A800
12963 (1024) read 0x34AC00
12964 (1024) read 0x36A000
12965 (1024) read 0x36A400
12966 (1024) read 0x36A800
12967 (1024) read 0x36AC00
12968 (1024) read 0x38A000
12969 (1024) read 0x38A400
12970 (1024) read 0x38A800
12971 (1024) read 0x38AC00
12972 (1024) read 0x3AA000
12973 (1024) read 0x3AA400
12974 (1024) read 0x3AA800
12975 (1024) read 0x3AAC00
12976 (1024) read 0x34B000
12977 (1024) read 0x34B400
12978 (1024) read 0x34B800
12979 (1024) read 0x34BC00
12980 (1024) read 0x36B000
12981 (1024) read 0x36B400
12982 (1024) read 0x36B800
12983 (1024) read 0x36BC00
12984 (1024) read 0x38B000
12985 (1024) read 0x38B400
12986 (1024) read 0x38B800
12987 (1024) read 0x38BC00
12988 (1024) read 0x3AB000
12989 (1024) read 0x3AB400
12990 (1024) read 0x3AB800
12991 (1024) read 0x3ABC00
12992 (1024) read 0x34C000
12993 (1024) read 0x34C400
12994 (1024) read 0x34C800
12995 (1024) read 0x34CC00
12996 (1024) read 0x36C000
12997 (1024) read 0x36C400
12998 (1024) read 0x36C800
12999 (1024) read 0x36CC00
13000 (1024) read 0x38C000
13001 (1024) read 0x38C400
13002 (1024) read 0x38C800
13003 (1024) read 0x38CC00
13004 (1024) read 0x3AC000
13005 (1024) read 0x3AC400
13006 (1024) read 0x3AC800
13007 (1024) read 0x3ACC00
13008 (1024) read 0x34D000
13009 (1024) read 0x34D400
13010 (1024) read 0x34D800
13011 (1024) read 0x34DC00
13012 (1024) read 0x36D000
13013 (1024) read 0x36D400
13014 (1024) read 0x36D800
13015 (1024) read 0x36DC00
13016 (1024) read 0x38D000
13017 (1024) read 0x38D400
13018 (1024) read 0x38D800
13019 (1024) read 0x38DC00
13020 (1024) read 0x3AD000
13021 (1024) read 0x3AD400
13022 (1024) read 0x3AD800
13023 (1024) read 0x3ADC00
13024 (1024) read 0x34E000
13025 (1024) read 0x34E400
13026 (1024) read 0x34E800
13027 (1024) read 0x34EC00
13028 (1024) read 0x36E000
13029 (1024) read 0x36E400
13030 (1024) read 0x36E800
13031 (1024) read 0x36EC00
13032 (1024) read 0x38E000
13033 (1024) read 0x38E400
13034 (1024) read 0x38E800
13035 (1024) read 0x38EC00
13036 (1024) read 0x3AE000
13037 (1024) read 0x3AE400
13038 (1024) read 0x3AE800
13039 (1024) read 0x3AEC00
13040 (1024) read 0x34F000
13041 (1024) read 0x34F400
13042 (1024) read 0x34F800
13043 (1024) read 0x34FC00
13044 (1024) read 0x36F000
13045 (1024) read 0x36F400
13046 (1024) read 0x36F800
13047 (1024) read 0x36FC00
13048 (1024) read 0x38F000
13049 (1024) read 0x38F400
13050 (1024) read 0x38F800
13051 (1024) read 0x38FC00
13052 (1024) read 0x3AF000
13053 (1024) read 0x3AF400
13054 (1024) read 0x3AF800
13055 (1024) read 0x3AFC00
13056 (1024) read 0x350000
13057 (1024) read 0x350400
13058 (1024) read 0x350800
13059 (1024) read 0x350C00
13060 (1024) read 0x370000
13061 (1024) read 0x370400
13062 (1024) read 0x370800
13063 (1024) read 0x370C00
13064 (1024) read 0x390000
13065 (1024) read 0x390400
13066 (1024) read 0x390800
13067 (1024) read 0x390C00
13068 (1024) read 0x3B0000
13069 (1024) read 0x3B0400
13070 (1024) read 0x3B0800
13071 (1024) read 0x3B0C00
13072 (1024) read 0x351000
13073 (1024) read 0x351400
13074 (1024) read 0x351800
13075 (1024) read 0x351C00
13076 (1024) read 0x371000
13077 (1024) read 0x371400
13078 (1024) read 0x371800
13079 (1024) read 0x371C00
13080 (1024) read 0x391000
13081 (1024) read 0x391400
13082 (1024) read 0x391800
13083 (1024) read 0x391C00
13084 (1024) read 0x3B1000
13085 (1024) read 0x3B1400
13086 (1024) read 0x3B1800
13087 (1024) read 0x3B1C00
13088 (1024) read 0x352000
13089 (1024) read 0x352400
13090 (1024) read 0x352800
13091 (1024) read 0x352C00
13092 (1024) read 0x372000
13093 (1024) read 0x372400
13094 (1024) read 0x372800
13095 (1024) read 0x372C00
13096 (1024) read 0x392000
13097 (1024) read 0x392400
13098 (1024) read 0x392800
13099 (1024) read 0x392C00
13100 (1024) read 0x3B2000
13101 (1024) read 0x3B2400
13102 (1024) read 0x3B2800
13103 (1024) read 0x3B2C00
13104 (1024) read 0x353000
13105 (1024) read 0x353400
13106 (1024) read 0x353800
13107 (1024) read 0x353C00
13108 (1024) read 0x373000
13109 (1024) read 0x373400
13110 (1024) read 0x373800
13111 (1024) read 0x373C00
13112 (1024) read 0x393000
13113 (1024) read 0x393400
13114 (1024) read 0x393800
13115 (1024) read 0x393C00
13116 (1024) read 0x3B3000
13117 (1024) read 0x3B3400
13118 (1024) read 0x3B3800
13119 (1024) read 0x3B3C00
13120 (1024) read 0x354000
13121 (1024) read 0x354400
13122 (1024) read 0x354800
13123 (1024) read 0x354C00
13124 (1024) read 0x374000
13125 (1024) read 0x374400
13126 (1024) read 0x374800
13127 (1024) read 0x374C00
13128 (1024) read 0x394000
13129 (1024) read 0x394400
13130 (1024) read 0x394800
13131 (1024) read 0x394C00
13132 (1024) read 0x3B4000
13133 (1024) read 0x3B4400
13134 (1024) read 0x3B4800
13135 (1024) read 0x3B4C00
13136 (1024) read 0x355000
13137 (1024) read 0x355400
13138 (1024) read 0x355800
13139 (1024) read 0x355C00
13140 (1024) read 0x375000
13141 (1024) read 0x375400
13142 (1024) read 0x375800
13143 (1024) read 0x375C00
13144 (1024) read 0x395000
13145 (1024) read 0x395400
13146 (1024) read 0x395800
13147 (1024) read 0x395C00
13148 (1024) read 0x3B5000
13149 (1024) read 0x3B5400
13150 (1024) read 0x3B5800
13151 (1024) read 0x3B5C00
13152 (1024) read 0x356000
13153 (1024) read 0x356400
13154 (1024) read 0x356800
13155 (1024) read 0x356C00
13156 (1024) read 0x376000
13157 (1024) read 0x376400
13158 (1024) read 0x376800
13159 (1024) read 0x376C00
13160 (1024) read 0x396000
13161 (1024) read 0x396400
13162 (1024) read 0x396800
13163 (1024) read 0x396C00
13164 (1024) read 0x3B6000
13165 (1024) read 0x3B6400
13166 (1024) read 0x3B6800
13167 (1024) read 0x3B6C00
13168 (1024) read 0x357000
13169 (1024) read 0x357400
13170 (1024) read 0x357800
13171 (1024) read 0x357C00
13172 (1024) read 0x377000
13173 (1024) read 0x377400
13174 (1024) read 0x377800
13175 (1024) read 0x377C00
13176 (1024) read 0x397000
13177 (1024) read 0x397400
13178 (1024) read 0x397800
13179 (1024) read 0x397C00
13180 (1024) read 0x3B7000
13181 (1024) read 0x3B7400
13182 (1024) read 0x3B7800
13183 (1024) read 0x3B7C00
13184 (1024) read 0x358000
13185 (1024) read 0x358400
13186 (1024) read 0x358800
13187 (1024) read 0x358C00
13188 (1024) read 0x378000
13189 (1024) read 0x378400
13190 (1024) read 0x378800
13191 (1024) read 0x378C00
13192 (1024) read 0x398000
13193 (1024) read 0x398400
13194 (1024) read 0x398800
13195 (1024) read 0x398C00
13196 (1024) read 0x3B8000
13197 (1024) read 0x3B8400
13198 (1024) read 0x3B8800
13199 (1024) read 0x3B8C00
13200 (1024) read 0x359000
13201 (1024) read 0x359400
13202 (1024) read 0x359800
13203 (1024) read 0x359C00
13204 (1024) read 0x379000
13205 (1024) read 0x379400
13206 (1024) read 0x379800
13207 (1024) read 0x379C00
13208 (1024) read 0x399000
13209 (1024) read 0x399400
13210 (1024) read 0x399800
13211 (1024) read 0x399C00
13212 (1024) read 0x3B9000
13213 (1024) read 0x3B9400
13214 (1024) read 0x3B9800
13215 (1024) read 0x3B9C00
13216 (1024) read 0x35A000
13217 (1024) read 0x35A400
13218 (1024) read 0x35A800
13219 (1024) read 0x35AC00
13220 (1024) read 0x37A000
13221 (1024) read 0x37A400
13222 (1024) read 0x37A800
13223 (1024) read 0x37AC00
13224 (1024) read 0x39A000
13225 (1024) read 0x39A400
13226 (1024) read 0x39A800
13227 (1024) read 0x39AC00
13228 (1024) read 0x3BA000
13229 (1024) read 0x3BA400
13230 (1024) read 0x3BA800
13231 (1024) read 0x3BAC00
13232 (1024) read 0x35B000
13233 (1024) read 0x35B400
13234 (1024) read 0x35B800
13235 (1024) read 0x35BC00
13236 (1024) read 0x37B000
13237 (1024) read 0x37B400
13238 (1024) read 0x37B800
13239 (1024) read 0x37BC00
13240 (1024) read 0x39B000
13241 (1024) read 0x39B400
13242 (1024) read 0x39B800
13243 (1024) read 0x39BC00
13244 (1024) read 0x3BB000
13245 (1024) read 0x3BB400
13246 (1024) read 0x3BB800
13247 (1024) read 0x3BBC00
13248 (1024) read 0x35C000
13249 (1024) read 0x35C400
13250 (1024) read 0x35C800
13251 (1024) read 0x35CC00
13252 (1024) read 0x37C000
13253 (1024) read 0x37C400
13254 (1024) read 0x37C800
13255 (1024) read 0x37CC00
13256 (1024) read 0x39C000
13257 (1024) read 0x39C400
13258 (1024) read 0x39C800
13259 (1024) read 0x39CC00
13260 (1024) read 0x3BC000
13261 (1024) read 0x3BC400
13262 (1024) read 0x3BC800
13263 (1024) read 0x3BCC00
13264 (1024) read 0x35D000
13265 (1024) read 0x35D400
13266 (1024) read 0x35D800
13267 (1024) read 0x35DC00
13268 (1024) read 0x37D000
13269 (1024) read 0x37D400
13270 (1024) read 0x37D800
13271 (1024) read 0x37DC00
13272 (1024) read 0x39D000
13273 (1024) read 0x39D400
13274 (1024) read 0x39D800
13275 (1024) read 0x39DC00
13276 (1024) read 0x3BD000
13277 (1024) read 0x3BD400
13278 (1024) read 0x3BD800
13279 (1024) read 0x3BDC00
13280 (1024) read 0x35E000
13281 (1024) read 0x35E400
13282 (1024) read 0x35E800
13283 (1024) read 0x35EC00
13284 (1024) read 0x37E000
13285 (1024) read 0x37E400
13286 (1024) read 0x37E800
13287 (1024) read 0x37EC00
13288 (1024) read 0x39E000
13289 (1024) read 0x39E400
13290 (1024) read 0x39E800
13291 (1024) read 0x39EC00
13292 (1024) read 0x3BE000
13293 (1024) read 0x3BE400
13294 (1024) read 0x3BE800
13295 (1024) read 0x3BEC00
13296 (1024) read 0x35F000
13297 (1024) read 0x35F400
13298 (1024) read 0x35F800
13299 (1024) read 0x35FC00
13300 (1024) read 0x37F000
13301 (1024) read 0x37F400
13302 (1024) read 0x37F800
13303 (1024) read 0x37FC00
13304 (1024) read 0x39F000
13305 (1024) read 0x39F400
13306 (1024) read 0x39F800
13307 (1024) read 0x39FC00
13308 (1024) read 0x3BF000
13309 (1024) read 0x3BF400
13310 (1024) read 0x3BF800
13311 (1024) read 0x3BFC00
13312 (1024) read 0x360000
13313 (1024) read 0x360400
13314 (1024) read 0x360800
13315 (1024) read 0x360C00
13316 (1024) read 0x380000
13317 (1024) read 0x380400
13318 (1024) read 0x380800
13319 (1024) read 0x380C00
13320 (1024) read 0x3A0000
13321 (1024) read 0x3A0400
13322 (1024) read 0x3A0800
13323 (1024) read 0x3A0C00
13324 (1024) read 0x3C0000
13325 (1024) read 0x3C0400
13326 (1024) read 0x3C0800
13327 (1024) read 0x3C0C00
13328 (1024) read 0x361000
13329 (1024) read 0x361400
13330 (1024) read 0x361800
13331 (1024) read 0x361C00
13332 (1024) read 0x381000
13333 (1024) read 0x381400
13334 (1024) read 0x381800
13335 (1024) read 0x381C00
13336 (1024) read 0x3A1000
13337 (1024) read 0x3A1400
13338 (1024) read 0x3A1800
13339 (1024) read 0x3A1C00
13340 (1024) read 0x3C1000
13341 (1024) read 0x3C1400
13342 (1024) read 0x3C1800
13343 (1024) read 0x3C1C00
13344 (1024) read 0x362000
13345 (1024) read 0x362400
13346 (1024) read 0x362800
13347 (1024) read 0x362C00
13348 (1024) read 0x382000
13349 (1024) read 0x382400
13350 (1024) read 0x382800
13351 (1024) read 0x382C00
13352 (1024) read 0x3A2000
13353 (1024) read 0x3A2400
13354 (1024) read 0x3A2800
13355 (1024) read 0x3A2C00
13356 (1024) read 0x3C2000
13357 (1024) read 0x3C2400
13358 (1024) read 0x3C2800
13359 (1024) read 0x3C2C00
13360 (1024) read 0x363000
13361 (1024) read 0x363400
13362 (1024) read 0x363800
13363 (1024) read 0x363C00
13364 (1024) read 0x383000
13365 (1024) read 0x383400
13366 (1024) read 0x383800
13367 (1024) read 0x383C00
13368 (1024) read 0x3A3000
13369 (1024) read 0x3A3400
13370 (1024) read 0x3A3800
13371 (1024) read 0x3A3C00
13372 (1024) read 0x3C3000
13373 (1024) read 0x3C3400
13374 (1024) read 0x3C3800
13375 (1024) read 0x3C3C00
13376 (1024) read 0x364000
13377 (1024) read 0x364400
13378 (1024) read 0x364800
13379 (1024) read 0x364C00
13380 (1024) read 0x384000
13381 (1024) read 0x384400
13382 (1024) read 0x384800
13383 (1024) read 0x384C00
13384 (1024) read 0x3A4000
13385 (1024) read 0x3A4400
13386 (1024) read 0x3A4800
13387 (1024) read 0x3A4C00
13388 (1024) read 0x3C4000
13389 (1024) read 0x3C4400
13390 (1024) read 0x3C4800
13391 (1024) read 0x3C4C00
13392 (1024) read 0x365000
13393 (1024) read 0x365400
13394 (1024) read 0x365800
13395 (1024) read 0x365C00
13396 (1024) read 0x385000
13397 (1024) read 0x385400
13398 (1024) read 0x385800
13399 (1024) read 0x385C00
13400 (1024) read 0x3A5000
13401 (1024) read 0x3A5400
13402 (1024) read 0x3A5800
13403 (1024) read 0x3A5C00
13404 (1024) read 0x3C5000
13405 (1024) read 0x3C5400
13406 (1024) read 0x3C5800
13407 (1024) read 0x3C5C00
13408 (1024) read 0x366000
13409 (1024) read 0x366400
13410 (1024) read 0x366800
13411 (1024) read 0x366C00
13412 (1024) read 0x386000
13413 (1024) read 0x386400
13414 (1024) read 0x386800
13415 (1024) read 0x386C00
13416 (1024) read 0x3A6000
13417 (1024) read 0x3A6400
13418 (1024) read 0x3A6800
13419 (1024) read 0x3A6C00
13420 (1024) read 0x3C6000
13421 (1024) read 0x3C6400
13422 (1024) read 0x3C6800
13423 (1024) read 0x3C6C00
13424 (1024) read 0x367000
13425 (1024) read 0x367400
13426 (1024) read 0x367800
13427 (1024) read 0x367C00
13428 (1024) read 0x387000
13429 (1024) read 0x387400
13430 (1024) read 0x387800
13431 (1024) read 0x387C00
13432 (1024) read 0x3A7000
13433 (1024) read 0x3A7400
13434 (1024) read 0x3A7800
13435 (1024) read 0x3A7C00
13436 (1024) read 0x3C7000
13437 (1024) read 0x3C7400
13438 (1024) read 0x3C7800
13439 (1024) read 0x3C7C00
13440 (1024) read 0x368000
13441 (1024) read 0x368400
13442 (1024) read 0x368800
13443 (1024) read 0x368C00
13444 (1024) read 0x388000
13445 (1024) read 0x388400
13446 (1024) read 0x388800
13447 (1024) read 0x388C00
13448 (1024) read 0x3A8000
13449 (1024) read 0x3A8400
13450 (1024) read 0x3A8800
13451 (1024) read 0x3A8C00
13452 (1024) read 0x3C8000
13453 (1024) read 0x3C8400
13454 (1024) read 0x3C8800
13455 (1024) read 0x3C8C00
13456 (1024) read 0x369000
13457 (1024) read 0x369400
13458 (1024) read 0x369800
13459 (1024) read 0x369C00
13460 (1024) read 0x389000
13461 (1024) read 0x389400
13462 (1024) read 0x389800
13463 (1024) read 0x389C00
13464 (1024) read 0x3A9000
13465 (1024) read 0x3A9400
13466 (1024) read 0x3A9800
13467 (1024) read 0x3A9C00
13468 (1024) read 0x3C9000
13469 (1024) read 0x3C9400
13470 (1024) read 0x3C9800
13471 (1024) read 0x3C9C00
13472 (1024) read 0x36A000
13473 (1024) read 0x36A400
13474 (1024) read 0x36A800
13475 (1024) read 0x36AC00
13476 (1024) read 0x38A000
13477 (1024) read 0x38A400
13478 (1024) read 0x38A800
13479 (1024) read 0x38AC00
13480 (1024) read 0x3AA000
13481 (1024) read 0x3AA400
13482 (1024) read 0x3AA800
13483 (1024) read 0x3AAC00
13484 (1024) read 0x3CA000
13485 (1024) read 0x3CA400
13486 (1024) read 0x3CA800
13487 (1024) read 0x3CAC00
13488 (1024) read 0x36B000
13489 (1024) read 0x36B400
13490 (1024) read 0x36B800
13491 (1024) read 0x36BC00
13492 (1024) read 0x38B000
13493 (1024) read 0x38B400
13494 (1024) read 0x38B800
13495 (1024) read 0x38BC00
13496 (1024) read 0x3AB000
13497 (1024) read 0x3AB400
13498 (1024) read 0x3AB800
13499 (1024) read 0x3ABC00
13500 (1024) read 0x3CB000
13501 (1024) read 0x3CB400
13502 (1024) read 0x3CB800
13503 (1024) read 0x3CBC00
13504 (1024) read 0x36C000
13505 (1024) read 0x36C400
13506 (1024) read 0x36C800
13507 (1024) read 0x36CC00
13508 (1024) read 0x38C000
13509 (1024) read 0x38C400
13510 (1024) read 0x38C800
13511 (1024) read 0x38CC00
13512 (1024) read 0x3AC000
13513 (1024) read 0x3AC400
13514 (1024) read 0x3AC800
13515 (1024) read 0x3ACC00
13516 (1024) read 0x3CC000
13517 (1024) read 0x3CC400
13518 (1024) read 0x3CC800
13519 (1024) read 0x3CCC00
13520 (1024) read 0x36D000
13521 (1024) read 0x36D400
13522 (1024) read 0x36D800
13523 (1024) read 0x36DC00
13524 (1024) read 0x38D000
13525 (1024) read 0x38D400
13526 (1024) read 0x38D800
13527 (1024) read 0x38DC00
13528 (1024) read 0x3AD000
13529 (1024) read 0x3AD400
13530 (1024) read 0x3AD800
13531 (1024) read 0x3ADC00
13532 (1024) read 0x3CD000
13533 (1024) read 0x3CD400
13534 (1024) read 0x3CD800
13535 (1024) read 0x3CDC00
13536 (1024) read 0x36E000
13537 (1024) read 0x36E400
13538 (1024) read 0x36E800
13539 (1024) read 0x36EC00
13540 (1024) read 0x38E000
13541 (1024) read 0x38E400
13542 (1024) read 0x38E800
13543 (1024) read 0x38EC00
13544 (1024) read 0x3AE000
13545 (1024) read 0x3AE400
13546 (1024) read 0x3AE800
13547 (1024) read 0x3AEC00
13548 (1024) read 0x3CE000
13549 (1024) read 0x3CE400
13550 (1024) read 0x3CE800
13551 (1024) read 0x3CEC00
13552 (1024) read 0x36F000
13553 (1024) read 0x36F400
13554 (1024) read 0x36F800
13555 (1024) read 0x36FC00
13556 (1024) read 0x38F000
13557 (1024) read 0x38F400
13558 (1024) read 0x38F800
13559 (1024) read 0x38FC00
13560 (1024) read 0x3AF000
13561 (1024) read 0x3AF400
13562 (1024) read 0x3AF800
13563 (1024) read 0x3AFC00
13564 (1024) read 0x3CF000
13565 (1024) read 0x3CF400
13566 (1024) read 0x3CF800
13567 (1024) read 0x3CFC00
13568 (1024) read 0x370000
13569 (1024) read 0x370400
13570 (1024) read 0x370800
13571 (1024) read 0x370C00
13572 (1024) read 0x390000
13573 (1024) read 0x390400
13574 (1024) read 0x390800
13575 (1024) read 0x390C00
13576 (1024) read 0x3B0000
13577 (1024) read 0x3B0400
13578 (1024) read 0x3B0800
13579 (1024) read 0x3B0C00
13580 (1024) read 0x3D0000
13581 (1024) read 0x3D0400
13582 (1024) read 0x3D0800
13583 (1024) read 0x3D0C00
13584 (1024) read 0x371000
13585 (1024) read 0x371400
13586 (1024) read 0x371800
13587 (1024) read 0x371C00
13588 (1024) read 0x391000
13589 (1024) read 0x391400
13590 (1024) read 0x391800
13591 (1024) read 0x391C00
13592 (1024) read 0x3B1000
13593 (1024) read 0x3B1400
13594 (1024) read 0x3B1800
13595 (1024) read 0x3B1C00
13596 (1024) read 0x3D1000
13597 (1024) read 0x3D1400
13598 (1024) read 0x3D1800
13599 (1024) read 0x3D1C00
13600 (1024) read 0x372000
13601 (1024) read 0x372400
13602 (1024) read 0x372800
13603 (1024) read 0x372C00
13604 (1024) read 0x392000
13605 (1024) read 0x392400
13606 (1024) read 0x392800
13607 (1024) read 0x392C00
13608 (1024) read 0x3B2000
13609 (1024) read 0x3B2400
13610 (1024) read 0x3B2800
13611 (1024) read 0x3B2C00
13612 (1024) read 0x3D2000
13613 (1024) read 0x3D2400
13614 (1024) read 0x3D2800
13615 (1024) read 0x3D2C00
13616 (1024) read 0x373000
13617 (1024) read 0x373400
13618 (1024) read 0x373800
13619 (1024) read 0x373C00
13620 (1024) read 0x393000
13621 (1024) read 0x393400
13622 (1024) read 0x393800
13623 (1024) read 0x393C00
13624 (1024) read 0x3B3000
13625 (1024) read 0x3B3400
13626 (1024) read 0x3B3800
13627 (1024) read 0x3B3C00
13628 (1024) read 0x3D3000
13629 (1024) read 0x3D3400
13630 (1024) read 0x3D3800
13631 (1024) read 0x3D3C00
13632 (1024) read 0x374000
13633 (1024) read 0x374400
13634 (1024) read 0x374800
13635 (1024) read 0x374C00
13636 (1024) read 0x394000
13637 (1024) read 0x394400
13638 (1024) read 0x394800
13639 (1024) read 0x394C00
13640 (1024) read 0x3B4000
13641 (1024) read 0x3B4400
13642 (1024) read 0x3B4800
13643 (1024) read 0x3B4C00
13644 (1024) read 0x3D4000
13645 (1024) read 0x3D4400
13646 (1024) read 0x3D4800
13647 (1024) read 0x3D4C00
13648 (1024) read 0x375000
13649 (1024) read 0x375400
13650 (1024) read 0x375800
13651 (1024) read 0x375C00
13652 (1024) read 0x395000
13653 (1024) read 0x395400
13654 (1024) read 0x395800
13655 (1024) read 0x395C00
13656 (1024) read 0x3B5000
13657 (1024) read 0x3B5400
13658 (1024) read 0x3B5800
13659 (1024) read 0x3B5C00
13660 (1024) read 0x3D5000
13661 (1024) read 0x3D5400
13662 (1024) read 0x3D5800
13663 (1024) read 0x3D5C00
13664 (1024) read 0x376000
13665 (1024) read 0x376400
13666 (1024) read 0x376800
13667 (1024) read 0x376C00
13668 (1024) read 0x396000
13669 (1024) read 0x396400
13670 (1024) read 0x396800
13671 (1024) read 0x396C00
13672 (1024) read 0x3B6000
13673 (1024) read 0x3B6400
13674 (1024) read 0x3B6800
13675 (1024) read 0x3B6C00
13676 (1024) read 0x3D6000
13677 (1024) read 0x3D6400
13678 (1024) read 0x3D6800
13679 (1024) read 0x3D6C00
13680 (1024) read 0x377000
13681 (1024) read 0x377400
13682 (1024) read 0x377800
13683 (1024) read 0x377C00
13684 (1024) read 0x397000
13685 (1024) read 0x397400
13686 (1024) read 0x397800
13687 (1024) read 0x397C00
13688 (1024) read 0x3B7000
13689 (1024) read 0x3B7400
13690 (1024) read 0x3B7800
13691 (1024) read 0x3B7C00
13692 (1024) read 0x3D7000
13693 (1024) read 0x3D7400
13694 (1024) read 0x3D7800
13695 (1024) read 0x3D7C00
13696 (1024) read 0x378000
13697 (1024) read 0x378400
13698 (1024) read 0x378800
13699 (1024) read 0x378C00
13700 (1024) read 0x398000
13701 (1024) read 0x398400
13702 (1024) read 0x398800
13703 (1024) read 0x398C00
13704 (1024) read 0x3B8000
13705 (1024) read 0x3B8400
13706 (1024) read 0x3B8800
13707 (1024) read 0x3B8C00
13708 (1024) read 0x3D8000
13709 (1024) read 0x3D8400
13710 (1024) read 0x3D8800
13711 (1024) read 0x3D8C00
13712 (1024) read 0x379000
13713 (1024) read 0x379400
13714 (1024) read 0x379800
13715 (1024) read 0x379C00
13716 (1024) read 0x399000
13717 (1024) read 0x399400
13718 (1024) read 0x399800
13719 (1024) read 0x399C00
13720 (1024) read 0x3B9000
13721 (1024) read 0x3B9400
13722 (1024) read 0x3B9800
13723 (1024) read 0x3B9C00
13724 (1024) read 0x3D9000
13725 (1024) read 0x3D9400
13726 (1024) read 0x3D9800
13727 (1024) read 0x3D9C00
13728 (1024) read 0x37A000
13729 (1024) read 0x37A400
13730 (1024) read 0x37A800
13731 (1024) read 0x37AC00
13732 (1024) read 0x39A000
13733 (1024) read 0x39A400
13734 (1024) read 0x39A800
13735 (1024) read 0x39AC00
13736 (1024) read 0x3BA000
13737 (1024) read 0x3BA400
13738 (1024) read 0x3BA800
13739 (1024) read 0x3BAC00
13740 (1024) read 0x3DA000
13741 (1024) read 0x3DA400
13742 (1024) read 0x3DA800
13743 (1024) read 0x3DAC00
13744 (1024) read 0x37B000
13745 (1024) read 0x37B400
13746 (1024) read 0x37B800
13747 (1024) read 0x37BC00
13748 (1024) read 0x39B000
13749 (1024) read 0x39B400
13750 (1024) read 0x39B800
13751 (1024) read 0x39BC00
13752 (1024) read 0x3BB000
13753 (1024) read 0x3BB400
13754 (1024) read 0x3BB800
13755 (1024) read 0x3BBC00
13756 (1024) read 0x3DB000
13757 (1024) read 0x3DB400
13758 (1024) read 0x3DB800
13759 (1024) read 0x3DBC00
13760 (1024) read 0x37C000
13761 (1024) read 0x37C400
13762 (1024) read 0x37C800
13763 (1024) read 0x37CC00
13764 (1024) read 0x39C000
13765 (1024) read 0x39C400
13766 (1024) read 0x39C800
13767 (1024) read 0x39CC00
13768 (1024) read 0x3BC000
13769 (1024) read 0x3BC400
13770 (1024) read 0x3BC800
13771 (1024) read 0x3BCC00
13772 (1024) read 0x3DC000
13773 (1024) read 0x3DC400
13774 (1024) read 0x3DC800
13775 (1024) read 0x3DCC00
13776 (1024) read 0x37D000
13777 (1024) read 0x37D400
13778 (1024) read 0x37D800
13779 (1024) read 0x37DC00
13780 (1024) read 0x39D000
13781 (1024) read 0x39D400
13782 (1024) read 0x39D800
13783 (1024) read 0x39DC00
13784 (1024) read 0x3BD000
13785 (1024) read 0x3BD400
13786 (1024) read 0x3BD800
13787 (1024) read 0x3BDC00
13788 (1024) read 0x3DD000
13789 (1024) read 0x3DD400
13790 (1024) read 0x3DD800
13791 (1024) read 0x3DDC00
13792 (1024) read 0x37E000
13793 (1024) read 0x37E400
13794 (1024) read 0x37E800
13795 (1024) read 0x37EC00
13796 (1024) read 0x39E000
13797 (1024) read 0x39E400
13798 (1024) read 0x39E800
13799 (1024) read 0x39EC00
13800 (1024) read 0x3BE000
13801 (1024) read 0x3BE400
13802 (1024) read 0x3BE800
13803 (1024) read 0x3BEC00
13804 (1024) read 0x3DE000
13805 (1024) read 0x3DE400
13806 (1024) read 0x3DE800
13807 (1024) read 0x3DEC00
13808 (1024) read 0x37F000
13809 (1024) read 0x37F400
13810 (1024) read 0x37F800
13811 (1024) read 0x37FC00
13812 (1024) read 0x39F000
13813 (1024) read 0x39F400
13814 (1024) read 0x39F800
13815 (1024) read 0x39FC00
13816 (1024) read 0x3BF000
13817 (1024) read 0x3BF400
13818 (1024) read 0x3BF800
13819 (1024) read 0x3BFC00
13820 (1024) read 0x3DF000
13821 (1024) read 0x3DF400
13822 (1024) read 0x3DF800
13823 (1024) read 0x3DFC00
13824 (1024) read 0x380000
13825 (1024) read 0x380400
13826 (1024) read 0x380800
13827 (1024) read 0x380C00
13828 (1024) read 0x3A0000
13829 (1024) read 0x3A0400
13830 (1024) read 0x3A0800
13831 (1024) read 0x3A0C00
13832 (1024) read 0x3C0000
13833 (1024) read 0x3C0400
13834 (1024) read 0x3C0800
13835 (1024) read 0x3C0C00
13836 (1024) read 0x3E0000
13837 (1024) read 0x3E0400
13838 (1024) read 0x3E0800
13839 (1024) read 0x3E0C00
13840 (1024) read 0x381000
13841 (1024) read 0x381400
13842 (1024) read 0x381800
13843 (1024) read 0x381C00
13844 (1024) read 0x3A1000
13845 (1024) read 0x3A1400
13846 (1024) read 0x3A1800
13847 (1024) read 0x3A1C00
13848 (1024) read 0x3C1000
13849 (1024) read 0x3C1400
13850 (1024) read 0x3C1800
13851 (1024) read 0x3C1C00
13852 (1024) read 0x3E1000
13853 (1024) read 0x3E1400
13854 (1024) read 0x3E1800
13855 (1024) read 0x3E1C00
13856 (1024) read 0x382000
13857 (1024) read 0x382400
13858 (1024) read 0x382800
13859 (1024) read 0x382C00
13860 (1024) read 0x3A2000
13861 (1024) read 0x3A2400
13862 (1024) read 0x3A2800
13863 (1024) read 0x3A2C00
13864 (1024) read 0x3C2000
13865 (1024) read 0x3C2400
13866 (1024) read 0x3C2800
13867 (1024) read 0x3C2C00
13868 (1024) read 0x3E2000
13869 (1024) read 0x3E2400
13870 (1024) read 0x3E2800
13871 (1024) read 0x3E2C00
13872 (1024) read 0x383000
13873 (1024) read 0x383400
13874 (1024) read 0x383800
13875 (1024) read 0x383C00
13876 (1024) read 0x3A3000
13877 (1024) read 0x3A3400
13878 (1024) read 0x3A3800
13879 (1024) read 0x3A3C00
13880 (1024) read 0x3C3000
13881 (1024) read 0x3C3400
13882 (1024) read 0x3C3800
13883 (1024) read 0x3C3C00
13884 (1024) read 0x3E3000
13885 (1024) read 0x3E3400
13886 (1024) read 0x3E3800
13887 (1024) read 0x3E3C00
13888 (1024) read 0x384000
13889 (1024) read 0x384400
13890 (1024) read 0x384800
13891 (1024) read 0x384C00
13892 (1024) read 0x3A4000
13893 (1024) read 0x3A4400
13894 (1024) read 0x3A4800
13895 (1024) read 0x3A4C00
13896 (1024) read 0x3C4000
13897 (1024) read 0x3C4400
13898 (1024) read 0x3C4800
13899 (1024) read 0x3C4C00
13900 (1024) read 0x3E4000
13901 (1024) read 0x3E4400
13902 (1024) read 0x3E4800
13903 (1024) read 0x3E4C00
13904 (1024) read 0x385000
13905 (1024) read 0x385400
13906 (1024) read 0x385800
13907 (1024) read 0x385C00
13908 (1024) read 0x3A5000
13909 (1024) read 0x3A5400
13910 (1024) read 0x3A5800
13911 (1024) read 0x3A5C00
13912 (1024) read 0x3C5000
13913 (1024) read 0x3C5400
13914 (1024) read 0x3C5800
13915 (1024) read 0x3C5C00
13916 (1024) read 0x3E5000
13917 (1024) read 0x3E5400
13918 (1024) read 0x3E5800
13919 (1024) read 0x3E5C00
13920 (1024) read 0x386000
13921 (1024) read 0x386400
13922 (1024) read 0x386800
13923 (1024) read 0x386C00
13924 (1024) read 0x3A6000
13925 (1024) read 0x3A6400
13926 (1024) read 0x3A6800
13927 (1024) read 0x3A6C00
13928 (1024) read 0x3C6000
13929 (1024) read 0x3C6400
13930 (1024) read 0x3C6800
13931 (1024) read 0x3C6C00
13932 (1024) read 0x3E6000
13933 (1024) read 0x3E6400
13934 (1024) read 0x3E6800
13935 (1024) read 0x3E6C00
13936 (1024) read 0x387000
13937 (1024) read 0x387400
13938 (1024) read 0x387800
13939 (1024) read 0x387C00
13940 (1024) read 0x3A7000
13941 (1024) read 0x3A7400
13942 (1024) read 0x3A7800
13943 (1024) read 0x3A7C00
13944 (1024) read 0x3C7000
13945 (1024) read 0x3C7400
13946 (1024) read 0x3C7800
13947 (1024) read 0x3C7C00
13948 (1024) read 0x3E7000
13949 (1024) read 0x3E7400
13950 (1024) read 0x3E7800
13951 (1024) read 0x3E7C00
13952 (1024) read 0x388000
13953 (1024) read 0x388400
13954 (1024) read 0x388800
13955 (1024) read 0x388C00
13956 (1024) read 0x3A8000
13957 (1024) read 0x3A8400
13958 (1024) read 0x3A8800
13959 (1024) read 0x3A8C00
13960 (1024) read 0x3C8000
13961 (1024) read 0x3C8400
13962 (1024) read 0x3C8800
13963 (1024) read 0x3C8C00
13964 (1024) read 0x3E8000
13965 (1024) read 0x3E8400
13966 (1024) read 0x3E8800
13967 (1024) read 0x3E8C00
13968 (1024) read 0x389000
13969 (1024) read 0x389400
13970 (1024) read 0x389800
13971 (1024) read 0x389C00
13972 (1024) read 0x3A9000
13973 (1024) read 0x3A9400
13974 (1024) read 0x3A9800
13975 (1024) read 0x3A9C00
13976 (1024) read 0x3C9000
13977 (1024) read 0x3C9400
13978 (1024) read 0x3C9800
13979 (1024) read 0x3C9C00
13980 (1024) read 0x3E9000
13981 (1024) read 0x3E9400
13982 (1024) read 0x3E9800
13983 (1024) read 0x3E9C00
13984 (1024) read 0x38A000
13985 (1024) read 0x38A400
13986 (1024) read 0x38A800
13987 (1024) read 0x38AC00
13988 (1024) read 0x3AA000
13989 (1024) read 0x3AA400
13990 (1024) read 0x3AA800
13991 (1024) read 0x3AAC00
13992 (1024) read 0x3CA000
13993 (1024) read 0x3CA400
13994 (1024) read 0x3CA800
13995 (1024) read 0x3CAC00
13996 (1024) read 0x3EA000
13997 (1024) read 0x3EA400
13998 (1024) read 0x3EA800
13999 (1024) read 0x3EAC00
